Municipality;Address;Building;Year_of_listing;Year_of_construction;Period;Description;Full_address;Latitude;Longitude
Aabenraa;Slotsmøllevej 1 (tidl;Ved Slottet 1);1921;ca. 1550;Renaissance;Aabenraa Slotsvandmølle. Vandmøllebygningen (ca. 1550). Fredet 1921.*;Slotsmøllevej 1 (tidl, Aabenraa, Danmark;;
Aabenraa;Store Pottergade 11;Store Pottergade 11;1977;1600;Renaissance;Det trefags forhus (østlige våning i boderækken fra slutn. af 1600-tallet, gadesidens stueetage grundmuret mellem 1744 og 1754 og 2. etage mellem 1805 og 1815). Fredet 1977.*;Store Pottergade 11, Aabenraa, Danmark;55,0448200;9,4176960
Aabenraa;Storegade 11;Storegade 11;1977;1610;Renaissance;Det 10 fag dybe bindingsværksgavlhus (kort efter 1610, gavlen mod gaden grundmuret 1752, de seks forreste fag af sydsiden 1833). Fredet 1977.*;Storegade 11, Aabenraa, Danmark;55,0442740;9,4189500
Aabenraa;Vægterpladsen 3;Vægterpladsen 3;1921;1600;Renaissance;Forhuset, del af byens vægterhus (1600-tallet, grundmuret 1768, forhøjet med en etage i sidste del af 1800-tallet). Fredet 1921.*;Vægterpladsen 3, Aabenraa, Danmark;55,0448890;9,4163130
Aabenraa;Vægterpladsen 5, hj;af Store Pottergade;1971;1600;Renaissance;Vægterpladsen 5. Forhuset, del af byens vægterhus (1600-tallet, grundmuret 1768, ombygget kort efter 1827). Fredet 1971.*;Vægterpladsen 5, hj, Aabenraa, Danmark;;
Aabenraa;Brundlund Slot 1;Brundlund Slot, Amtmandsboligen;1921;ca. 1411-29;Medieval;Hovedbygningen og porthuset (ca. 1411-29, ca. 1581, ca. 1600-10 og 1805-07 af C.F. Hansen) samt det grundmurede hus i syd. Fredet 1921.;Brundlund Slot 1, Aabenraa, Danmark;55,0393460;9,4139690
Aabenraa;Egvadvej 20;Egvad Kirkestald;1971;middelalder;Medieval;Staldbygningen. Fredet 1971.*;Egvadvej 20, Aabenraa, Danmark;55,0765770;9,2529660
Aabenraa;Dyrhave 101;Eldorado;2000;1769;Classicism;Det firelængede gårdanlæg bestående af stuehuset (1769), huggehuset (formentlig 1769), de to sammenbyggede avlslænger (1769, ombygget 1926) samt de to forbindende mure med portåbninger. Fredet 2000.*;Dyrhave 101, Aabenraa, Danmark;55,0495490;9,4808850
Aabenraa;Fiskergade 8;Fiskergade 8;1971;1779;Classicism;Forhus og sidehus (opr. gavlhus med fløj langs gaden opført 1779 og ombygget 1805, dør og dørindfatning 1779). Fredet 1971.*;Fiskergade 8, Aabenraa, Danmark;55,0416760;9,4201290
Aabenraa;Flensborgvej 158;Bomhuset, Flensborgvej 158;1992;1847;Classicism;Bomhuset (1847). Fredet 1992.*;Flensborgvej 158, Aabenraa, Danmark;55,0224440;9,4306230
Aabenraa;Gildegade 15;Gildegade 15;1921;1752;Classicism;Dobbelthuset (1752). Fredet 1921.*;Gildegade 15, Aabenraa, Danmark;55,0422370;9,4207140
Aabenraa;Gildegade 5;Gildegade 5;1921;1775;Classicism;Det grundmurede, ni fag dybe gavlhus (opr. fire våninger, mellem 1775 og 1785). Fredet 1921.;Gildegade 5, Aabenraa, Danmark;55,0426340;9,4213120
Aabenraa;Gildegade 6;Gildegade 6;1977;1754;Classicism;Forhuset (den ndr. halvdel af dobbeltvåning, mellem 1754 og 1759, noget ændret ca. 1890). Fredet 1977.*;Gildegade 6, Aabenraa, Danmark;55,0427250;9,4208160
Aabenraa;Kirkeplads 7;Den gamle Pigeskole;1983;1755;Classicism;Forhuset (ca. 1755). Fredet 1983.;Kirkeplads 7, Aabenraa, Danmark;55,0445780;9,4175360
Aabenraa;Klinkbjerg 1;Klinkbjerg 1;1921;1752;Classicism;Det grundmurede, 11 fag dybe gavlhus (1752, delvis ombygget 1875). Fredet 1921.;Klinkbjerg 1, Aabenraa, Danmark;55,0466920;9,4163770
Aabenraa;Klinkbjerg 2;Klinkbjerg 2;1972;1835;Classicism;Forhuset (1835-36) og det bagved liggende bulhus (mellem 1754 og 1764). Fredet 1972.*;Klinkbjerg 2, Aabenraa, Danmark;55,0468440;9,4166030
Aabenraa;Lille Pottergade 4;Lille Pottergade 4;1977;1789;Classicism;Forhuset (1789). Fredet 1977.*;Lille Pottergade 4, Aabenraa, Danmark;55,0446600;9,4168180
Aabenraa;Nygade 59;Richelsens Stiftelse;1977;1845;Classicism;Forhuset (mellem 1845 og 1852). Fredet 1977.*;Nygade 59, Aabenraa, Danmark;55,0432410;9,4157720
Aabenraa;Persillegade 3 A-B;Jomfru Fannys Hus;1977;1752;Classicism;Forhusene (1752 og senere). Fredet 1977.*;Persillegade 3 A-B, Aabenraa, Danmark;55,0445275;9,4147364
Aabenraa;Præstegaardsvej 7;Felsted Præstegård;1932;1788;Classicism;Stuehuset og de to udlænger (1788). Fredet 1932.*;Præstegaardsvej 7, Aabenraa, Danmark;54,9769440;9,4959800
Aabenraa;Røllum Bygade 41;Jacobsgård;1986;1790;Classicism;Den trelængede gård (før 1790) med brolagt gårdsplads. Fredet 1986.*;Røllum Bygade 41, Aabenraa, Danmark;54,9904450;9,3903340
Aabenraa;Skibbrogade 14;Skibbrogade 14;1977;1825;Classicism;Det grundmurede forhus (formentlig mellem 1825 og 1830). Fredet 1977.*;Skibbrogade 14, Aabenraa, Danmark;55,0419240;9,4207180
Aabenraa;Skibbrogade 5;Skibbrogade 5;1977;1754;Classicism;Det grundmurede forhus og den hermed sammenbyggede sidebygning (mellem 1754 og 1764). Fredet 1977.*;Skibbrogade 5, Aabenraa, Danmark;55,0421710;9,4199030
Aabenraa;Skibbrogade 8;Skibbrogade 8;1971;1752;Classicism;Forhus og sidehus (ældre gavlhus med fløj langs gaden, ombygget og grundmuret 1752). Fredet 1971.*;Skibbrogade 8, Aabenraa, Danmark;55,0420550;9,4200230
Aabenraa;Skovbølgaardvej 10;Skovbølgård;1925;1765;Classicism;Hovedbygningen (1765) og de to udlænger (sydlængen 1760 og nordlængen 1761). Fredet 1925.*;Skovbølgaardvej 10, Aabenraa, Danmark;55,0054280;9,5536550
Aabenraa;Skrænten 50, (tidl;Storegade 11 B) (tidl;1978;1800;Classicism;7-9). Skrænten 50. Det grundmurede pakhus i gården (første halvdel af 1800-tallet). Fredet 1978.*;Skrænten 50, (tidl, Aabenraa, Danmark;;
Aabenraa;Slotsgade 14;Slotsgade 14;1921;1767;Classicism;Forhuset (1767). Fredet 1921.*;Slotsgade 14, Aabenraa, Danmark;55,0414770;9,4175420
Aabenraa;Slotsgade 20;Slotsgade 20;1971;1750;Classicism;Det otte fag dybe bindingsværksgavlhus med grundmuret gavl mod gaden (de syv forreste fag mellem 1750 og 1770, forlænget med et grundmuret fag ca. 1845, vestsiden grundmuret i 1900-tallet). Fredet 1971.*;Slotsgade 20, Aabenraa, Danmark;55,0414760;9,4171320
Aabenraa;Slotsgade 24;Slotsgade 24;1977;1765;Classicism;Det grundmurede forhus (1765-66, gadesiden delvis ombygget kort efter 1855) samt gårdspladsens brolægning. Fredet 1977.*;Slotsgade 24, Aabenraa, Danmark;55,0414200;9,4168370
Aabenraa;Slotsgade 28;Slotsgade 28;1971;1798;Classicism;Det grundmurede forhus (1798). Fredet 1971.*;Slotsgade 28, Aabenraa, Danmark;55,0412710;9,4162130
Aabenraa;Slotsgade 29;Slotsgade 29;1921;1770;Classicism;Det ni fag dybe toetages gavlhus (de fem forreste fag 1770, de fire bageste mellem 1775 og 1778) og det trefags sidehus (ca. 1750) samt gårdspladsens brolægning. Fredet 1921.*;Slotsgade 29, Aabenraa, Danmark;55,0413050;9,4168150
Aabenraa;Slotsgade 31;Slotsgade 31;1971;1785;Classicism;Det grundmurede forhus (mellem 1785 og 1788). Fredet 1971.*;Slotsgade 31, Aabenraa, Danmark;55,0412440;9,4165840
Aabenraa;Storegade 30;Aabenraa Rådhus;1932;1828;Classicism;Rådhusbygningen (1828-30 af C.F. Hansen). Fredet 1932.;Storegade 30, Aabenraa, Danmark;55,0431810;9,4186610
Aabenraa;Storetorv 9, hj;af Søndergade;1971;1785;Classicism;Redergården. Den vinkelbyggede gård, opr. omfattende et gavlhus langs Søndergade med gavl og portbygning mod torvet (1785-87, ombygget til sit nuværende udseende ca. 1825). Fredet 1971.*;Storetorv 9, hj, Aabenraa, Danmark;;
Aabenraa;Søgård Hovvej 1;Søgård;1927;1780;Classicism;Laden (1780). Fredet 1927.;Søgård Hovvej 1, Aabenraa, Danmark;54,9408880;9,4511110
Aabenraa;Søndergade 10;Søndergade 10;1924;1767;Classicism;Bulhuslængen mod Slotsgade (1767). Fredet 1924.;Søndergade 10, Aabenraa, Danmark;55,0417650;9,4190780
Aabenraa;Søndergade 20;Postholdergården;1921;1758;Classicism;Det grundmurede forhus med sidebygning (1758), brolægningen i gården, stakittet mellem gårdspladsen og haven, havens anlæg med markeret akse, lysthus og busketter, den hertil grænsende havemur med omkransende træbeplantning og busketter bl.a. rhododendron. Fredet 1921. Udvidet 1982.*;Søndergade 20, Aabenraa, Danmark;55,1147500;9,3588580
Aabenraa;Søndergade 9;Øster Løgum Præstegård;1979;1800;Classicism;Det firelængede præstegårdsanlæg med udløberfløj (ca. 1800-50, muligvis med dele fra 1600-tallet), brolægning og hegnsmure. Fredet 1979.;Søndergade 9, Aabenraa, Danmark;55,1158530;9,3597860
Aabenraa;Sønderport 1 A;Schwennesens Stiftelse;1921;1772;Classicism;Forhuset (1772). Fredet 1921.*;Sønderport 1 A, Aabenraa, Danmark;55,0405850;9,4199520
Aabenraa;Toften 37 A;Jacob Michelsens Gård;1988;1826;Classicism;Stuehuslængen (før 1826), ladebygningen, bagehuset (slut. 1800), den åbne vognport samt haven. Fredet 1988.;Toften 37 A, Aabenraa, Danmark;55,0507670;9,4118440
Aabenraa;Varnæsvej 700;Varnæs Præstegård;1954;1779;Classicism;Stuehuset og udlængen. Fredet 1954.;Varnæsvej 700, Aabenraa, Danmark;55,0078860;9,5735590
Aabenraa;Vægterpladsen 2, hj;af Jomfrugangen;1921;1803;Classicism;Tresuren. Gavlhuset på tre fag (1803). Fredet 1921.*;Vægterpladsen 2, hj, Aabenraa, Danmark;;
Aabenraa;H.P Hanssens Gade 42;Amtshus (Kreishaus);2013;1901;Historicism;Amtshus (Kreishaus), Aabenraa. Det trefløjede amtshus (Kreishaus) (1901 af F.W.A. Jablonowski). Fredet 2013.*;H.P, Aabenraa, Danmark;55,0463109;9,4206422
Aabenraa;Jernbanegade 2;Åbenrå Banegård;1988;1867;Historicism;Stationsbygningen (1867 af N.P. Holsøe). Fredet 1988.;Jernbanegade 2, Aabenraa, Danmark;55,0490950;9,4182930
Aabenraa;Lindsnakkevej 95;Haus Lensnack;2018;1909;Historicism;Villaen Haus Lensnack (1909-10 af Anton Huber, udv. 2001) med tilhørende haveanlæg. Fredet 2018;Lindsnakkevej 95, Aabenraa, Danmark;55,0418250;9,4379900
Aabenraa;Persillegade 5;Persillegade 5;1977;1866;Historicism;Det grundmurede forhus (1866). Fredet 1977.*;Persillegade 5, Aabenraa, Danmark;55,0444910;9,4146060
Aabenraa;Skibbroen 20-22;Toldboden;1977;1853;Historicism;Nordfløjen (1853-54 formentlig af L.A. Winstrup). Fredet 1977.*;Skibbroen 20-22, Aabenraa, Danmark;55,0404067;9,4219815
Aabenraa;Skolevej 1C (tidl;Ramsherred 40);1977;1863;Historicism;Pakhuset. Det grundmurede pakhus (1863). Fredet 1977.;Skolevej 1C (tidl, Aabenraa, Danmark;;
Aabenraa;Snorhavevej 28;Snorhavevej 28;1991;1850;Historicism;Stuehus samt lade- og staldbygningen (ca. 1850). Fredet 1991.*;Snorhavevej 28, Aabenraa, Danmark;55,0700600;9,4608460
Aabenraa;Storegade 24;Marcussens Gård;1977;1859;Historicism;Forhuset (formentlig 1723) med sidehus (1. sidehus før 1744, 2. sidehus mellem 1754 og 1764, 3. sidehus mellem 1845 og 1855) og tværhuset (1859) samt gårdspladsens brolægning. Fredet 1977.*;Storegade 24, Aabenraa, Danmark;55,0435730;9,4187460
Aabenraa;Fiskergade 3 A;Fiskergade 3 A;1977;1744;Baroque and rococo;Det 11 fag dybe gavlhus (før 1744, delvis grundmuret mellem 1825 og 1835) med den korte sidebygning. Fredet 1977.*;Fiskergade 3 A, Aabenraa, Danmark;55,0417780;9,4204300
Aabenraa;Kirkeplads 8 A-C;Den gamle Drengeskole;1978;1737;Baroque and rococo;Kirkeplads 8A-B: forhuset (1737, sydsiden forhøjet til to etager mellem 1853 og 1855). Kirkeplads 8C: baghuset (1855), opført som værkstedsbygning. Fredet 1978. Udvidet 1990.*;Kirkeplads 8 A-C, Aabenraa, Danmark;55,0445938;9,4179928
Aabenraa;Lille Pottergade 5;Leistmanns Fattighus;1977;1744;Baroque and rococo;Forhuset (før 1744, grundmuret mellem 1764 og 1775 samt senere). Fredet 1977.*;Lille Pottergade 5, Aabenraa, Danmark;55,0445190;9,4170300
Aabenraa;Nybro 14;Nybro 14;1921;1705;Baroque and rococo;Gavlhuset (10 fag langt bindingsværkshus 1705 med det 1781 tilføjede, grundmurede fag med gavlen mod gaden) samt muren langs gaden (ca. 1750). Fredet 1921.*;Nybro 14, Aabenraa, Danmark;55,0420460;9,4157490
Aabenraa;Nygade 44;Nygade 44;1977;1740;Baroque and rococo;Det grundmurede forhus (1740) og baghus (1864). Fredet 1977.*;Nygade 44, Aabenraa, Danmark;55,0445800;9,4155000
Aabenraa;Nygade 45;Nygade 45;1977;1737;Baroque and rococo;Det grundmurede gavlhus (1737, forlænget med tre fag mellem 1751 og 1754, forhøjet i 1866) og den dermed sammenbyggede sidebygning med bulkonstruktion i gårdsidens 2. etage (formentlig 1. halvdel af 1800-tallet) samt gårdspladsens brolægning. Fredet 1977.*;Nygade 45, Aabenraa, Danmark;54,8194020;9,3511350
Aabenraa;Nygade 62;Nygade 62;1979;1744;Baroque and rococo;Gavlhuset (før 1744, helt omsat i grundmur mellem 1825 og 1900). Fredet 1979.*;Nygade 62, Aabenraa, Danmark;55,0434470;9,4155520
Aabenraa;Nygade 66;Nygade 66;1977;1744;Baroque and rococo;Forhuset (før 1744, gadeside og gavle grundmurede ca. 1815 og senere) samt gårdspladsens brolægning. Fredet 1977.*;Nygade 66, Aabenraa, Danmark;55,0433340;9,4155890
Aabenraa;Nygade 70;Nygade 70;1977;1745;Baroque and rococo;Det grundmurede forhus (1745, gadedør 1789). Fredet 1977.;Nygade 70, Aabenraa, Danmark;55,0427310;9,4156460
Aabenraa;Persillegade 1;Persillegade 1;1977;1748;Baroque and rococo;Det grundmurede forhus (1748). Fredet 1977.*;Persillegade 1, Aabenraa, Danmark;55,0444480;9,4150110
Aabenraa;Skibbrogade 16;Skibbrogade 16;1977;1739;Baroque and rococo;Det fire fag dybe bindingsværksgavlhus med grundmuret gavl mod gaden (1739, senere delvis grundmuret). Fredet 1977.*;Skibbrogade 16, Aabenraa, Danmark;55,0418840;9,4209630
Aabenraa;Skibbrogade 3;Skibbrogade 3;1972;1737;Baroque and rococo;De to sammenbyggede trefags bindingsværkshuse med grundmurede gadesider (det vestre 1737, det østre 1748). Fredet 1972.*;Skibbrogade 3, Aabenraa, Danmark;55,0421960;9,4196910
Aabenraa;Slotsgade 11;Slotsgade 11;1921;1707;Baroque and rococo;Gavlhuset (1707, senere delvis grundmuret) with sidehus (mellem 1709 og 1770) og tværhuset (ca. 1864, forhøjet 1871). Fredet 1921.*;Slotsgade 11, Aabenraa, Danmark;55,0414400;9,4182240
Aabenraa;Slotsgade 15;Slotsgade 15;1921;1713;Baroque and rococo;Gavlhuset (1713, delvis grundmuret i sidste halvdel af 1800-tallet). Fredet 1921.*;Slotsgade 15, Aabenraa, Danmark;55,0414140;9,4178230
Aabenraa;Slotsgade 21;Slotsgade 21;1921;1725;Baroque and rococo;Gavlhuset (formentlig opført i 1725-50, de fire forreste fag forhøjet til to etager før 1770). Fredet 1921.*;Slotsgade 21, Aabenraa, Danmark;55,0413530;9,4174090
Aabenraa;Slotsgade 3;Slotsgade 3;1978;1744;Baroque and rococo;Forhuset (mellem 1744 og 1754). Fredet 1978.*;Slotsgade 3, Aabenraa, Danmark;55,0415200;9,4189310
Aabenraa;Slotsgade 33;Slotsgade 33;1971;1748;Baroque and rococo;Det grundmurede forhus (ca. 1748, ombygget ca. 1820 og 1850) og muren ud mod Slotsgade. Fredet 1971.*;Slotsgade 33, Aabenraa, Danmark;55,0411660;9,4162230
Aabenraa;Slotsgade 5;Slotsgade 5;1921;1707;Baroque and rococo;Gavlhuset (1707, delvis grundmuret efter 1872). Fredet 1921.*;Slotsgade 5, Aabenraa, Danmark;55,0414790;9,4187470
Aabenraa;Slotsgade 9;Slotsgade 9;1921;1710;Baroque and rococo;Gavlhuset (ca. 1710-15) med sidehus (mellem 1770 og 1780). Fredet 1921.*;Slotsgade 9, Aabenraa, Danmark;55,0414590;9,4183880
Aabenraa;Store Pottergade 9;Store Pottergade 9;1977;1744;Baroque and rococo;Forhuset (før 1744, delvis grundmuret mellem 1815 og 1825). Fredet 1977.*;Store Pottergade 9, Aabenraa, Danmark;55,0448180;9,4178170
Aabenraa;Storegade 2 B;Kliplev Præstegård;1950;1747;Baroque and rococo;Hovedbygningen (1747). Fredet 1950.;Storegade 2 B, Aabenraa, Danmark;55,0922890;9,4633150
Aabenraa;Torvet 2;Kliplev Kro;1950;1700;Baroque and rococo;Hovedbygningen (1700-tallet, kvisten 1852). Fredet 1950. *;Torvet 2, Aabenraa, Danmark;54,9388570;9,4016800
Aabenraa;Vægterpladsen 1;Vægterpladsen 1;1921;1744;Baroque and rococo;Det grundmurede forhus på ni fag (kort før 1744, ombygget ca. 1800). Fredet 1921.*;Vægterpladsen 1, Aabenraa, Danmark;55,0449420;9,4165100
Aabenraa;Vægterpladsen 1 A;Det Blinde Æsel;1921;1744;Baroque and rococo;Det fem fag dybe bindingsværksgavlhus med grundmuret gavl mod pladsen (mellem 1744 og 1754). Fredet 1921.*;Vægterpladsen 1 A, Aabenraa, Danmark;55,0450000;9,4163470
Aalborg;Kongstedlundvej 18;Kongstedlund;1918;1592;Renaissance;Hovedbygningens vestre fløj (1592, portalen 1640) med den smalle del af søndre fløj (1700-tallet) samt de omgivende grave. Fredet 1918.*;Kongstedlundvej 18, Aalborg, Danmark;56,8733110;10,1492040
Aalborg;Nørregade 1, hj;af Fjordgade;1972;ca. 1560-1600;Renaissance;Nørregade 1. Forhus mod Nørregade (ca. 1560-1600), forhus mod Fjordsgade (ca. 1580-1600). Fredet 1972.*;Nørregade 1, hj, Aalborg, Danmark;;
Aalborg;Nørregade 9;Nørregade 9;1919;1600;Renaissance;Bindingsværkssidelænge (sidste halvdel af 1600-tallet). Fredet 1919.*;Nørregade 9, Aalborg, Danmark;57,0466990;9,9262420
Aalborg;Skansen 1;Hals Skanse;1918;;Renaissance;Den af fire bastioner bestående skanse med krudtmagasin og tøjhusbygningen samt den omgivende grav og redanen i nord. Fredet 1918.;Skansen 1, Aalborg, Danmark;56,9932300;10,3098480
Aalborg;Slotspladsen 1;Ålborg Slot;1918;1539;Renaissance;Slottets nord-, øst- og sydfløj (1539-ca. 1550 af Martin Bussert samt 1633 og 1705), muren der afgrænser slotsgårdens vestside samt det omgivende voldanlæg. Fredet 1918.;Slotspladsen 1, Aalborg, Danmark;57,0496170;9,9244770
Aalborg;Vår Skovvej 6;Vår;1964;1587;Renaissance;Den tofløjede hovedbygning samt den vest herfor liggende mur med portpiller og pavilloner (1587-90, reduceret og ombygget 1722). Fredet 1964.*;Vår Skovvej 6, Aalborg, Danmark;57,0018020;9,4518340
Aalborg;Østerågade 23 og Maren Turisgade 6;Hamborggården;1918;ca. 1580-90;Renaissance;Forhuset mod Østerå (efter 1616), den østre sidelænge langs ejendommens sdr. skel (ca. 1600), den vestre sidelænge langs sdr. skel med portbygningen mod Maren Turisgade (ca. 1580-90, facaden mod Maren Turisgade grundmuret i 1800-tallet). Fredet 1918.*;Østerågade 23 og Maren Turisgade 6, Aalborg, Danmark;;
Aalborg;Østerågade 25;Borgmester Jørgen Olufsens Gård;1918;1616;Renaissance;Gavlhuset og den hermed sammenbyggede sidebygning langs ejendommens ndr. skel (1616, gårdside og sidebygning delvis ombygget i 1800-tallet). Fredet 1918.*;Østerågade 25, Aalborg, Danmark;57,0496870;9,9220460
Aalborg;Østerågade 9;Jens Bangs Stenhus;1918;1623;Renaissance;Stenhuset mod Østerågade (1623-24) med trappetårnet (1897) samt side- og bagbygningerne mod syd (Adelgade, med overhvælvet kælderrum), west (Cortesgyde) og nord. Fredet 1918.*;Østerågade 9, Aalborg, Danmark;57,0484370;9,9211280
Aalborg;Kong Christians Allé 50;Nordjyllands Kunstmuseum;1995;1963;Modernism;Museumsbygningen, skulpturparken med omgivende mure og med terrasser og amfiteater, forpladsen med nedkørsel, parkeringspladsen samt den græsbevoksede vold mod Kong Christians Allé (1963-72 af Jean-Jacques Baruël i samarbejde med Elissa Aalto og Alvar Aalto). Fredet 1995.;Kong Christians Allé 50, Aalborg, Danmark;57,0426890;9,9060150
Aalborg;Riihimäkivej 3;Riihimäkivej 3;2009;1956;Modernism;Industribygningen (1956 af Arne Jacobsen) samt ejendommens mur mod Riihimäkivej og den fritstående skorsten. Fredet 2009. *;Riihimäkivej 3, Aalborg, Danmark;;
Aalborg;Adelgade 14, hj;af Latinergyden og Klosterjordet;1918;ca. 1400-50;Medieval;Ålborg Hospital, Helligåndsklosteret. Helligåndsklosterets bygninger (ca. 1400-50, ca. 1500). Fredet 1918.*;Adelgade 14, hj, Aalborg, Danmark;;
Aalborg;Adelgade 4-6;Brix'es Gård;1919;senmiddelalder;Medieval;De fire længer mellem Cortesgyde og C.W. Obels Plads (senmiddelalder og ca. 1580-90 samt senere). Fredet 1919.*;Adelgade 4-6, Aalborg, Danmark;57,0484961;9,9185421
Aalborg;Bakmøllevej 241;Vang;1932;1788;Classicism;Den trelængede hovedbygning (1788-89) med gravene mod nord, øst og syd. Fredet 1932.;Bakmøllevej 241, Aalborg, Danmark;57,1421390;9,9356430
Aalborg;Gammel Østergade 8;Bryggergården;1919;1791;Classicism;Forhus med sidehus (1791). Fredet 1919.;Gammel Østergade 8, Aalborg, Danmark;57,0589570;9,9242910
Aalborg;Gammeltorv 2;Ålborg gamle Rådhus;1918;1757;Classicism;Rådhusbygningen (1757-62, formentlig af Daniel Hopp). Fredet 1918.*;Gammeltorv 2, Aalborg, Danmark;57,0482380;9,9207360
Aalborg;Halkærvej 3;Lundbæk;1918;1804;Classicism;Hovedbygningen (1804) med omgivende grave. Fredet 1918.;Halkærvej 3, Aalborg, Danmark;56,9623770;9,6083950
Aalborg;Hvorupgårdvej 82;Bjørumgård;1939;1800;Classicism;Den trefløjede hovedbygning (ca. 1800). Fredet 1939.;Hvorupgårdvej 82, Aalborg, Danmark;57,1227340;9,9231910
Aalborg;Kirkegårdsgade 3;Kirkegårdsgade 3;1954;1809;Classicism;Forhuset (1809). Fredet: 1954.*;Kirkegårdsgade 3, Aalborg, Danmark;57,0458290;9,9118410
Aalborg;Mellemgade 52, Nibe;Mellemgade 52;1979;1825;Classicism;Forhuset mod Strandgade (1825) og sidehuset mod Mellemgade (1848). Fredet 1979.*;Mellemgade 52, Nibe, Aalborg, Danmark;56,9842250;9,6340470
Aalborg;Møllebrovej 2;Gudumlund;1983;1776;Classicism;Hovedbygningen (1776), den ottekantede hollænderibygning, den brolagte gårdsplads, haven, tørveladen, de to murstykker om gårdspladsen og alléen. Fredet 1983. Udvidet 2010;Møllebrovej 2, Aalborg, Danmark;56,9399120;10,1059770
Aalborg;Postgårdsvej 9-11;Postgård;1939;1804;Classicism;Hovedbygningen (1804, et fag tilbygget ca. 1860). Fredet 1939.;Postgårdsvej 9-11, Aalborg, Danmark;57,0115923;9,9950778
Aalborg;Refsnæsvej 3;Refsnæs;1939;1791;Classicism;Hovedbygningens nordfløj (1791) og østlænge (ca. 1840-50) samt den store lade (1612). Fredet 1939.;Refsnæsvej 3, Aalborg, Danmark;56,9094360;10,0913550
Aalborg;Algade 42-44;Aalborg Post- og Telegraf;1988;1908;Historicism;Det trefløjede bygningsanlæg med side- og baghuse, gårdsplads og portparti (1908-10 af Hack Kampmann). Fredet 1988.*;Algade 42-44, Aalborg, Danmark;57,0476249;9,9197692
Aalborg;C.A;Olesens Gade 1, Strandvejen 16 og Vestre Havnepromenade 21;2015;1931;Historicism;De Danske Spritfabrikker Aalborg. De Danske Spritfabrikkers anlæg i Aalborg bestående af fabriksbygning med trappetårn, brænderitårn, aftapningsbygning, kogerbygning, malteribygning med sammenbygget silobygning og forbindelsesbro til fabriksbygning, kulfilterbygning, rørtunnel mellem kulfilterbygning og brænderitårn, kedelhuse med maskinværksted, dampskorsten, jernbaneporten med murstykker og -piller, de fem nittede jerntanke nord for kulfilterbygningen samt kontorbygning (1931 af Alf. Cock-Clausen og D.D.S.F.’s driftskontor, med senere tilføjelser). Fredet 2015. *;C.A, Aalborg, Danmark;57,0439913;9,9272896
Aalborg;Gammeltorv 10;Gammeltorv 10;1978;1874;Historicism;Den ældre bankbygning (1874-75 af J.D. Herholdt). Fredet 1978.*;Gammeltorv 10, Aalborg, Danmark;57,0483020;9,9197160
Aalborg;Gammeltorv 4 (tidl;nr;1988;1940;Historicism;6). Tinghuset. Tinghuset (1940-43, Bent Helweg-Møller). Fredet 1988. *;Gammeltorv 4 (tidl, Aalborg, Danmark;;
Aalborg;Hasserisvej 168;Gaarden;1988;1917;Historicism;Villa, garagebygning og forplads (1917 af Ejnar Packness). Fredet 1988.*;Hasserisvej 168, Aalborg, Danmark;57,0409300;9,8872210
Aalborg;John F;Kennedys Plads 3;1992;1902;Historicism;Aalborg Station. Aalborg Stations hovedbygning (1902 af Thomas Arboe). Fredet 1992.;John F, Aalborg, Danmark;57,0427580;9,9181100
Aalborg;Kong Hansgade 18;Ting- og Arresthuset;1988;1918;Historicism;Det trefløjede bygningsanlæg med tilhørende gårde og omgivende haveanlæg (1918 og 1943 af Ejnar Packness). Fredet 1988.;Kong Hansgade 18, Aalborg, Danmark;;
Aalborg;Ryesgade 52;Ryesgade Skole;1995;1911;Historicism;Administrations- og gymnastikbygningen, de fire pavilloner med to forbindende toiletbygninger samt skolegården (1911 og udvidet 1917 af Oscar Beck). Fredet 1995. *;Ryesgade 52, Aalborg, Danmark;57,0548640;9,9040930
Aalborg;Vesterbro 1-15;Enighedslund;2014;1938;Historicism;Etageboligbebyggelsen Enighedslund (1938 af Kooperative Arkitekter ved Ivar Bentsen, Vagn Kasstrup og Harald Petersen) med tilhørende gård- og haveanlæg. Fredet 2014*;Vesterbro 1-15, Aalborg, Danmark;57,0449580;9,9146401
Aalborg;Zincksvej 1, Godthåb;Godthåb Hammerværk;2005;1894;Historicism;Turbinetårnet (1894), Kedelhuset med skorsten (1897), Vestre smedje med shedtage, skorstene og 11 nagelfaste maskiner inkl. turbine og 2 drivaksler (1915), Østre Smedje (1902) og Tørrelade nr. 4 (1897). Fredet 2005;Zincksvej 1, Godthåb, Aalborg, Danmark;56,9690650;9,8108360
Aalborg;Østerågade 29;Distriktstoldkammeret;1988;1900;Historicism;Det trefløjede bygningsanlæg med gårdsplads og gårdmur samt tilhørende udhuse på gårdspladsen (1900-1902 af Hack Kampmann). Fredet 1988.;Østerågade 29, Aalborg, Danmark;57,0491568;9,9219037
Aalborg;Egensevej 155;Klarupgård;1939;1700;Baroque and rococo;Den trelængede hovedbygning (hovedfløjen 1700-tallet, sidelængerne 1847-48). Fredet 1939.;Egensevej 155, Aalborg, Danmark;57,0183240;10,0641420
Aalborg;Kattesundet 20, hj;af Borgergade;1983;1700;Baroque and rococo;Pakhuse i Kattesundet og Borgergade. Det toetages pakhus mod Borgergade (1700-tallet), det treetages pakhus mod Kattesundet (slutn. af 1600-tallet) og den hermed sammenbyggede toetages bygning med halvtagsudbygning mod gården. Fredet 1983.*;Kattesundet 20, hj, Aalborg, Danmark;;
Aalborg;Restrup Kærvej 10;Store Restrup;1918;1723;Baroque and rococo;Den trefløjede hovedbygning (1723, ombygget ca. 1760-70) samt mur med piller mod øst og graven mod west. Fredet 1918.*;Restrup Kærvej 10, Aalborg, Danmark;57,0067830;9,7729250
Aalborg;Fjordgade 2;Fjordgade 2;1972;;;Forhuset. Fredet 1972.*;Fjordgade 2, Aalborg, Danmark;57,0468350;9,9253860
Aarhus;Mejlgade 19;Juuls Gaard;1919;1625;Renaissance;Forhus mod Mejlgade med to sidehuse og baghus (forhuset ca. 1625). Fredet 1919. Udvidet 1970.*;Mejlgade 19, Aarhus, Danmark;56,1582420;10,2119420
Aarhus;Mejlgade 25;Mejlgade 25;1970;1550;Renaissance;Forhuset. Fredet 1970.*;Mejlgade 25, Aarhus, Danmark;56,1585830;10,2119510
Aarhus;Skolegade 15-17;Skolegade 15-17;1924;1642;Renaissance;Forhuset med to sidehuse (1642) og hegnsmuren om gården. Fredet 1924.*;Skolegade 15-17, Aarhus, Danmark;56,1554313;10,2114865
Aarhus;Vestergade 1;Vestergade 1;1919;1600;Renaissance;Forhus, sidehus og baghus (1600-tallet). Fredet 1919.*;Vestergade 1, Aarhus, Danmark;56,1575630;10,2067410
Aarhus;Alstrup Allé 11;Glasalstrup;2024;1967;Modernism;J.A. Alstrup A/S’ administrationsbygning, ”Glasalstrup”, (1967 af Knud Blach Petersen) med nære omgivelser i form af græsplænen, betonstøttemuren langs og i fortsættelse af Alstrup Allé og fyrretræsbeplantningerne. Fredet 2024.*;Alstrup Allé 11, Aarhus, Danmark;56,1024110;10,0960600
Aarhus;Fenrisvej 31;Århus Statsgymnasium;2004;1958;Modernism;Skolebygningen, gymnastiksalen, den tidligere rektorbolig (undtagen forbindelsesgang og tilbygning fra 1996), den tidligere pedelbolig samt omgivelser i form af forpladsen, trapperne, gårdhaven med vandbassin og øvrige befæstede arealer (1958 af Arne Gravers og Johan Richter) med relieffer af Asger Jorn og en gobelin af Asger Jorn og Pierre Wermaëre samt de to senere tilbyggede fløje til skolebygningen (1971 af Kjær og Richter) med senere forbindelsesbygning. Fredet 2004.;Fenrisvej 31, Aarhus, Danmark;56,1612320;10,1706430
Aarhus;Højen 13, Brabrand;Højen 13, Brabrand;2008;1958;Modernism;Villaen med tilbygning , udhus og carport samt den indre gård med omgivende mure (1958, udvidet 1970 af Knud Friis). Fredet 2008.;Højen 13, Brabrand, Aarhus, Danmark;56,1572460;10,1114670
Aarhus;Klostergade 59;Vor Frue Kloster, Århus Hospital (tidl.);1918;middelalder;Medieval;Sortebrødreklostrets fløje mod vest, nord og øst samt fratergangen langs klosterkirkens nordside (middelalder, stærkt ombygget 1878-79 af N.P. Holsøe, gennemgangen i nordfløjen 1956 af Aksel Skov). Fredet 1918.*;Klostergade 59, Aarhus, Danmark;56,1584070;10,2051250
Aarhus;Storetorv 3;Den Grå Kannikegård;1954;1300-tallet;Medieval;De hvælvede kældre. Fredet 1954.;Storetorv 3, Aarhus, Danmark;;
Aarhus;Badstuegade 1H;Badstuegade 1H;1970;1809;Classicism;Pakhuset (1809). Fredet 1970.*;Badstuegade 1H, Aarhus, Danmark;56,1581620;10,2077600
Aarhus;Bedervej 101, Vilhelmsborg Allé 1, Vilhelmsborgvej 4-12;Vilhelmsborg;1945;1842;Classicism;"Hovedbygningen (1842-44 af Ferdinand Thielemann) og den sammenbyggede pavillonbygning i øst, staldgården bestående af forpagterbolig, hestestalden med vognremise, agerumslade, kostald og herskabsstald (1856-57 af Gustav Martens) samt smedien (ca. 1870) og de fire landarbejderboliger ved Vilhelmsborgvej (""Polakhusene"", 1892). Fredet 1945.*";Bedervej 101, Vilhelmsborg Allé 1, Vilhelmsborgvej 4-12, Aarhus, Danmark;;
Aarhus;Fredens Torv 3B;Trods Katholm;1970;1847;Classicism;Pakhuset mod Fredensgade 3 og muren mod Fredens Torv (1847-50). Fredet 1970.*;Fredens Torv 3B, Aarhus, Danmark;56,1538450;10,2099440
Aarhus;Frederiksgade 79;Købmand Herskinds Gård;1970;1816;Classicism;Forhus med bindingsværkslænge (1816). Fredet 1970.*;Frederiksgade 79, Aarhus, Danmark;56,1537130;10,2032560
Aarhus;Gedingvej 2;Thoralds Hus;2010;midten af 1700-tallet;Classicism;Thoralds Hus (midten af 1700-tallet) med omgivende stenpikning og hækken mod vej. Fredet 2010. *;Gedingvej 2, Aarhus, Danmark;56,1934670;10,1113220
Aarhus;Klostergade 56;Klostergade 56;1970;1812;Classicism;Den trelængede gård (forhuset muligvis af bygmester A.G. Monrad 1812). Fredet 1970.*;Klostergade 56, Aarhus, Danmark;56,1588780;10,2052040
Aarhus;Lyngbygårdsvej 25;Lyngbygård;1918;1755;Classicism;Hovedbygningen (1755 og 1775, kælderen 1500-tallet). Fredet 1918.;Lyngbygårdsvej 25, Aarhus, Danmark;56,1699100;10,0279190
Aarhus;Mejlgade 43;Mejlgade 43;1970;1831;Classicism;Forhus med sidehus og baghus (1831). Fredet 1970.*;Mejlgade 43, Aarhus, Danmark;56,1594750;10,2122100
Aarhus;Mejlgade 45;Mejlgade 45;1970;1842;Classicism;Forhuset (1842-43), sidehuset (1858), auktionshuset inkl. interiører og den hermed sammenbyggede vinkelformede lagerbygning (1875-76) samt hegnsmuren mod Snævringen. Fredet 1970. Udvidet 1989.*;Mejlgade 45, Aarhus, Danmark;56,1595270;10,2124390
Aarhus;Mejlgade 48;Mejlgade 48;1970;senest 1771;Classicism;Forhuset. Fredet 1970.*;Mejlgade 48, Aarhus, Danmark;56,1596670;10,2127820
Aarhus;Mejlgade 52-54;Mejlgade 52-54;1970;1837;Classicism;Forhuset. Fredet 1970.*;Mejlgade 52-54, Aarhus, Danmark;56,1568193;10,2115756
Aarhus;Mejlgade 7;Mejlgade 7;1992;1848;Classicism;Forhuset og sidehuset (1848). Fredet 1992.*;Mejlgade 7, Aarhus, Danmark;56,1578120;10,2117980
Aarhus;Mindegade 8;Hans Broges Gård;1970;1849;Classicism;Forhus og sidehus (1849 formentlig af Hans Wilhelm Schrøder). Fredet 1970.*;Mindegade 8, Aarhus, Danmark;56,1537390;10,2111640
Aarhus;Moesgård Allé 18-20;Moesgård;1918;1780;Classicism;Hovedbygningen med de krumme fløje (1780-84 af Christian Joseph Zuber) og alle avlsbygninger omkring gårdspladsen og hovedindkørslen mod vest samt forbindelsesmurene mellem hovedbygning og avlsgård. Fredet 1918. Udvidet 1989.*;Moesgård Allé 18-20, Aarhus, Danmark;56,0841776;10,2097614
Aarhus;Nørreport 20;Raaes Gård;1919;1798;Classicism;Forhus og sidelænge (1798 af Anders Kruuse). Fredet 1919.*;Nørreport 20, Aarhus, Danmark;56,1611890;10,2124630
Aarhus;Skolegyde 1-3;Århus Katedralskole;1919;1808;Classicism;Den gamle rektorbolig (1808). Fredet 1919. Den gamle skolebygning (1763 af Christian Mørup, ombygget i 1840'rne af Hans Wilhelm Schrøder og i 1905 af Hack Kampmann), den røde bygning (1903-05 af Hack Kampmann) samt de nye bygninger, henholdsvis mod Mejlgade og mod Skolebakken. Udvidet 1996.;Skolegyde 1-3, Aarhus, Danmark;56,1564698;10,2124625
Aarhus;Skovagervej 2;Psykiatrisk Hospital;1979;1849;Classicism;Den oprindelige trefløjede hovedbygning med tværfløje/sidefløjene (1849-50 af Gottlieb Bindesbøll) samt de to fritliggende længer vest herfor (1849-50 af Gottlieb Bindesbøll og forlænget i 1860'erne af Ferdinand Meldahl). Fredet 1979. Udvidet 1997.*;Skovagervej 2, Aarhus, Danmark;56,1856569;10,2266150
Aarhus;Skovmøllevej 51 og 53;Moesgård Skovmølle;1959;1785;Classicism;Vandmøllen (1785, øverste etage tilbygget 1852), de to stuehuse i nord og syd samt den østre bygning. Fredet 1959.*;Skovmøllevej 51 og 53, Aarhus, Danmark;56,0845080;10,2353660
Aarhus;Studsgade 29;Studsgade 29;1972;1842;Classicism;Forhuset (1842-44). Fredet 1972.*;Studsgade 29, Aarhus, Danmark;56,1600730;10,2112650
Aarhus;Studsgade 31;Studsgade 31;1972;1841;Classicism;Forhus med sidehus (facaden 1841, resten fra beg. af 1700-tallet). Fredet 1972.*;Studsgade 31, Aarhus, Danmark;56,1602140;10,2115130
Aarhus;Studsgade 33;Studsgade 33;1972;1847;Classicism;Forhuset og baghuset (1847) samt fabriksbygningen (1893 for Århus Dampvæveri), skorstenen ved baghusets sydgavl samt alle pigstens- og brostensbelægninger på matr.nr. 981. Fredet 1972.* Udvidet 1996 og 2022.;Studsgade 33, Aarhus, Danmark;56,1604010;10,2116810
Aarhus;Søskrænten 4;Jarlsminde;1997;1800;Classicism;Hovedbygningen (ca. 1800, ombygget ca. 1820) og det kampestensbyggede udhus (ca. 1800). Fredet 1997.*;Søskrænten 4, Aarhus, Danmark;56,1328200;10,1276430
Aarhus;Tarskovvej 1-3;Tarskov Møllegård;1964;1800;Classicism;Vandmøllen og den hermed sammenbyggede beboelse (ca. 1800), stuehuset og de vinkelret herpå liggende bindingsværksbygninger. Fredet 1964.*;Tarskovvej 1-3, Aarhus, Danmark;56,1266430;10,0047532
Aarhus;Vestergade 29;Vestergade 29;1924;midten af 1700-tallet;Classicism;Forhus mod Vestergade (beg. 1800-tallet formentlig af Peder Quist) og sidelænge mod Grønnegade (midten af 1700-tallet). Fredet 1924.;Vestergade 29, Aarhus, Danmark;56,1575280;10,2026940
Aarhus;Østergårdsvej 223;Astrup Præstegård;1992;1770;Classicism;Præstegården (ca. 1770, ombygget 1856 og 1894) og de rumskabende elementer i haven. Fredet 1992.;Østergårdsvej 223, Aarhus, Danmark;56,0333830;10,1047830
Aarhus;Domkirkepladsen 1;Domkirkepladsen 1;1996;1926;Historicism;Nationalbankbygningen (tidl.) (1926 af Axel Berg, ombygget 1989 af C.F. Møllers Tegnestue). Fredet 1996. *;Domkirkepladsen 1, Aarhus, Danmark;56,1574370;10,2106030
Aarhus;Domkirkepladsen 5;Århus Rådhus (tidl.);1996;1857;Historicism;Rådhuset (1857 af Ferdinand Thieleman, ombygget 1907 af S.F. Kühnel). Fredet 1996.;Domkirkepladsen 5, Aarhus, Danmark;56,1571690;10,2113780
Aarhus;Hack Kampmanns Plads 1-3 (tidl;Havnen 165);1985;1895;Historicism;Toldkammeret. Toldkammerkomplekset med hegnsmur mod Havnegade (1895-97 af Hack Kampmann). Fredet 1985.;Hack Kampmanns Plads 1-3 (tidl, Aarhus, Danmark;;
Aarhus;Hack Kampmanns Plads 10 (tidl;Nordhavnsgade 4);2001;1923;Historicism;Stykgodspakhuset. Stykgodspakhuset (1923 efter tegninger af stadsarkitekt Frederik Draiby og ingeniør H.J.N. Gebauer). Fredet 2001.;Hack Kampmanns Plads 10 (tidl, Aarhus, Danmark;;
Aarhus;Hans Hartvig Seedorffs Stræde 12;Mejlen;2009;1883;Historicism;Det tidligere børneasyl Mejlen (1883 af arkitekt Carl Lange). Fredet 2009.;Hans Hartvig Seedorffs Stræde 12, Aarhus, Danmark;56,1536350;10,2042990
Aarhus;Jægergårdsgade 97;Centralværkstederne, administrationsbygning m.m.;1996;1910;Historicism;Administrationsbygningen (1910 af Povl Baumann), Vognrevisionsværkstedet (opført som lokomotivværksted 1911, udvidet 1932). Fredet 1996.;Jægergårdsgade 97, Aarhus, Danmark;56,1486400;10,2055730
Aarhus;Kannikegade 1-3;Århus Teater;1981;1900;Historicism;Hele teaterbygningskomplekset (1900 af Hack Kampmann, udvidet 1953-55 og ombygget 1981 af C.F. Møller). Fredet 1981.*;Kannikegade 1-3, Aarhus, Danmark;56,1556666;10,2109252
Aarhus;Kærbyvej 9, 11 og 13;Kærbygård;1990;1928;Historicism;Det trefløjede anlæg bestående af hovedbygningen med to sidefløje (ca. 1768, ombygget 1880) og to avlsgårdslænger (1928), den ene med lille tilbygning mod vest. Fredet 1990.;Kærbyvej 9, 11 og 13, Aarhus, Danmark;;
Aarhus;Lille Torv 6;Jysk Handels- og Landbrugsbank (tidl.);1996;1899;Historicism;Bankbygningen (1899-1900 af S.F. Kühnel). Fredet 1996.*;Lille Torv 6, Aarhus, Danmark;56,1578010;10,2069260
Aarhus;Nordre Ringgade 1;Aarhus Universitet (dele af);2024;1933;Historicism;Det selvstændige landskabsarkitektoniske værk ”Den centrale del af Universitetsparken” afgrænset af Nordre Ringgade, Nørrebrogade, Wilhelm Meyers Allé, Ole Worms Allé, Karl Verners Vej og Langelandsgade (1933 af C.Th. Sørensen), Den Første Institutbygning (1933 af C.F. Møller, Kay Fisker og Povl Stegmann), Naturhistorisk Museum bestående af de tre første museumsbygninger samt teglstensmuren langs adgangsvejen fra syd (1941 af C.F. Møller, Kay Fisker og Povl Stegmann), Kollegium 4 (1946 af C.F. Møller, Kay Fisker og Povl Stegmann), Hovedbygningen med fritstående murstensbuer mod nord og solgård med fritstående murstensbuer mod syd samt bygningen under solgården (1946 af C.F. Møller), Kollegium 7 (1950 af C.F. Møller) med Eforboligen (1949 af C.F. Møller), Tandlægeskolens østre fløj (1961 af C.F. Møller), Bogtårnet (1963 af C.F. Møller), Administrationsbygningen, Stakladen og Studenterbygningen med pladsen herimellem og de to underjordiske forbindelsesgange (1964 af C.F. Møller), Institut for Matematiks hovedfløj, tværfløj og auditorium samt det østvendte gårdrum afgrænset af støttemure (1964 af David Birnbaum og Henning Jensen, C.F. Møllers Tegnestue). Fredet 2024;Nordre Ringgade 1, Aarhus, Danmark;56,1710280;10,1993810
Aarhus;Observatorievejen 1 og 3;Ole Rømer Observatoriet;2005;1911;Historicism;Ole Rømer Observatoriet bestående af observatoriebygning og direktørbolig med tilhørende udhus (1911 af Anton Rosen). Fredet 2005;Observatorievejen 1 og 3, Aarhus, Danmark;;
Aarhus;Paradisgade 5-7;Århus Håndværkerforenings Asyl (tidl.);1980;1866;Historicism;Forhuset (1866 af V.Th. Walther). Fredet 1980.*;Paradisgade 5-7, Aarhus, Danmark;56,1601099;10,2097704
Aarhus;Rådhuspladsen 2 og Park Alle 2;Århus Rådhus;1995;1938;Historicism;"Århus Rådhus (1938-42 ved Arne Jacobsen og Erik Møller), Rådhuspladsen med ""Grisebrønden"" (bronzekopi af Mogens Bøggild's granitbrønd), Rådhushaven, Rådhusgården og Rådhusparken med ""Agnete og Havmanden"" (af Johannes Bjerg). Fredet 1995.";Rådhuspladsen 2 og Park Alle 2, Aarhus, Danmark;;
Aarhus;Skovvejen 44-46;Klintegaarden;2012;1936;Historicism;Klintegaarden, bestående af to husrækker mod henholdsvis Skovvejen og Århus Bugten (1936 og 1938 af ingeniør Ove Christensen), to ældre villaer (1896 og 1900, ombygget 1936, 1938 og senere) samt arealerne imellem bebyggelsen. Fredet 2012 *;Skovvejen 44-46, Aarhus, Danmark;56,1638392;10,2166889
Aarhus;Spanien 3-7;Århus Kommunale Svømmehal og Badeanstalt;1989;1930;Historicism;Svømmehallen og badeanstalten (1930-31 af Frederik Draiby og Niels Christian Skjøth). Fredet 1989.;Spanien 3-7, Aarhus, Danmark;56,1505114;10,2102712
Aarhus;Strandvejen 104;Villa Kampen;1983;1901;Historicism;Villaen (1901-02 af Hack Kampmann) med haveanlæg og hegn af kampestensmur og stakit. Fredet 1983.*;Strandvejen 104, Aarhus, Danmark;56,1356250;10,2078800
Aarhus;Vester Allé 1;Vester Allés Kaserne;1979;1858;Historicism;Ridehuset på hjørnet af Frederiks Allé og Vester Allé (1858-60 af oberst J.C.V. Steenstrup). Fredet 1979.;Vester Allé 1, Aarhus, Danmark;56,1531550;10,2019210
Aarhus;Vester Allé 12;Erhvervsarkivet;1988;1898;Historicism;Biblioteksbygningen, forarealet med mure og indkørsel samt læsesalens nagelfaste inventar inkl. lysekronerne (1898-1901 af Hack Kampmann). Fredet 1988.;Vester Allé 12, Aarhus, Danmark;56,1546420;10,2001420
Aarhus;Vestre Skovvej 2;Det Norske Hus;1996;1888;Historicism;Villaen (ca. 1888 af Martin Nyrop). Fredet 1996.*;Vestre Skovvej 2, Aarhus, Danmark;56,1820970;10,2262440
Aarhus;Værkmestergade 7, 9 og 13;Centralværkstederne;1996;1883;Historicism;"Boggierevisionsværkstedet (1883), Smedien (Grovsmedien) og Boggierengøringsværkstedet (""Sibirien"") (1862) eksklusiv mellembygninger og tilbygninger samt den venstre del af Drejerværkstedet (1862) afgrænset ved tværmuren i flugt med ""Sibiriens"" østfacade. Fredet 1996.*";Værkmestergade 7, 9 og 13, Aarhus, Danmark;;
Aarhus;Harlev Kirkevej 11;Harlev Præstegård;1950;1737;Baroque and rococo;Det trelængede anlæg syd for kirken (stuehus delvis 1737, vestre sidelænge 1757). Fredet 1950.;Harlev Kirkevej 11, Aarhus, Danmark;56,1325020;10,0108020
Aarhus;Klostergade 58;Klostergade 58;1970;1700;Baroque and rococo;Forhuset og sidehus (1700-tallet med senmiddelalderlig kælder). Fredet 1970.*;Klostergade 58, Aarhus, Danmark;56,1588950;10,2048780
Aarhus;Rosensgade 38 A-B;Rosensgade 38A-B;1970;1700;Baroque and rococo;Hjørnehuset (1700-tallet og senere). Fredet 1970.*;Rosensgade 38 A-B, Aarhus, Danmark;56,1578621;10,2093776
Aarhus;Skolegade 19;Skolegade 19;1919;1700;Baroque and rococo;Forhuset (1700-tallet, kælderen middelalderlig). Fredet 1919.*;Skolegade 19, Aarhus, Danmark;56,1555460;10,2115390
Aarhus;Studsgade 35;Studsgade 35;1919;1700;Baroque and rococo;Forhus med sidelænge (1700-tallet). Fredet 1919.*;Studsgade 35, Aarhus, Danmark;56,1605980;10,2118040
Aarhus;Vestergade 58;Vestergade 58;1950;ca. 1700;Baroque and rococo;Forhuset, de to sidehuse og baghuset. Fredet 1950.*;Vestergade 58, Aarhus, Danmark;56,1577680;10,2005630
Aarhus;Vesterport 8 B;Rådmand Halds Gård;1970;1700;Baroque and rococo;Det firefløjede gårdanlæg og den fritliggende, enetages bygning i gården (1700-tallet). Fredet 1970.*;Vesterport 8 B, Aarhus, Danmark;56,1580480;10,2000530
Ærø;Søndergade 36;Philip Kocks Hus;1919;1645;Renaissance;Forhuset (1645). Fredet 1919.*;Søndergade 36, Ærø, Danmark;54,8872590;10,4126990
Ærø;Store Rise Landevej 9;Rise Kirkelade;;middelalder;Medieval;Hele kirkeladen. Fredet, udvidet 2006;Store Rise Landevej 9, Ærø, Danmark;54,8540610;10,4004270
Ærø;Brogade 21;Brogade 21;1919;1788;Classicism;Forhuset (1788). Fredet 1919.*;Brogade 21, Ærø, Danmark;54,8883790;10,4115180
Ærø;Brogade 3-5;Brogade 3-5;1919;1775;Classicism;Forhuset (ca. 1775). Fredet 1919.;Brogade 3-5, Ærø, Danmark;54,8888472;10,4120186
Ærø;Gyden 20;Gyden 20;1919;1821;Classicism;Forhuset (mellem 1821 og 1852, bagsiden grundmuret efter 1867). Fredet 1919.;Gyden 20, Ærø, Danmark;54,8890284;10,4109221
Ærø;Gyden 22 (Brogade);Hammerichs Hus;1919;1803;Classicism;Forhuset mod Brogade (1803, tilbygning mod Gyden ca. 1900). Fredet 1919.;Gyden 22 (Brogade), Ærø, Danmark;;
Ærø;Nørregade 1;Nørregade 1;1919;1820;Classicism;Forhuset (1820-21). Fredet 1919.;Nørregade 1, Ærø, Danmark;54,8555800;10,5167240
Ærø;Nørregade 13;Nørregade 13;1919;1807;Classicism;Forhuset (1807). Fredet 1919.*;Nørregade 13, Ærø, Danmark;54,8555030;10,5158110
Ærø;Nørregade 41;Kochs og Drejøes Hus;1919;1795;Classicism;Forhusene (1795). Fredet 1919.*;Nørregade 41, Ærø, Danmark;54,8876340;10,4134660
Ærø;Nørregade 47;Nørregade 47;1919;1802;Classicism;Forhuset (1802, gennemgribende ombygget 1828). Fredet 1919.;Nørregade 47, Ærø, Danmark;54,8873960;10,4137240
Ærø;Risemarksvej 8;Risemarksvej 8;1994;1790;Classicism;Længe indeholdende stuehus og stald, en fritliggende udhuslænge (begge ca. 1790) samt de brolagte gårdspladser mellem bygningerne. Fredet 1994.*;Risemarksvej 8, Ærø, Danmark;54,8496440;10,3954290
Ærø;Smedegade 22;R;1919;1786;Classicism;Knudsen Clausens Fattigstiftelse. Forhuset (de fire nordligste fag 1786, de 12 sydligste fag 1807). Fredet 1919.*;Smedegade 22, Ærø, Danmark;54,8896400;10,4120180
Ærø;Søbygårdsvej 2-4;Søbygård;1978;ca. 1770;Classicism;Hovedbygning (ca. 1770, ombygget ca. 1830, kælderen ca. 1590) samt det trelængede ladegårdsanlæg (opført i 1650, 1750 og 1775), der ligger omkring gårdspladsen, de to vest herfor fritliggende bindingsværkshuse (mejeri og svinestald, opført efter 1850), den brolagte gårdsplads med et valnøddetræ samt stensætningen og de stynede træer på og omkring borgbanken, stensætningen og brolægningen omkring ladegården og stensætningen (broen) fra gårdspladsen til borgbanken. Fredet 1978. Udvidet 1994.*;Søbygårdsvej 2-4, Ærø, Danmark;54,9240890;10,2892454
Ærø;Søndergade 18;Søndergade 18;1983;1770;Classicism;Baghuset (1770) og gårdspladsens brolægning. Fredet 1983.;Søndergade 18, Ærø, Danmark;54,8504970;10,5200030
Ærø;Søndergade 42;Søndergade 42;1919;1799;Classicism;Forhuset (1799, bagsiden grundmuret 1873, porten omdannet til butik 1950). Fredet 1919.;Søndergade 42, Ærø, Danmark;54,8871660;10,4130570
Ærø;Søndergade 57 (Gåsetorvet);Søndergade 57;1919;1825;Classicism;Forhuset (1825). Fredet 1919.;Søndergade 57 (Gåsetorvet), Ærø, Danmark;;
Ærø;Søndergade 9;Søndergade 9;1919;1778;Classicism;Forhuset (før 1778 og før 1821, gadesiden skalmuret mellem 1874 og 1916). Fredet 1919.;Søndergade 9, Ærø, Danmark;54,8881830;10,4100460
Ærø;Tivoli 4;Ærøskøbing Bymølle, Lille Mølle;1964;1848;Classicism;Vindmølle (1848). Fredet 1964.;Tivoli 4, Ærø, Danmark;54,8859050;10,4134960
Ærø;Torvet 9;Visdommens Kilde, Den Kgl;1919;1789;Classicism;Danske Skole. Forhuset (1789). Fredet 1919.;Torvet 9, Ærø, Danmark;54,8880240;10,4115170
Ærø;Vester Møllebakke 4-6;Vester Mølle;1964;1834;Classicism;Vindmøllen (1834) med tilhørende maskinhus, samt stuehus og den tidl. avlsbygning (ca. 1800). Fredet 1964.;Vester Møllebakke 4-6, Ærø, Danmark;54,9258253;10,2787690
Ærø;Vestergade 16;Vestergade 16;1919;1829;Classicism;Forhuset (to ældre bindingsværksbygninger, ombygget 1829, bagsiden grundmuret 1931). Fredet 1919.;Vestergade 16, Ærø, Danmark;54,8903080;10,4109220
Ærø;Vestergade 22;Vestergade 22;1919;1796;Classicism;Forhuset (1796, porten i de to nordligste fag sløjfet 1963). Fredet 1919.;Vestergade 22, Ærø, Danmark;54,8900660;10,4107030
Ærø;Vestergade 23;Vestergade 23;1919;1766;Classicism;Forhuset (før 1766, bagsiden forhøjet 1954). Fredet 1919.;Vestergade 23, Ærø, Danmark;54,8897940;10,4106840
Ærø;Vestergade 28;Vestergade 28;1919;ca. 1800;Classicism;Forhuset (ca. 1800). Fredet 1919.*;Vestergade 28, Ærø, Danmark;54,8537220;10,5161570
Ærø;Vestergade 44-46;Apoteket;1919;1784;Classicism;Forhuset (1784-86). Fredet 1919.*;Vestergade 44-46, Ærø, Danmark;54,8892587;10,4100481
Ærø;Vestergade 5;Vestergade 5;1919;1788;Classicism;Forhuset (før 1788). Fredet 1919.;Vestergade 5, Ærø, Danmark;54,8556120;10,5149200
Ærø;Vitsø 33;Vitsø Nor Pumpemølle;1959;1838;Classicism;Vindmøllen (1838). Fredet 1959.*;Vitsø 33, Ærø, Danmark;54,9250580;10,2473210
Ærø;Ærøskøbing Havn 3 A;Kogehuset;1979;ca. 1800;Classicism;Kogehuset (ca. 1800, ombygget til fyr 1860-62). Fredet 1979.;Ærøskøbing Havn 3 A, Ærø, Danmark;54,8899862;10,4134093
Ærø;Østergade 9;Østergade 9;1991;1766;Classicism;Bindingsværkshuset (1766) og haven (anlagt 1944 ved Johannes Tholle). Fredet 1991.*;Østergade 9, Ærø, Danmark;54,8579670;10,5193500
Ærø;Borgnæsvej 16;Kammerrådgård;2003;1877;Historicism;Kammerrådgården med det fritliggende stuehus (1877), tre sammenbyggede avlslænger (1827-1949), belægningerne langs bygningerne samt gårdspladsens brolægning. Fredet 2003.;Borgnæsvej 16, Ærø, Danmark;54,8945960;10,3507680
Ærø;Brogade 20;Brogade 20;1919;1850;Historicism;Forhuset (1850-52, kvisten opsat mellem 1865 og 1867, bagsiden grundmuret formentlig i begyndelsen af 1900-tallet). Fredet 1919.;Brogade 20, Ærø, Danmark;54,8887640;10,4117260
Ærø;Brogade 28;Brogade 28;1919;1700;Baroque and rococo;Forhuset (1700-tallet, gadesiden grundmuret 1821 og senere). Fredet 1919.;Brogade 28, Ærø, Danmark;54,8884050;10,4113060
Ærø;Gyden 16;Zahrtmanns Hus;1940;1700;Baroque and rococo;Forhuset (1700-tallet, forsiden grundmuret i 1840'rne, bagsiden efter 1867). Fredet 1940.;Gyden 16, Ærø, Danmark;54,8888750;10,4111370
Ærø;Smedegade 29;Smedegade 29;1999;1700;Baroque and rococo;Forhuset (1700-tallet). Fredet 1999.*;Smedegade 29, Ærø, Danmark;54,8895330;10,4122780
Ærø;Smedegade 37;Smedegade 37;1919;1700;Baroque and rococo;Forhuset (1700-tallet). Fredet 1919.;Smedegade 37, Ærø, Danmark;54,8892330;10,4124890
Ærø;Søndergade 32;Priors Hus;1919;1690;Baroque and rococo;Forhuset (1690). Fredet 1919. *;Søndergade 32, Ærø, Danmark;54,8873400;10,4124280
Ærø;Søndergade 4;Søndergade 4;1919;1700;Baroque and rococo;Forhuset (1700-tallet, gadesiden og karnappen grundmuret formentlig 1818, bagsiden grundmuret 1850). Fredet 1919.;Søndergade 4, Ærø, Danmark;54,8880720;10,4099340
Ærø;Søndergade 55 (Gåsetorvet);Søndergade 55;1919;1700;Baroque and rococo;Forhuset (1700-tallet, karnapudbygningen 1811, grundmuret mellem 1825 og 1852). Fredet 1919.;Søndergade 55 (Gåsetorvet), Ærø, Danmark;;
Ærø;Vestergade 18;Vestergade 18;1919;1700;Baroque and rococo;Forhuset (1700-tallet, gennemgribende ombygget 1880). Fredet 1919.;Vestergade 18, Ærø, Danmark;54,8902360;10,4108730
Ærø;Vestergade 29;Postbygningen;1919;1749;Baroque and rococo;Forhuset (1749, udvidet og grundmuret mellem 1798 og 1821, porten sløjfet 1926-27). Fredet 1919.;Vestergade 29, Ærø, Danmark;54,8895030;10,4104050
Ærø;Vestergade 30;Vestergade 30;1919;1700;Baroque and rococo;Forhuset (1700-tallet, efterhånden omsat i grundmur mellem 1804 og 1880). Fredet 1919.;Vestergade 30, Ærø, Danmark;54,8530830;10,5165570
Ærø;Vestergade 41 A-C;Vestergade 41 A-C;1919;1700;Baroque and rococo;Forhuset (1700-tallet, gadesiden med karnappen grundmuret 1783, forlænget med tre fag 1801, udbygning mod gården før 1821, gårdsiden grundmuret senest 1852) og staldbygningen mod Vestergade (1871). Fredet 1919. *;Vestergade 41 A-C, Ærø, Danmark;54,8892587;10,4100481
Ærø;Gydeagre 2;Stensagergård;1994;;;Den vinkelformede bygning indeholdende stuehus og stald samt de to brolagte gårdspladser. Fredet 1994.;Gydeagre 2, Ærø, Danmark;54,8680400;10,4059460
Assens;Alléen 5;Løgismose;1918;1500-tallet;Renaissance;"Hovedbygningen (nordøstre fløj beg. af 1500-tallet; nordvestre fløj 1575, ombygget 1631 og 1644; trappetårn og sydvestre fløj 1883). Fredet 1918.*";Alléen 5, Assens, Danmark;55,1868530;10,0830120
Assens;Damgade 1;Damgade 1;1954;1600-tallet;Renaissance;De to bindingsværkshuse mod Ladegårdsgade (tidl. Ladegårdsgade 2 og 4). Fredet 1954.*;Damgade 1, Assens, Danmark;55,2706210;9,8929860
Assens;Jørgen Brahesvej 1;Brahesborg;1918;1638-56;Renaissance;Hovedbygning (1638-56, ombygget 1756). Fredet 1918. Hængebroen (1850) med fundamenter i granitkvadre og jordfæster i støbejern. Fredet 1998.*;Jørgen Brahesvej 1, Assens, Danmark;;
Assens;Korsgade 11;Madam Bundsens Hus;1918;1575;Renaissance;Forhuset (ca. 1575). Fredet 1918.*;Korsgade 11, Assens, Danmark;55,2707190;9,8961640
Assens;Korsgade 22;Korsgade 22;1954;1600;Renaissance;Gavlhuset (antagelig omkring 1600). Fredet 1954.*;Korsgade 22, Assens, Danmark;55,2709400;9,8963410
Assens;Ladegårdsgade 1, hj. af Ramsherred;Ladegårdsgade 1;1919;1500-tallet;Renaissance;Forhuset (slutn. af 1500-tallet). Fredet 1919.;Ladegårdsgade 1, hj. af Ramsherred, Assens, Danmark;;
Assens;Ladegårdsgade 41;Ladegårdsgade 41;1983;1600;Renaissance;Ladebygningen (ca. 1600, 1700-tallet). Fredet 1983.;Ladegårdsgade 41, Assens, Danmark;55,2712500;9,8963850
Assens;Østergade 11;Østergade 11;1919;1500-tallet;Renaissance;Forhuset (1500-tallet). Fredet 1919.;Østergade 11, Assens, Danmark;55,2700220;9,8945830
Assens;Ege Allé 5;Kobbelhuset;1973;1973;Modernism;Det tidligere porthus. Fredet 1973.*;Ege Allé 5, Assens, Danmark;55,2219180;10,0045300
Assens;Langgade 29;Flemløse Kirkelade;1950;1950;Modernism;Kirkeladen (middelalder og senere). Fredet 1950.*;Langgade 29, Assens, Danmark;55,2506450;10,0672260
Assens;Lundagervej 27;Sulegården i Grimstrup;1971;1971;Modernism;Den firelængede gård. Fredet 1971.*;Lundagervej 27, Assens, Danmark;55,2800470;9,9364940
Assens;Billeskovvej 9;Billeskov;1932;1796;Classicism;Hovedbygningen (1796) med det i haven liggende voldsted (1577). Fredet 1932.;Billeskovvej 9, Assens, Danmark;55,3476990;9,9512010
Assens;Brydegaardsvej 10;Brydegård;1992;1800;Classicism;Stuehuset, stenhuset (ca. 1800), portbygningen og de to udhusbygninger (ca. 1890) samt smedien (ca. 1850). Fredet 1992.;Brydegaardsvej 10, Assens, Danmark;55,2079160;9,9964120
Assens;Byvejen 11;Tjenergården;1991;1821;Classicism;Det firelængede anlæg bestående af et fritliggende stuehus (1821), tre sammenbyggede stald- og ladebygninger og hesteomgangsbygningen på østlængen (1930) samt brolægningen på gårdspladsen. Fredet 1991.*;Byvejen 11, Assens, Danmark;55,2626740;10,1186870
Assens;Dreslettevej 5;Dreslettevej 5;1990;1795;Classicism;Det firelængede gårdanlæg (1795, stuehuset forlænget 1847), tilbygningen på vestlængen (1910) og den brolagte gårdsplads. Fredet 1990.;Dreslettevej 5, Assens, Danmark;55,2214910;10,0389470
Assens;Fåborgvej 108;Fåborgvej 108;1994;1780-90;Classicism;Det trelængede bygningsanlæg (1780-90) i bindingsværk og stråtag bestående af det tifags fritliggende stuehus og de to symmetrisk beliggenge udlænger, begge i fem fag, den ene med udskud og den anden forbundet med stuehuset ved en bindingsværksmur forsynet med en revledør - tillige med den brostensbelagte gårdsplads indrammet af bebyggelsen. Fredet 1994.;Fåborgvej 108, Assens, Danmark;55,2504140;9,9535210
Assens;Helnæs Byvej 3;Bogården;1982;1787;Classicism;Den firelængede gård (stuehuset 1787, udlængerne 1880'erne). Fredet 1982.*;Helnæs Byvej 3, Assens, Danmark;55,1683110;9,9862370
Assens;Hårbyvej 2;Hårbyvej 2;1991;1775;Classicism;Det sammenbyggede, firelængede gårdanlæg (stuehuset ca. 1775, ombygget med 17 fag ca. 1800, østlængen med suler ca. 1700, sydlængen ca. 1700 og ombygget med grundmur i 1908 og vestlængen ca. 1800 delvis i grundmur 1880) samt den brolagte gårdsplads. Fredet 1991.;Hårbyvej 2, Assens, Danmark;55,2398630;10,0698570
Assens;Kirke Søbyvej 73;Kirke Søby gamle Degnebolig;1979;1790'erne;Classicism;Det enetages bindingsværkshus (1790'erne). Fredet 1979.*;Kirke Søbyvej 73, Assens, Danmark;55,2623960;10,0254210
Assens;Klaregade 22;Damgård;1989;1800;Classicism;Den firelængede gård (stuehus ca. 1800, længerne slutn. af 1800-tallet) med brolagt gårdsplads. Fredet 1989.*;Klaregade 22, Assens, Danmark;55,2570530;10,1325780
Assens;Klaregade 23;Vestfynsk Hjemstavnsgård, Landmålergården;1950;1750;Classicism;Det firelængede gårdanlæg (nord- og østlængen ca. 1750, vestlænge beg. af 1800-tallet, sydlænge 1826), den vinkelformede udlænge (1700-1900-tallet) og den tilflyttede smedie (1746) og urmagerhuset (1776). Fredet 1950.*;Klaregade 23, Assens, Danmark;55,2571190;10,1329940
Assens;Klaregade 25;Risagergård;1989;1700-tallet;Classicism;Bindingsværksstuehuset (slutningen af 1700-tallet). Fredet 1989.;Klaregade 25, Assens, Danmark;55,2567920;10,1333610
Assens;Krengerupvej 96;Krengerup;1918;1772;Classicism;Krengerup hovedbygning (1772), avlsgården (1771), hvoraf vestfløjen is een agerumslade, hesteomgangen (ca.1850) tilbygget vestlængen mod vest, de to fritliggende bygninger mod øst, hvoraf bygningen mod syd er en vandmølle (1838), samt gårdspladsen på Krengerup, inklusiv den gennemgående vej mod vest og dennes belægninger umiddelbart nord og syd for avlsgårdens porte. Hertil kommer møllesøen med stensætninger herunder den markstensbelagte rampe til hestevask, det stensatte tilløb under landevejen, den stensatte underjordiske kanal under gårdspladsen, den stensatte sluse med stemmeværk, malerenden og fraløbskanalen med stensætninger ved Krengerup Mølle. Fredet 1918. Udvidet 2007 og 2011.*;Krengerupvej 96, Assens, Danmark;55,3092360;10,1194900
Assens;Kærlighedsstien 1;Skydebjerg Præstegård, tidl.;1972;1792;Classicism;Stuehuset (ca. 1792 med senere tilføjelser), sulebygningen mod nord og den dermed sammenbyggede portlænge i vest (1777). Fredet 1972.*;Kærlighedsstien 1, Assens, Danmark;55,3612280;10,0469980
Assens;Mosegårdsvej 3;Mosegård;1996;1847;Classicism;Den firelængede gård med stuehuset (1847) og de dermed sammenbyggede tre udlænger (syd- og vestlængerne 1855-1880, østlængen 1880), den fritliggende svinestald (1908) samt gårdspladsen med pigstensbelægning. Fredet 1996.*;Mosegårdsvej 3, Assens, Danmark;55,2190640;10,0368830
Assens;Mosegårdsvej 9;Bregneholm;1997;1840;Classicism;Den firelængede bondegård bestående af det fritliggende stuehus (1840), østlængen (1833), sydlængen (1835, ombygget ca. 1900), vestlængen, den fritliggende kampestenslænge mod sydwest (ca. 1900) og den pigstensbelagte gårdsplads med granittrug. Fredet 1997.*;Mosegårdsvej 9, Assens, Danmark;55,2213480;10,0356520
Assens;Nordre Havnevej 14 A;Kogehuset på Kogehusmolen;1954;1824;Classicism;Kogehus (1824, flyttet 1953, genopført 1971). Fredet 1954.;Nordre Havnevej 14 A, Assens, Danmark;55,2701420;9,8891080
Assens;Nordre Havnevej 19;Toldkammerbygningen;1978;1834;Classicism;Toldkammerbygningen (1834 af Jørgen Hansen Koch), sidehus og forhus mod Strandgade (1845). Fredet 1978.*;Nordre Havnevej 19, Assens, Danmark;55,2705370;9,8904380
Assens;Nørrelundsvej 2;Solhøj, Aldershvile (tidl.);1950;1840'rne;Classicism;Hovedbygningen, de to bindingsværksfløje samt de forbindende mure og porte (1840'rne). Fredet 1950.*;Nørrelundsvej 2, Assens, Danmark;55,2256550;10,0320580
Assens;Prinsevej 51;Spinderhuset;1984;1700-tallet;Classicism;Det tidl. porthus (beg. af 1700-tallet, ombygget ca. 1875 og 1925). Fredet 1984.*;Prinsevej 51, Assens, Danmark;55,2367200;9,9869910
Assens;Sandhammeren 3;Bågø Fyr;1945;1816;Classicism;Fyrtårnet (1816). Fredet 1945.*;Sandhammeren 3, Assens, Danmark;55,2959872;9,8002634
Assens;Skårupvej 1;Skårup;1984;1800;Classicism;Den firelængede gård med den brolagte gårdsplads (ca. 1800). Fredet 1984.*;Skårupvej 1, Assens, Danmark;55,2155460;10,0543140
Assens;Slots Allé 1;Hagenskov, Frederiksgave;1918;1744-76;Classicism;Hovedbygningen (1744-76 af Georg Erdman Rosenberg) og muren omkring parken samt smedien (sidste halvdel af 1700-tallet). Fredet 1918.*;Slots Allé 1, Assens, Danmark;55,2275350;9,9877390
Assens;Søndersøvej 108;Søndersøvej 108;1990;1810;Classicism;Det firelængede sammenbyggede gårdanlæg med den sydlige ladetilbygning (før 1810) samt den brolagte gårdsplads. Fredet 1990.;Søndersøvej 108, Assens, Danmark;55,4063900;10,1666740
Assens;Vandværksvej 1;Vandværksvej 1;1990;1800;Classicism;Den trelængede boelsgård (stuehus beg. af 1800-tallet), brolægningen foran stuehuset samt den grundmurede staldbygning (ca. 1900) og møddingen med kampestensgærdet omkring. Fredet 1990.*;Vandværksvej 1, Assens, Danmark;55,2743640;10,1068450
Assens;Voldtoftevej 13;Voldtoftevej 13;1995;1830;Classicism;Landarbejderhuset (1830). Fredet 1995.;Voldtoftevej 13, Assens, Danmark;55,2402920;10,0725810
Assens;Voldtoftevej 40;Villumgård;1990;1800;Classicism;Det sammenbyggede firelængede gårdanlæg med korsarm på stuehuset (ca. 1800) og den brolagte gårdsplads. Fredet 1990.*;Voldtoftevej 40, Assens, Danmark;55,2394460;10,0804360
Assens;Voldtoftevej 8;Venekærgård;1988;1810-20;Classicism;Den firelængede gård (1810-20) og gårdspladsen. Fredet 1888.;Voldtoftevej 8, Assens, Danmark;55,2394390;10,0726750
Assens;Østergade 27;Apoteket;1978;1847-48;Classicism;Hjørnebygningen samt stalden mod Korsgade (1847-48). Fredet 1978.*;Østergade 27, Assens, Danmark;55,2701510;9,8961890
Assens;Østergade 42;Brydes Gård;1919;1777;Classicism;Forhuset (1777). Fredet 1919.;Østergade 42, Assens, Danmark;55,2698950;9,8976290
Assens;Brahesborgvej 29;Toftlund;1996;1852-55;Historicism;Det fritliggende stuehus (1852-55, ombygget sidst i 1800-tallet), den fritliggende bindingsværksbygning (1700-tallet), den brostensbelagte gårdsplads og kastaniealléen ved indkørslen. Fredet 1996.* Delvis ophævet 2016;Brahesborgvej 29, Assens, Danmark;55,2801670;9,9379210
Assens;Erholmvej 25;Erholm;1964;1851-54;Historicism;Hovedbygningen og de to sammenbyggede fløje om gårdpladsen (1851-54 af J.D. Herholdt). Fredet 1964.*;Erholmvej 25, Assens, Danmark;55,3960550;10,0489600
Assens;Kertevej 56;Kerte Præstegård;1979;1914-15;Historicism;Stuehuset (1914-15 af Hjalmar Kjær), østlængen (sulebygning ca. 1650) og vestlængen (1876). Fredet 1979.;Kertevej 56, Assens, Danmark;55,3639040;9,9896200
Assens;Krengerupvej 6;Kamgården;1996;1856;Historicism;Den firelængede bondegård bestående af stuehuset (1856), laden mod syd (1863), stalden mod vest (1865), kampestenslængen mod nord (ca. 1900), portlængen (1866) og gårdspladsen med brostensbelægning. Fredet 1996.;Krengerupvej 6, Assens, Danmark;55,3165970;10,2042590
Assens;Kærvangen 22;Turup Sprøjtehus;1986;1866;Historicism;Sprøjtehuset (1866). Fredet 1986.;Kærvangen 22, Assens, Danmark;55,2990620;9,9932780
Assens;Odensevej 119 A;Øxnebjerg Vindmølle;1964;1859;Historicism;Vindmøllen (1859). Fredet 1964.*;Odensevej 119 A, Assens, Danmark;55,2628050;9,9898660
Assens;Overgade 18;Skaldbjerggård;1996;1860;Historicism;Den firelængede bondegård bestående af stuehuset, agerumsladen mod nord, svinestalden mod nordøst, vestlængen og hesteomgangen i gården (alle 1860) samt den fritliggende længe vest for gården (1700-tallet). Fredet 1996.;Overgade 18, Assens, Danmark;55,3671410;10,1489240
Assens;Solevadvej 44;Solevad Vandmølle;1959;1870;Historicism;Solevad Vandmølle (1870), kværn i nabobygning samt aksel fra møllen hertil, møllesø, stemmeværk og tilløb til møllen (begge 1996), bagvand samt den del af Holmehave Bæk, som løber fra stemmeværk til sammenløbet med møllens bagvand, samt stensatte kanter ved møllesø, tilløb, bagløb og friløb. Fredet 1959. Udvidet 2011.;Solevadvej 44, Assens, Danmark;55,3046960;10,2740880
Assens;Stationsvej 17;Tommerup Station;1992;1883;Historicism;Hovedbygning (1883 af Thomas Arboe). Fredet 1992.;Stationsvej 17, Assens, Danmark;55,3728440;10,1053770
Assens;Søndre Ringvej 4;Assens Station;1992;1884;Historicism;Hovedbygningen (1884 af N.P. Holsøe). Fredet 1992.*;Søndre Ringvej 4, Assens, Danmark;55,2692190;9,8914960
Assens;Østergade 38 D;Plums Tømmerlade;2003;1915;Historicism;Den store gule trælade (1915). Fredet 2003.;Østergade 38 D, Assens, Danmark;55,2693980;9,8967830
Assens;Helnæsvej 1;Flenstofte;1932;1748;Baroque and rococo;Den trefløjede hovedbygning med foranstående borner (1748 og ca. 1790). Fredet 1932.*;Helnæsvej 1, Assens, Danmark;55,2139950;9,9982090
Assens;Landevejen 24;Jordløse Præstegård;1918;1734;Baroque and rococo;Det firelængede bygningskompleks (1734 ff., genopført 1982-83 efter brand). Fredet 1918.;Landevejen 24, Assens, Danmark;55,1998250;10,1563670
Assens;Møllebakken 60;Fuglegården;1984;1737;Baroque and rococo;Stuehuset og udlængen (1737) samt gårdspladsen. Fredet 1984.*;Møllebakken 60, Assens, Danmark;55,3216850;10,2126230
Assens;Slots Allé 26;Hagenskov Slotsmølle;1991;1600-tallet;Baroque and rococo;Den tidl. vandmølle (1600-tallet, forlænget ca. 1750), samt staldlængen i bindingsværk (beg. af 1800-tallet). Fredet 1991.*;Slots Allé 26, Assens, Danmark;55,2232010;9,9970240
Assens;Strandbyvej 62 A;Damsbo;1918;1656;Baroque and rococo;Hovedbygningen (1656). Fredet 1918.;Strandbyvej 62 A, Assens, Danmark;55,1838530;10,1426200
Assens;Strandgade 7;Hotel Postgården;1971;1700;Baroque and rococo;Forhuset med tilbygning på gårdsiden (ca. 1700). Fredet 1971.*;Strandgade 7, Assens, Danmark;55,2705430;9,8919060
Assens;Søbovej 12;Søbo;1979;1720'rne;Baroque and rococo;Den vinkelbyggede hovedbygning (1720'rne, muligvis ombygning af et hus fra 1650'erne). Fredet 1979.*;Søbovej 12, Assens, Danmark;55,2062750;10,2028010
Assens;Østergade 36;Willemoesgården;1918;1675;Baroque and rococo;Hjørnehuset (1675). Fredet 1918.*;Østergade 36, Assens, Danmark;55,2697950;9,8964110
Billund;Billundvej 47;Gyttegård;1996;1916;Historicism;Villaen (1916 af Martin Borch). Fredet 1996.;Billundvej 47, Billund, Danmark;55,7100950;9,0373800
Bornholm;Møllebakken 13;Svaneke Stubmølle;1960;1634;Renaissance;Stubmøllen (1634). Fredet 1960.*;Møllebakken 13, Bornholm, Danmark;55,1804630;14,7091760
Bornholm;Jørn Utzons Sti 2 og Hans Thygesensvej 46A;Svaneke Vandtårn og Pumpestation;1990;1952;Modernism;Vandtårnet (1952 af Jørn Utzon) samt pumpestation. Fredet 1990. Udvidet 2015;Jørn Utzons Sti 2 og Hans Thygesensvej 46A, Bornholm, Danmark;;
Bornholm;Strandvejen 10;Slusegårds Vandmølle og Ørredhus;1960;1960;Modernism;Vandmøllen (ca. 1800), Ørredhuset (ca. 1850), mølledammen med stigbord til vandmølle og ørredhus, til- og fraløb med stensatte bredder ved vandmølle og ørredhus indtil sammenløb med friløbet, omløb med stendæmning og friløb med stemmeværk indtil sammenløb med Øle Å, nyere omløb med ørredtrappe, Kildehuset (ca. 1850, genopført i 1960’erne), Klækkeriet (1960’erne til erstatning af den oprindelige bygning fra ca. 1850), markstensbrolægning og stensætninger ved møllen og ørredhuset samt stenheller ved overgangene. Fredet 1960. Udvidet 2016;Strandvejen 10, Bornholm, Danmark;55,0014600;14,9985930
Bornholm;Gudhjemvej 28-30;Østerlars Præstegård;1990;1836;Classicism;Det stråtækte trelængede bindingsværksgårdanlæg (1836), den brolagte gårdsplads med pumpebrønd og de to kastanietræer. Fredet 1990.;Gudhjemvej 28-30, Bornholm, Danmark;55,1679376;14,9600042
Bornholm;Købmagergade 33;Amtsgården (tidl.), Nexø;1954;1803;Classicism;Forhuset (1803). Fredet 1954.*;Købmagergade 33, Bornholm, Danmark;55,0595240;15,1330230
Bornholm;Laksegade 7;Erichsens Gård, Rønne;1919;1807;Classicism;Forhuset (1807, kvisten fra ca. 1830 og to vestlige fag 1838), havehuset (1815), gårdspladsen med retirade og haven bag forhuset samt de to havemure mod Laksegade. Fredet 1919. Udvidet. 2003.*;Laksegade 7, Bornholm, Danmark;55,1036200;14,6977030
Bornholm;Marie Kofoedsvej 1, 3 og 5;Etatsrådinde Marie Kofoeds Stiftelse, Rønne;1977;1812;Classicism;Bindingsværkslængen (1812). Fredet 1977.*;Marie Kofoedsvej 1, 3 og 5, Bornholm, Danmark;;
Bornholm;Melsted By 8;Stråhytten, Melsted;1975;1800;Classicism;Stuehuset (ca. 1800-1850) og røgeriskorstenen (ca. 1880). Fredet 1975.*;Melsted By 8, Bornholm, Danmark;55,2031650;14,9811640
Bornholm;Melstedvej 25;Melstedgård;1950;1796;Classicism;Det firelængede gårdanlæg med tværlænge (stuehuset 1796 og 1865, de øvrige længer 1859-73 og senere). Fredet 1950.*;Melstedvej 25, Bornholm, Danmark;55,2025570;14,9792030
Bornholm;Melstedvej 25 M (tidl;Møllegade 7 A);1959;1800;Classicism;Tejn Stubmølle. Stubmøllen (ca. 1800, flyttet 1850 og 2006). Fredet 1959.;Melstedvej 25 M (tidl, Bornholm, Danmark;;
Bornholm;Munch Petersens Vej 9;Amtsforvaltergården, Rønne;1985;1847;Classicism;Vestfløjen (1847-48 af Ferdinand Thielemann). Fredet 1985. (Fredning af midter- og østfløj ophævet 2003.);Munch Petersens Vej 9, Bornholm, Danmark;55,1000060;14,6943960
Bornholm;Nexøvej 74 A;Egeby Stubmølle;1964;1784;Classicism;Stubmøllen (1784).Fredet 1964.*;Nexøvej 74 A, Bornholm, Danmark;55,0645000;15,0018590
Bornholm;Nybrovej 47;Lille Frigård;1979;1778;Classicism;"Den firelængede bindingsværksgård med udbygning mod nord og """"gårdkone"""" samt gårdspladsens brolægning. Fredet 1979.";Nybrovej 47, Bornholm, Danmark;55,1603830;14,9961070
Bornholm;Stenbrudsvej 55;Stenbrudsgården, Nexø;1988;1759;Classicism;Hovedbygningen og sidebygningen, forhaven med sandstensgærder og to elmetræer, de to tøjringssten ved sandstensgærdets yderside samt de to indkørselssten ved hovedbygningens nordgavl (1759 af Jacob Fortling), de to udlænger, den mark- og sandstensbelagte gårdsplads med sandstensbord, brønd og møddingsplads, de tre sandstenssatte brønde i haven med brøndskur af store lodretstående sandstensfliser samt sandstensgærderne og det nærmeste areal omkring bygningerne, brøndene og sandstensgærder. Fredet 1988. Udvidet 1997 og 1998.*;Stenbrudsvej 55, Bornholm, Danmark;55,0752920;15,1430140
Bornholm;Store Torv 1;Rønne Tinghus;1977;1834;Classicism;Tinghuset (Det tidl. Ting-, Råd- og Arresthus, 1834 af Henning Pedersen). Fredet 1977.*;Store Torv 1, Bornholm, Danmark;55,1024710;14,6997170
Bornholm;Storegade 28;Storegade 28, Svaneke;1987;1761;Classicism;Forhuset samt den del af stald- og ladebygningen, der har gavl mod Storegade (størstedelen af forhuset før 1761, med senere ændringer, stald- og ladebygningen 1866). Fredet 1987.;Storegade 28, Bornholm, Danmark;55,1009570;14,6956990
Bornholm;Storegade 42;Kommandantboligen, Rønne;1919;1846;Classicism;"Kommandantboligen"", bestående af forhuset (1846-47) med sidelænger (før 1761, ombygget 1846-47) samt havehuset (u.å.) og bindingsværkmuren og kampestensgærdet mod Rosengade. Fredet 1919. Udvidet 2003. *";Storegade 42, Bornholm, Danmark;55,1029600;14,6963190
Bornholm;Søborgstræde 11;Rønne Præstegård;1969;1830;Classicism;Den trelængede gård (1830-31 af Henning Pedersen), udhuset samt de to kampestensmure og bindingsværksmuren. Fredet 1969.*;Søborgstræde 11, Bornholm, Danmark;55,1006730;14,6978670
Bornholm;Søndergade 14 og Bagergade 12;Købmand Rønnes Gård, Rønne;1924;1813;Classicism;"Købmand Rønnes Gård"", bestående af forhuset med side- og baghuset (1813), den brolagte gårdsplads med morbærtræet bag Søndergade 14 samt havemuren mod Bagergade. F. 1924. Udv. 2003.*";Søndergade 14 og Bagergade 12, Bornholm, Danmark;;
Bornholm;Teaterstræde 2;Rønne Teater;1938;1783;Classicism;Hovedbygningen på hjørnet af Østergade og Teaterstræde (1783) samt længen til Teaterstræde (1823). Fredet 1938.*;Teaterstræde 2, Bornholm, Danmark;55,0997370;14,6990880
Bornholm;Toldbodgade 2, tidl;Munch Petersensvej 7;1984;1761;Classicism;Toldbodgade 2, Rønne. Forhuset (før 1761) med tilbygning (mellem 1774 og 1781) samt havemuren mod Toldbodgade. Fredet 1984. Udvidet 2003.*;Toldbodgade 2, tidl, Bornholm, Danmark;;
Bornholm;Vagtbodgade 2;Vagtbodgade 2, Svaneke;1973;1841;Classicism;Magasinbygningen (1841). Fredet 1973.*;Vagtbodgade 2, Bornholm, Danmark;55,0539340;14,7778080
Bornholm;Vandmøllevej 8;Vang Vandmølle;1959;1800;Classicism;Vandmøllen (ca. 1800). Fredet 1959.;Vandmøllevej 8, Bornholm, Danmark;55,2471020;14,7361520
Bornholm;Vigebakke 1 A;Vigebakke 1, Svaneke;1987;1761;Classicism;Gadehuset (sidehus to Storegade 28) samt den del af stald- og ladebygningen, der har gavl mod Storegade (sidehuset opført før 1761, med senere ændringer, stald- og ladebygningen 1866).Fredet 1987.;Vigebakke 1 A, Bornholm, Danmark;55,1372890;15,1391940
Bornholm;Ølenevej 8;Øster Ellebygård;2000;1794;Classicism;Stuehuset (ca. 1794), de tre udlænger (østlængen ca. 1856, sydlængen midten af 1800-tallet med tværlænge ca. 1915 og vestlængen 1868) samt den brolagte gårdsplads med brønd og stander to brøndvippen. Fredet 2000.;Ølenevej 8, Bornholm, Danmark;55,1284820;15,0171710
Bornholm;Østergade 2;Karnaphuset, Rønne;1974;1750;Classicism;Forhuset (ca. 1750). Fredet 1974.;Østergade 2, Bornholm, Danmark;55,0993000;14,6982270
Bornholm;Almindingsvej 40;Christianshøj Trinbræt;1985;1915;Historicism;Træpavillonen og den hermed sammenbyggede mindre træbygning (1915-16 af Kay Fisker og Aage Rafn). Fredet 1985.;Almindingsvej 40, Bornholm, Danmark;55,1237530;14,9130070
Bornholm;Borgergade 11;Borgergade 11, Svaneke;1954;1861;Historicism;Det grundmurede femfags hus (1861). Fredet 1954.*;Borgergade 11, Bornholm, Danmark;55,1041490;14,6976100
Bornholm;Ferskesøstræde 36;Martin Andersen Nexø's Barndomshjem;1983;1879;Historicism;Beboelseshuset (1879), udhuset og muren mellem disse. Fredet 1983.*;Ferskesøstræde 36, Bornholm, Danmark;55,0576970;15,1276230
Bornholm;Gaden 44;Årsdale Mølle;1960;1877;Historicism;Vindmøllen (1877). Fredet 1960.*;Gaden 44, Bornholm, Danmark;55,1039190;15,1436040
Bornholm;Godthåbsvej 59B;Østermarie Station;1984;1915;Historicism;Den tidl. stationsbygning med varehus (1915-16 af Aage Rafn og Kay Fisker). Fredet 1984.*;Godthåbsvej 59B, Bornholm, Danmark;55,1441520;15,0074260
Bornholm;Kirkebakken 9;Missionshuset Siloam, Svaneke;2003;1897;Historicism;Missionshuset (1897). Fredet 2003.;Kirkebakken 9, Bornholm, Danmark;55,2455690;14,8366320
Bornholm;Laksegade 5;Laksegade 5, Rønne;1954;1850;Historicism;Forhuset (ca. 1850-1900). Fredet 1954.*;Laksegade 5, Bornholm, Danmark;55,1035730;14,6972950
Bornholm;Lille Madsegade 32-34;Rønne Elværk og Badeanstalt;2015;1910;Historicism;Rønne Elektricitetsværk og Badeanstalt (1910-12 af Anton Rosen) med senere tilbygninger og den åbne plads mod Lille Madsegade. Fredet 2015*;Lille Madsegade 32-34, Bornholm, Danmark;55,1047672;14,7035737
Bornholm;Nexøvej 26;Myreagre Mølle;1971;1865;Historicism;Vindmøllen (1865). Fredet 1971.;Nexøvej 26, Bornholm, Danmark;55,0686120;14,9656640
Bornholm;Nybrovej 33;Østerlars Station;1984;1915;Historicism;Den tidl. stationsbygning med varehus (1915-16 af Aage Rafn og Kay Fisker). Fredet 1984.;Nybrovej 33, Bornholm, Danmark;55,1647410;14,9690480
Bornholm;Nørrevang 9 C;Svanemøllen, Svaneke;1960;1864;Historicism;Vindmøllen (1864). Fredet 1960.*;Nørrevang 9 C, Bornholm, Danmark;55,1372500;15,1340930
Bornholm;Pilegade 7 B;Missionshuset Menighedshjemmet, Allinge;2003;1889;Historicism;Missionshuset (1889). Fredet 2003.;Pilegade 7 B, Bornholm, Danmark;55,2760670;14,8000670
Bornholm;Sandgade 1-11 og Store Torvegade 36A-B;Hafniahus;2015;1934;Historicism;Længen mod vest langs Store Torvegade, vinkelbygningen i Sandgade og haverummet herimellem samt garageanlægget mod nord (1934-37 af Ib Lunding). Fredet 2015*;Sandgade 1-11 og Store Torvegade 36A-B, Bornholm, Danmark;;
Bornholm;Segenvej 50;Kyllingemoderen;2013;1929;Historicism;"Dansepavillonen ""Kyllingemoderen"" (1929 af Ove Petersen). Fredet 2013";Segenvej 50, Bornholm, Danmark;55,1218280;14,9064760
Bornholm;Stationsvej 1;Gudhjem Station (tidl.);1984;1915;Historicism;Den tidl. stationsbygning (1915-16 af Aage Rafn og Kay Fisker), de to murede piller samt mønsterbrolægningen mellem disse og under perrontaget. Fredet 1984.;Stationsvej 1, Bornholm, Danmark;55,1400820;14,7680220
Bornholm;Storegade 15;Storegade 15, Aakirkeby;1988;1856;Historicism;Forhuset (1856) og den brolagte forplads med kastanietræ ud for ejendommen Storegade 15. Fredet 1988.;Storegade 15, Bornholm, Danmark;55,1816230;14,7100670
Bornholm;Søndre Bæk 18;Peter Nielsens Røgeri, Hasle;1986;1897;Historicism;Røgerilængen med de fire skorstene (1897 og 1922), bræddeudbygningen mod vest samt den fritliggende bræddebygning vest herfor. Fredet 1986.;Søndre Bæk 18, Bornholm, Danmark;55,1800000;14,7033660
Bornholm;Søndre Landevej 55;Saksebro Mølle;1960;1874;Historicism;Vindmøllen (1874) og den trelængede møllegård (1800-tallet). Fredet 1960.;Søndre Landevej 55, Bornholm, Danmark;55,0426230;15,1050960
Bornholm;Vestergade 1;Vestergade 1, Svaneke;1982;1854;Historicism;Forhuset (1854-55), længe i vest (1862), tværlænge to vestlængen (1888) samt længe mod kirkegården (1837 og senere). Fredet 1982.;Vestergade 1, Bornholm, Danmark;55,1813190;14,7052170
Bornholm;Arsenalvej 8, tidl;Sønder Allé 24;1954;1689;Baroque and rococo;Kastellet, Rønne. Tårnet, magasinbygningerne og voldanlægget (1689, 1841). Fredet 1954.*;Arsenalvej 8, tidl, Bornholm, Danmark;;
Bornholm;Gl;Rønnevej 1 A (tidl;1947;1700;Baroque and rococo;Rønnevej 1). Vangegemmerhuset, Nexø. Kampestensbygningen (1700-tallet). Fredet 1947.;Gl, Bornholm, Danmark;55,0429060;15,0626340
Bornholm;Krystalgade 5;L;1984;1700;Baroque and rococo;Hjorts Terracottafabrik, Rønne. Det nordøstre forhus (mellem 1847 og 1860, kvisten efter 1861), det sydvestre forhus (mellem 1874 og 1882, ombygget og forhøjet efter 1902), det vestre sidehus (1700-tallet), det lange vestre baghus (bindingsværksdelen 1700-tallet, den grundmurede del ca. 1920), det korte baghus (ca. 1920), mellembygningen og det østre sidehus (bagsiden 1800-tallet, gårdsiden før 1900) samt hegnsmuren og porten mod gaden, gårdspladsen og haven med lysthuset og fortovet i Krystalgade. Fredet 1984.*;Krystalgade 5, Bornholm, Danmark;55,1025340;14,6969690
Bornholm;Langebjergvej 15;Hammersholm;2013;1700;Baroque and rococo;Stuehuset (1700-tallet, forlænget med fire fag ca. 1833). Fredet 2013.;Langebjergvej 15, Bornholm, Danmark;55,2770370;14,7666960
Bornholm;Munch Petersensvej 10;Havnesmedjen i Rønne;1973;1735;Baroque and rococo;Havnesmedien (1735).Fredet 1973.;Munch Petersensvej 10, Bornholm, Danmark;;
Bornholm;Storegade 15 A-F og Rådhusstræde 2-8;Johnsens Gård, Rønne;1969;1730;Baroque and rococo;Det trelængede anlæg med tilbygning to den nordre længe (opført i 1730'rne eller 1740'rne, facaden ombygget i 1880'erne) samt den brolagte gårdsplads. Fredet 1969. Udvidet 2004. *;Storegade 15 A-F og Rådhusstræde 2-8, Bornholm, Danmark;;
Bornholm;Storegade 19, Grønnegade;Lybækkerhuset, Rønne;1954;1700;Baroque and rococo;Bindingsværkshuset mod Grønnegade (1700-tallet). Fredet 1954.;Storegade 19, Grønnegade, Bornholm, Danmark;;
Bornholm;Storegade 36;Amtmandsboligen, Rønne;1919;1700;Baroque and rococo;"Amtmandsboligen"", bestående af forhuset (1700-tallet), de to sidehuse (u.å.) og den tidligere staldbygning. Fredet 1919. Udvidet. 2003. *";Storegade 36, Bornholm, Danmark;55,1830670;14,7067410
Bornholm;Strandpromenaden 24;Den gamle Rådstue ved Sandvig Havn;1950;1700;Baroque and rococo;Kampestensbygningen (1700-tallet). Fredet 1950.;Strandpromenaden 24, Bornholm, Danmark;55,2889720;14,7811410
Bornholm;Søndergade 12;Hovedvagten, Rønne;1919;1743;Baroque and rococo;Hovedbygning med sidefløj samt bindingsværksmuren mod Bagergade (1743-44). Fredet 1919.;Søndergade 12, Bornholm, Danmark;55,0993280;14,7012600
Bornholm;Toldbodgade 1;Toldbodgade 1, Rønne;1969;1684;Baroque and rococo;Magasinbygningen (ca. 1684). Fredet 1969.;Toldbodgade 1, Bornholm, Danmark;55,0627560;15,1328880
Brøndby;Nykær 26;Vestbad (vestlige del);2017;1957;Modernism;Den vestlige del af parken til friluftsanlægget Vestbad (1957-58 af Arkitektkontoret i Rødovre Kommune ved stadsarkitekt Børge T. Lorentzen og landskabsarkitekt C.Th. Sørensen). Fredet 2017;Nykær 26, Brøndby, Danmark;55,6690870;12,4459450
Brøndby;Kirkebjerg Allé 186;Kirkebjerg Allé 186;1988;1819;Classicism;Det otte fag lange bindingsværkshus samt luden på nordsiden (fire østlige fag ca. 1819, resten ca. 1850). Fredet 1988.*;Kirkebjerg Allé 186, Brøndby, Danmark;55,6459770;12,4092380
Brønderslev;Slotsgade 2, 4, 4a og 6;Dronninglund Hovedgård;1918;;;Dronninglund Hovedgård, bestående af det trefløjede anlæg nordvest for Dronninglund Slot. Fredet 1918. Udvidet 1950.;Slotsgade 2, 4, 4a og 6, Brønderslev, Danmark;;
Brønderslev;Slotsgade 8;Dronninglund Slot;1918;;;Den trefløjede hovedbygning med pavillonerne mod vest og gitteret mod vejen. Fredet 1918. Udvidet 1950*;Slotsgade 8, Brønderslev, Danmark;57,1550910;10,2615570
Brønderslev;Hammelmosevej 19-21;Gammel Hammelmose;1918;middelalder;Medieval;Hovedbygningens østre hus. Fredet 1918.;Hammelmosevej 19-21, Brønderslev, Danmark;57,2685978;9,7984116
Brønderslev;Voergård 6;Voergård;1918;1520;Medieval;Hovedbygningens nord- og østfløj (nordfløjens østparti ca. 1520, nordfløjens vestparti mellem 1578 og 1585 samt senere, østfløjen med hjørnetårne 1586-91) med omgivende grave. Fredet 1918.*;Voergård 6, Brønderslev, Danmark;;
Brønderslev;Storskovvej 39;Dorf Vandmølle og Dorf Møllegård;1999;1800;Classicism;Vandmøllen (1800-tallet) og møllegården bestående af stuehuset (1925), kostalden, heste- og svinestalden, laden (1914-25) og motorhuset samt den pigstensbelagte gårdsplads. Fredet 1999.;Storskovvej 39, Brønderslev, Danmark;57,2214840;10,2838440
Brønderslev;Dorfgade 6;Dorf Vindmølle;1999;1887;Historicism;Vindmøllen (1887). Fredet 1999.;Dorfgade 6, Brønderslev, Danmark;57,2229370;10,2816260
Brønderslev;Lærkevej 21;Hjermitslevgård;1918;1883;Historicism;Borggårdens vestre stenhus (ca. 1575-1600), den søndre bindingsværkslænge (ca. 1650-1700) og den østre hovedbygning (1883). Fredet 1918. Udvidet 1989.*;Lærkevej 21, Brønderslev, Danmark;57,2788100;9,8851790
Dragør;Skipperstræde 2;Skipperstræde 2;1964;1600;Renaissance;Forhuset mod von Ostensgade (1600-tallet, senere ombygget).Fredet 1964.;Skipperstræde 2, Dragør, Danmark;55,5928030;12,6728150
Dragør;Bachersmindevej 1;Krudthuset på Bachersmindevej;1984;1779;Classicism;Krudthuset (1779-83 af Wilhelm von Huth og Ernst Peymann) som del af Københavns gamle befæstningsanlæg. Fredet 1984.;Bachersmindevej 1, Dragør, Danmark;55,5833380;12,6365600
Dragør;Badstuevælen 12;Badstuevælen 12;1964;1820;Classicism;Forhus og udhus (ca. 1820). Fredet 1964.;Badstuevælen 12, Dragør, Danmark;55,5936950;12,6724130
Dragør;Badstuevælen 8;Badstuevælen 8;1964;1785;Classicism;Hovedhuset (1785 af Johan Blichmann). Fredet 1964.*;Badstuevælen 8, Dragør, Danmark;55,5938260;12,6723510
Dragør;Bjergerlav 9;Bjergerlav 9;1950;1833;Classicism;Forhuset (før 1833, senere ombygget).Fredet 1950.;Bjergerlav 9, Dragør, Danmark;55,5929410;12,6714430
Dragør;Bymandsgade 12;Blegerhuset;1987;1800;Classicism;Blegerhuset (slutn. af 1800-tallet). Fredet 1987.*;Bymandsgade 12, Dragør, Danmark;55,5917130;12,6716110
Dragør;Byskriverstræde 5;Byskriverstræde 5;1964;1784;Classicism;Hovedhuset (1784 og senere). Fredet 1964.*;Byskriverstræde 5, Dragør, Danmark;55,5914190;12,6735920
Dragør;Christian Mølstedsgade 12;Christian Mølstedsgade 12;1950;1793;Classicism;Hovedhuset (1793). Fredet 1950.;Christian Mølstedsgade 12, Dragør, Danmark;;
Dragør;E.C;Hammersvej 5;1950;1836;Classicism;E.C. Hammersvej 5. Hovedhus (1836). Fredet 1950.;E.C, Dragør, Danmark;55,5949118;12,6710633
Dragør;Fogdens Plads 2 A-B;Fogdens Plads 2 A-B;1945;1780;Classicism;Hovedhuset og sidehus (ca. 1780 af Johan Blichmann). Fredet 1945.;Fogdens Plads 2 A-B, Dragør, Danmark;55,5917961;12,6731945
Dragør;Gamle Havn 11;Lodsbygningen i Dragør;1987;1820;Classicism;Lodsbygningen (1820'rne, forlænget 1879) med udkigstårn ved østgavlen (1912). Fredet 1987.;Gamle Havn 11, Dragør, Danmark;;
Dragør;Gamle Havn 14;Havnepakhuset i Dragør;1964;1845;Classicism;Havnepakhuset (1845). Fredet 1964.;Gamle Havn 14, Dragør, Danmark;;
Dragør;Gl;Havn 13;1945;sidste halvdel af 1700-tallet;Classicism;Søndre Smedie. Smedjen. Fredet 1945;Gl, Dragør, Danmark;55,5933989;12,6761811
Dragør;Jens Eyberts Plads 6;Jens Eyberts Plads 6;1950;1793;Classicism;Den nordre bygning (før 1793). Fredet 1950.*;Jens Eyberts Plads 6, Dragør, Danmark;55,5924940;12,6721980
Dragør;Kirkevej 129;Aldershvile;1954;1811;Classicism;"Beboelseslænge (1811, ""første bondegård"" ved Dragør). Fredet 1954.*";Kirkevej 129, Dragør, Danmark;55,5950190;12,6598180
Dragør;Kongevejen 23 B (tidl;23A) og Magstræde 5 (tidl;1945;1793;Classicism;3). Dragør tidligere Kro. Hovedhusene og sidebygningerne (1793, 1805 af Johan Blichmann, 1830, 1841-42). Kongevejen 23 B. Fredet 1945.* Magstræde 3-5. Fredet 1945.;Kongevejen 23 B (tidl, Dragør, Danmark;;
Dragør;Krudttårnsvej 31;Krudttårnsvej 31;1984;1780;Classicism;Krudthus (ca. 1780 af Wilhelm von Huth og Ernst Peymann). Fredet 1984.;Krudttårnsvej 31, Dragør, Danmark;55,5842950;12,6545560
Dragør;Lodsstræde 15;Lodsstræde 15;1945;1780;Classicism;Hovedhuset (ca. 1780). Fredet 1945.*;Lodsstræde 15, Dragør, Danmark;55,5922510;12,6731610
Dragør;Strandgade 12;Strandgade 12;1987;1750;Classicism;Hovedhuset (før 1750, enkelte senere ændringer). Fredet 1987.;Strandgade 12, Dragør, Danmark;55,5933870;12,6718790
Dragør;Strandgade 16;Strandgade 16;1945;1800;Classicism;Hovedhus med sidehus (ca. 1800). Fredet 1945.*;Strandgade 16, Dragør, Danmark;55,5932600;12,6722970
Dragør;Strandgade 5;Strandgade 5;1987;1798;Classicism;Forhuset (før 1798). Fredet 1987.;Strandgade 5, Dragør, Danmark;55,5931880;12,6713150
Dragør;Strandlinien 33;Strandlinien 33;1945;1780;Classicism;Hovedhuset og sidehus med tilbygning (ca. 1780 af Johan Blichmann).Fredet 1945.;Strandlinien 33, Dragør, Danmark;55,5925780;12,6744750
Dragør;Strandstræde 33 B;Strandstræde 33 B;1964;1817;Classicism;Hovedhuset (1817). Fredet 1964.;Strandstræde 33 B, Dragør, Danmark;55,5919130;12,6740480
Dragør;Strandstræde 8;Trappen;1945;1784;Classicism;Hovedhuset og sidebygningerne (1784). Fredet 1945.;Strandstræde 8, Dragør, Danmark;55,5930620;12,6738900
Dragør;Sønderstræde 13;Sønderstræde 13;1945;1750;Classicism;Hovedhuset (ca. 1750).Fredet 1945.;Sønderstræde 13, Dragør, Danmark;55,5914100;12,6720730
Dragør;Vestgrønningen 22;Vestgrønningen 22;1950;1832;Classicism;Forhus mod Bjergerlav (før 1832, senere ombygget). Fredet 1950.;Vestgrønningen 22, Dragør, Danmark;55,5929370;12,6707230
Dragør;Vestgrønningen 3;Vestgrønningen 3;1945;1797;Classicism;Hovedhuset (før 1797) og sidebygning. Fredet 1945.;Vestgrønningen 3, Dragør, Danmark;55,5938000;12,6701550
Dragør;Vestgrønningen 30;Vestgrønningen 30;1945;1842;Classicism;Hovedhuset (1842). Fredet 1945.;Vestgrønningen 30, Dragør, Danmark;55,5925700;12,6706780
Dragør;Vestgrønningen 38 A;Vesterbo;1945;1832;Classicism;Hovedhuset og sidebygningen (før 1832, senere ombygget). Fredet 1945.;Vestgrønningen 38 A, Dragør, Danmark;55,5919930;12,6706520
Dragør;Vestgrønningen 40;Vestgrønningen 40;1945;1780;Classicism;Hovedhuset og den fritliggende udhusbygning (ca. 1780, ca. 1900). Fredet 1945.;Vestgrønningen 40, Dragør, Danmark;55,5918850;12,6706250
Dragør;Vognmandsgade 4;Vognmandsgade 4;1987;1798;Classicism;Hovedhuset på 12 fag (før 1798 og senere). Fredet 1987.;Vognmandsgade 4, Dragør, Danmark;55,5935820;12,6711910
Dragør;Von Ostensgade 11;Von Ostensgade 11;1950;1842;Classicism;Hovedhuset (1842). Fredet 1950.;Von Ostensgade 11, Dragør, Danmark;55,5926550;12,6714650
Dragør;Von Ostensgade 13;Von Ostensgade 13;1950;1842;Classicism;Hovedhuset (1842).Fredet 1950.;Von Ostensgade 13, Dragør, Danmark;55,5926710;12,6716580
Dragør;Von Ostensgade 3;Von Ostensgade 3;1945;1842;Classicism;Hovedhuset (1842). Fredet 1945.;Von Ostensgade 3, Dragør, Danmark;55,5925000;12,6709610
Dragør;Von Ostensgade 4;Von Ostensgade 4;1945;1842;Classicism;Hovedhuset (1842).Fredet 1945.;Von Ostensgade 4, Dragør, Danmark;55,5927110;12,6710350
Dragør;Von Ostensgade 7;Von Ostensgade 7;1945;1842;Classicism;Hovedhuset (1842). Fredet 1945.*;Von Ostensgade 7, Dragør, Danmark;55,5926250;12,6711720
Dragør;Von Ostensgade 8;Von Ostensgade 8;1945;1842;Classicism;Hovedhuset (1842) og østre udhus. Fredet 1945.*;Von Ostensgade 8, Dragør, Danmark;55,5927780;12,6715600
Dragør;Zytfensgade 3;Tulipanhuset;1945;1800;Classicism;Hovedhuset (ca. 1800, ombygget 1842 og 1857). Fredet 1945.;Zytfensgade 3, Dragør, Danmark;55,5924520;12,6742360
Dragør;Zytfensgade 4;Zytfensgade 4;1945;1780;Classicism;Hovedhuset og udhuset (ca. 1780 af Johan Blichmann). Fredet 1945.;Zytfensgade 4, Dragør, Danmark;55,5925790;12,6742620
Dragør;Christian Mølstedsgade 5;Christian Mølstedsgade 5;1945;1851;Historicism;Hovedhuset (1851). Fredet 1945.;Christian Mølstedsgade 5, Dragør, Danmark;;
Dragør;Christian Mølstedsgade 7;Christian Mølstedsgade 7;1950;1867;Historicism;Hovedhuset (1867). Fredet 1950.;Christian Mølstedsgade 7, Dragør, Danmark;;
Dragør;Hollandsfed 1;Hollandsfed 1;1945;1855;Historicism;Hovedhuset og sidebygningen (1855 and 1869).Fredet 1945.;Hollandsfed 1, Dragør, Danmark;55,5930100;12,6735130
Dragør;Hovedgaden 2-4;Nordgården;1981;1850;Historicism;Det firefløjede bygningskompleks (ca. 1850), den brolagte gårdsplads samt haven med køkkenhaven. Fredet 1981.*;Hovedgaden 2-4, Dragør, Danmark;55,5973799;12,6354619
Dragør;Jens Eyberts Plads 2;Jens Eyberts Plads 2;1950;1868;Historicism;Hovedhuset (ca. 1868) og sidehus.Fredet 1950.;Jens Eyberts Plads 2, Dragør, Danmark;55,5927220;12,6720630
Dragør;Slippen 4;Slippen 4;1987;1853;Historicism;Hovedhuset og det mod nord liggende udhus (1853-54, ombygget 1877). Fredet 1987.*;Slippen 4, Dragør, Danmark;55,5929900;12,6720640
Dragør;Stralsundstræde 4 A;Stralsundstræde 4 A;1988;1855;Historicism;Den bræddebeklædte værkstedsbygning med gavl mod Stralsundstræde (1855). Fredet 1988.*;Stralsundstræde 4 A, Dragør, Danmark;55,5944500;12,6717080
Dragør;Strandgade 13;Strandgade 13;1987;1850;Historicism;Forhuset, sidehuset langs østre skel samt træskuret ved sidehusets sydgavl (ca. 1850).Fredet 1987.;Strandgade 13, Dragør, Danmark;55,5931450;12,6721870
Dragør;Strandlinien 39;Strandlinien 39;1988;1857;Historicism;Hovedhuset (de fire vestlige fag fra 1857, resten ældre). Fredet 1988.*;Strandlinien 39, Dragør, Danmark;55,5921360;12,6745020
Dragør;Sønderstræde 11;Sønderstræde 11;1988;1862;Historicism;Forhuset (ca. 1750), det mod syd liggende udhus (1862) og brolægningen mellem forhuset og udhuset. Fredet 1988.;Sønderstræde 11, Dragør, Danmark;55,5917968;12,6722193
Dragør;Von Ostensgade 30;Von Ostensgade 30;1945;1867;Historicism;Hovedhuset (1867 af Rasmus Peter Guldborg). Fredet 1945.;Von Ostensgade 30, Dragør, Danmark;55,5929420;12,6730790
Dragør;Von Ostensgade 6;Von Ostensgade 6;1945;1854;Historicism;Hovedhuset (1854). Fredet 1945.*;Von Ostensgade 6, Dragør, Danmark;55,5927690;12,6712420
Dragør;Bjergerlav 11;Bjergerlav 11;1950;1700;Baroque and rococo;Forhuset (1700-tallet). Fredet 1950.*;Bjergerlav 11, Dragør, Danmark;55,5929230;12,6715600
Dragør;Bjergerlav 3;Bjergerlav 3;1950;1700;Baroque and rococo;Forhus med sidefløj (1700-tallet, ombygget 1852).Fredet 1950.;Bjergerlav 3, Dragør, Danmark;55,5929470;12,6709320
Dragør;Bjergerlav 7;Bjergerlav 7;1950;1700;Baroque and rococo;Forhuset (1700-tallet, senere ombygget).Fredet 1950.;Bjergerlav 7, Dragør, Danmark;55,5929430;12,6713500
Dragør;Blegerstræde 1 A;Blegerstræde 1 A;1950;1700;Baroque and rococo;Forhus mod Chr. Mølstedsgade (1700-tallet, senere ombygget). Fredet 1950.;Blegerstræde 1 A, Dragør, Danmark;55,5918259;12,6715132
Dragør;Fogdens Plads 13 A-B;Fogdens Plads 13 A-B;1945;1700;Baroque and rococo;Hovedhuset og de to fritliggende udhuse (1700-tallet, ca. 1830). Fredet 1945.;Fogdens Plads 13 A-B, Dragør, Danmark;55,5917961;12,6731945
Dragør;Hovedgaden 12;Museumsgården;1981;1700;Baroque and rococo;Det firefløjede bygningskompleks (slutn. af 1700-tallet), den brolagte gårdsplads samt haven med køkkenhave. Fredet 1981.*;Hovedgaden 12, Dragør, Danmark;55,6001070;12,6359320
Dragør;Jens Eyberts Plads 1;Jens Eyberts Plads 1;1945;1700;Baroque and rococo;Hovedhuset og sidebygningen samt den fritliggende udhusbygning (1700-tallet, 1890'erne). Fredet 1945.;Jens Eyberts Plads 1, Dragør, Danmark;55,5927050;12,6719500
Dragør;Lodsstræde 4 A;Lodsstræde 4 A;1987;1700;Baroque and rococo;Den toetages bygning mod Lodsstræde og den tilhørende enetages sidefløj (slutn. af 1700-tallet, sidefløjen dog 1853). Fredet 1987.*;Lodsstræde 4 A, Dragør, Danmark;55,5926210;12,6733410
Dragør;Rønne Allé 32;Rønne Allé 32;1945;1700;Baroque and rococo;Hovedhuset med sidebygning og den fritliggende bygning (1700-tallet). Fredet 1945.;Rønne Allé 32, Dragør, Danmark;55,5914240;12,6724480
Dragør;Rønne Allé 38;Rønne Allé 38;1950;1700;Baroque and rococo;Hovedhuset (1700-tallet og senere). Fredet 1950.;Rønne Allé 38, Dragør, Danmark;55,5913900;12,6732340
Dragør;Strandgade 10;Strandgade 10;1987;1700;Baroque and rococo;Hovedhuset og grundmuret udhus (slutn. af 1700-tallet, renoveret 1970'erne). Fredet 1987.;Strandgade 10, Dragør, Danmark;55,5933910;12,6717190
Dragør;Strandlinien 2-4;Strandlinien 2-4;1945;1682;Baroque and rococo;Museumsbygningen (1682, ombygget i 1930'rne af Egil Fischer) med beghuset (ca. 1830) og kontorbygningen. Fredet 1945.;Strandlinien 2-4, Dragør, Danmark;55,5933994;12,6744518
Dragør;Strandlinien 5A;Kolerahuset, Nordre Smedie (tidl.);1945;1700;Baroque and rococo;Kampestensbygningen (ca. 1700). Fredet 1945.;Strandlinien 5A, Dragør, Danmark;55,5944020;12,6747960
Dragør;Vestgrønningen 18-20;Biblioteket;1945;1739;Baroque and rococo;Hovedhusene og sidebygningerne (før 1739, ombygget 1811 af Johan Blichmann og 1933-34 af Egil Fischer). Fredet 1945.;Vestgrønningen 18-20, Dragør, Danmark;55,5902764;12,6700503
Dragør;Vestgrønningen 34;Vestgrønningen 34;1945;1700;Baroque and rococo;Hovedhuset og sidebygningen (1700-tallet, ca. 1830). Fredet 1945.*;Vestgrønningen 34, Dragør, Danmark;55,5922030;12,6706350
Dragør;Von Ostensgade 32;Von Ostensgade 32;1945;1700;Baroque and rococo;Hovedhus (1700-tallet, grundmuret i 1800-tallet) og sidehus (1851). Fredet 1945.;Von Ostensgade 32, Dragør, Danmark;55,5929580;12,6732070
Egedal;Edelgavevej 28;Edelgave;1918;1782;Classicism;Hovedbygningen (1782-91 af Andreas Kirkerup). Fredet 1918.*;Edelgavevej 28, Egedal, Danmark;55,7254250;12,2565490
Egedal;Engholmvej 1;Melchiors Enkesæde;1964;1700;Baroque and rococo;Bindingsværksbygningen på 10 fag (1700-tallet). Fredet 1964.;Engholmvej 1, Egedal, Danmark;55,7675130;12,1984570
Esbjerg;Fiskergade 1, hj;af Overdammen;1918;1600;Renaissance;Fiskergade 1, Ribe. Det 12 fag dybe bindingsværksgavlhus (ca. 1600) med nyere grundmuret gavl mod Overdammen og det op til dettes baggavl opførte firefags bindingsværkssidehus (formentlig 1636). Fredet 1918.;Fiskergade 1, hj, Esbjerg, Danmark;;
Esbjerg;Fiskergade 3;Fiskergade 3, Ribe;1919;1600;Renaissance;De otte tilbageblevne fag af et oprindelig 11 fag dybt bindingsværksgavlhus (ca. 1600, delvis grundmuret 1816). Fredet 1919.*;Fiskergade 3, Esbjerg, Danmark;55,3293860;8,7619830
Esbjerg;Fiskergade 5;Fiskergade 5, Ribe;1919;1550;Renaissance;Det 12 fag lange bindingsværksforhus (delvis grundmuret) med knægtbygget gavl mod Skomagerslippe (ca. 1550) samt sidelængen langs Skomagerslippe og værkstedsbygningen i gården. Fredet 1919.*;Fiskergade 5, Esbjerg, Danmark;55,3295240;8,7617390
Esbjerg;Gråbrødregade 4;Gråbrødregade 4, Ribe;1964;1600;Renaissance;Forhuset (trefagsbod af bindingsværk ca. 1600, senere delvis grundmuret). Fredet 1964.*;Gråbrødregade 4, Esbjerg, Danmark;;
Esbjerg;Gråbrødregade 6;Gråbrødregade 6, Ribe;1919;1600;Renaissance;Forhuset (trefagsbod af bindingsværk ca. 1600). Fredet 1919. *;Gråbrødregade 6, Esbjerg, Danmark;;
Esbjerg;Korsbrødregade 22;Korsbrødregade 22, Ribe;1964;1626;Renaissance;Forhuset (firefagsbod kort efter 1626, gadesiden ombygget ca. 1860-70). Fredet 1964.*;Korsbrødregade 22, Esbjerg, Danmark;55,3291580;8,7592200
Esbjerg;Korsbrødregade 26;Korsbrødregade 26, Ribe;1964;1600;Renaissance;Forhuset (syvfags bod ca. 1600, facaden ombygget ca. 1860). Fredet 1964.;Korsbrødregade 26, Esbjerg, Danmark;55,3293210;8,7592220
Esbjerg;Mellemdammen 18;Terpagers Gård, Ribe;1918;1550;Renaissance;Det 15 fag dybe bindingsværksgavlhus (de syv forreste fag ca. 1550-75, de otte bageste fag formentlig 1671) og den med gavlhuset sammenbyggede portfløj (hele gadesiden ombygget 1671, gavltrekanten dog først nedtaget 1798). Fredet 1918.*;Mellemdammen 18, Esbjerg, Danmark;55,3291940;8,7642840
Esbjerg;Nederdammen 33;Nederdammen 33, Ribe;1918;1600;Renaissance;Det syv fag lange bindingsværksforhus (ca. 1600) samt baghuset (ca. 1850) og gårdspladsen. Fredet 1918. Udvidet 1982.*;Nederdammen 33, Esbjerg, Danmark;55,3297240;8,7656490
Esbjerg;Nederdammen 36;Nederdammen 36, Ribe;1919;1580;Renaissance;Det 10 fag dybe bindingsværksgavlhus og de hermed sammenbyggede henholdvis tre og fire fag lange bindingsværksbygninger mod gaden (gavlhuset og trefagsbygningen mod gaden ca. 1580-90, firefagsbygningen noget yngre, den fælles grundmurede facade 1846-47). Fredet 1919.;Nederdammen 36, Esbjerg, Danmark;55,3296390;8,7659990
Esbjerg;Overdammen 1;Overdammen 1, Ribe;1918;1634;Renaissance;Det grundmurede forhus (1634). Fredet 1918.*;Overdammen 1, Esbjerg, Danmark;55,3285750;8,7623710
Esbjerg;Overdammen 5 og Fiskergade 1 A, G;Apoteket, Ribe;1919;1584;Renaissance;"Forhuset mod Overdammen (delvis nyopført 1776, gadesiden grundmuret kort efter midten af 1800-tallet) med de seks bageste fag af Hans Svannings bindingsværksgavlhus (1584-99, hvis forreste noget bredere del indgår i forhusets midterste del; endvidere laboratoriebygningen i gården (1776, senere grundmuret) og den 19 fag lange to stokværk høje bindingsværkslænge mod Fiskergade (1779) og den i dennes fortsættelse liggende grundmurede del (1822). Fredet 1919. Udvidet 1971.*";Overdammen 5 og Fiskergade 1 A, G, Esbjerg, Danmark;;
Esbjerg;Overdammen 8;Overdammen 8, Ribe;1918;1580;Renaissance;Det 13 fag dybe bindingsværksgavlhus langs Sortebrødregade* og den ved dettes baggavl beliggende portbygning (mellem 1580 og 1585, later delvis grundmuret og overpudset, portbygningen ombygget 1697). Fredet 1918.;Overdammen 8, Esbjerg, Danmark;55,3286800;8,7630620
Esbjerg;Overdammen 9;Overdammen 9, Ribe;1919;1600;Renaissance;Sidelængen mod Fiskergade (ca. 1600, sidenhen nedtaget og genopsat i en stærkt ændret skikkelse med anvendelse af bygningsdele fra several andre bygninger). Fredet 1919.*;Overdammen 9, Esbjerg, Danmark;55,3288580;8,7630400
Esbjerg;Præstegade 15;Kapellangården, Ribe;1918;1576;Renaissance;Det 12 fag lange bindingsværkshus (1576). Fredet 1918.*;Præstegade 15, Esbjerg, Danmark;55,3290310;8,7602290
Esbjerg;Præstegade 19;Præstegade 19, Ribe;1919;1626;Renaissance;Forhuset (trefagsbod af bindingsværk kort efter 1626). Fredet 1919. *;Præstegade 19, Esbjerg, Danmark;55,3291980;8,7598390
Esbjerg;Præstegade 21;Præstegade 21, Ribe;1919;1626;Renaissance;Forhuset (firefagsbod af bindingsværk kort efter 1626). Fredet 1919.*;Præstegade 21, Esbjerg, Danmark;55,3292230;8,7597590
Esbjerg;Præstegade 23;Præstegade 23, Ribe;1919;1626;Renaissance;Forhuset (firefagsbod af bindingsværk kort efter 1626, senere delvis grundmuret). Fredet 1919.*;Præstegade 23, Esbjerg, Danmark;55,3292540;8,7596790
Esbjerg;Præstegade 25;Præstegade 25, Ribe;1919;1626;Renaissance;Forhuset (firefagsbod af bindingsværk kort efter 1626). Fredet 1919. *;Præstegade 25, Esbjerg, Danmark;55,3292850;8,7595910
Esbjerg;Præstegade 27;Præstegade 27, Ribe;1919;1626;Renaissance;Forhuset (to firefagsboder af bindingsværk kort efter 1626). Fredet 1919.*;Præstegade 27, Esbjerg, Danmark;55,3293270;8,7594710
Esbjerg;Præstegade 7;Præstegade 7-7 A, Ribe;1964;1600;Renaissance;"Forhuset (sydlige del ca. 1600, grundmuret 1837 og forhøjet 1842; nordlige del 1850, senere forhøjet). Fredet 1964.";Præstegade 7, Esbjerg, Danmark;55,3286860;8,7606100
Esbjerg;Puggaardsgade 10;Puggaardsgade 10, Ribe;1964;1600;Renaissance;Forhuset (firefagsbod ca. 1600, grundmuret 1854, kvist påbygget 1867). Fredet 1964.;Puggaardsgade 10, Esbjerg, Danmark;55,3268990;8,7615150
Esbjerg;Puggaardsgade 3;Tårnborg, Ribe;1918;1540;Renaissance;Hovedbygningen (1540'rne). Fredet 1918.*;Puggaardsgade 3, Esbjerg, Danmark;55,3270080;8,7616130
Esbjerg;Puggaardsgade 5;Puggaardsgade 5;1918;1550;Renaissance;Forhuset (1550'erne). Fredet 1918.*;Puggaardsgade 5, Esbjerg, Danmark;55,3269160;8,7616540
Esbjerg;Skolegade 2;Skolegade 2, Ribe;1919;1600;Renaissance;Det 10 fag lange bindingsværksforhus (ca. 1600, senere delvis grundmuret). Fredet 1919.*;Skolegade 2, Esbjerg, Danmark;55,3277080;8,7606880
Esbjerg;Sortebrødregade 5;Sortebrødregade 5, Ribe;1918;1580;Renaissance;Det 10 fag dybe bindingsværksgavlhus langs Kølholts Slippe (mellem 1580 og 1584, delvis grundmuret 1817). Fredet 1918.*;Sortebrødregade 5, Esbjerg, Danmark;55,3285000;8,7637410
Esbjerg;Sortebrødregade 7;Sortebrødregade 7, Ribe;1918;1616;Renaissance;De seks bageste bindingsværksfag af et oprindelig 12 fag dybt gavlhus, hvis forreste del var noget bredere (mellem 1616 og 1627). Fredet 1918. *;Sortebrødregade 7, Esbjerg, Danmark;55,3284330;8,7639220
Esbjerg;Sønderportsgade 1;Sønderportsgade 1, Ribe;1919;1580;Renaissance;Bindingsværksforhuset omfattende et syvfags langhus og de to østligste fag af et i øvrigt nedrevet femfags hus (1580'erne, senere delvis grundmuret). Fredet 1919.*;Sønderportsgade 1, Esbjerg, Danmark;55,3275830;8,7627740
Esbjerg;Sønderportsgade 17;Sønderportsgade 17, Ribe;1918;1597;Renaissance;Det 13 fag dybe bindingsværksgavlhus langs Puggårdsgade (1597) og de hermed sammenbyggede to østligste fag af nabohuset langs Sønderportsgade (ca. 1600). Fredet 1918.*;Sønderportsgade 17, Esbjerg, Danmark;55,3272660;8,7612250
Esbjerg;Sønderportsgade 19;Sønderportsgade 19, Ribe;1918;1600;Renaissance;De seks midterste fag af et tolvfags bindingsværkslandhus, hvoraf de to østligste fag nu hører til nr. 17 og de fire vestligste til nr. 21 (ca. 1600). Fredet 1918.*;Sønderportsgade 19, Esbjerg, Danmark;55,3272200;8,7611180
Esbjerg;Sønderportsgade 8;Sønderportsgade 8, Ribe;1919;1600;Renaissance;Forhuset (ca. 1600, ombygget ca. 1800 og 1934). Fredet 1919.*;Sønderportsgade 8, Esbjerg, Danmark;55,3274000;8,7612100
Esbjerg;Torvet 1;Hotel Dagmar, Ribe;1924;1581;Renaissance;Bygningen langs Torvet med gavl mod Overdammen (1581, i murene indgår rester af en senmiddelalderlig bygning) og den hermed sammenbyggede længe langs Overdammen (1800). Fredet 1924.;Torvet 1, Esbjerg, Danmark;55,3283890;8,7625520
Esbjerg;Torvet 11;Ribe Gamle Arresthus;1972;1600;Renaissance;Forhuset mod Torvet (ca. 1600, ombygget 1837 og 1890-92 af Hans Christian Amberg) samt muren mod Rykind og Sønderportsgade. Fredet 1972. *;Torvet 11, Esbjerg, Danmark;55,3277420;8,7621500
Esbjerg;Torvet 2;Weis' Stue, Ribe;1918;1600;Renaissance;Det otte fag lange bindingsværksforhus (et femfags house fra tiden omkring 1600, hvortil der få år senere er føjet tre fag). Fredet 1918.*;Torvet 2, Esbjerg, Danmark;55,3285160;8,7622230
Esbjerg;Torvet 3-5, hj;af Stenbogade;1918;1590;Renaissance;Porsborg, Ribe. Gavlhuset med sidebygning langs Stenbrogade (ca. 1590, partiet over porten tilføjet i slutningen af 1800-tallet). Fredet 1918. *;Torvet 3-5, hj, Esbjerg, Danmark;;
Esbjerg;Klostergade 1-3;Sankt Catharinæ Kloster, Ribe;1975;1300;Medieval;De fire klosterfløje (østfløjen 1300-tallet, sydfløjen 1300-tallet, ombygget 1825, vest- og nordfløjene antagelig fra 1420'rne), den med vestfløjen sammenbyggede, tidl. graverbolig, den øst for det firefløjede anlæg beliggende, enetages bygning samt hegnsmurene med portpiller mod Badstuegade og Klostergade. Fredet 1975.*;Klostergade 1-3, Esbjerg, Danmark;55,3268024;8,7646458
Esbjerg;Nederdammen 31;Nederdammen 31, Ribe;1987;1482;Medieval;Tømmeret i to stokværk (dendrokronologisk dateret til 1482-86). Fredet 1987.;Nederdammen 31, Esbjerg, Danmark;55,3297040;8,7654920
Esbjerg;Sønderportsgade 8A, hj;af Skolegade (tidl;1983;middelalder;Medieval;Sønderportsgade 8B). Klubben (Ribe). Det middelalderlige murværk. Fredet 1983.;Sønderportsgade 8A, hj, Esbjerg, Danmark;;
Esbjerg;Torvet 15 A;Processionsgangen, Ribe;1982;1300;Medieval;De middelalderlige dele af den tidl. processionsgang beliggende i det sydvestre hjørnehvælv og i to og trekvart hvælvfag i vestfløjen (1300-tallet) samt restaureringen og udbygningen (1904 af H.C. Amberg). Fredet 1982. Udvidet 2020;Torvet 15 A, Esbjerg, Danmark;55,3277440;8,7612730
Esbjerg;Bredeslippe 8;Bredeslippe 8, Ribe;1964;1750;Classicism;Forhuset mod skibbroen (ca. 1750, kvist 1791, gadeside grundmuret 1816). Fredet 1964.*;Bredeslippe 8, Esbjerg, Danmark;55,3298220;8,7617860
Esbjerg;Bredeslippe 9 og 11;Bredeslippe 9-11, Ribe;1964;1761;Classicism;Forhusene (før 1761, gadesiderne grundmuret ca. 1847). Fredet 1964.;Bredeslippe 9 og 11, Esbjerg, Danmark;55,3297420;8,7613240
Esbjerg;Farup Kirkevej 50;Farup Missionshus;1981;første halvdel af 1800-tallet;Classicism;Det af to sammenbyggede længer bestående missionshus. Fredet 1981.*;Farup Kirkevej 50, Esbjerg, Danmark;55,3627870;8,7353360
Esbjerg;Gammel Skolevej 40;Nybro;1987;1801;Classicism;Den trelængede gård og ovnhus (1801). Fredet 1987.*;Gammel Skolevej 40, Esbjerg, Danmark;55,4713600;8,6320660
Esbjerg;Gravsgade 33;Gravsgade 33, Ribe;1964;1780;Classicism;Forhuset (1780, delvis grundmuret 1827 og 1855). Fredet 1964.;Gravsgade 33, Esbjerg, Danmark;55,3258580;8,7621190
Esbjerg;Gråbrødregade 11;Gråbrødregade 11, Ribe;1964;1761;Classicism;Forhuset (før 1761, gadeside grundmuret 1837). Fredet 1964.*;Gråbrødregade 11, Esbjerg, Danmark;;
Esbjerg;Gråbrødregade 15;Gråbrødregade 15, Ribe;1964;1842;Classicism;Forhuset (del af ældre dobbeltvåning, ombygget og grundmuret 1842). Fredet 1964.*;Gråbrødregade 15, Esbjerg, Danmark;;
Esbjerg;Gråbrødregade 17;Gråbrødregade 17, Ribe;1964;1837;Classicism;Det lange hus op til nr. 15 med gavlen mod Gråbrødregade (pakhus og vognremise opført 1837). Fredet 1964.;Gråbrødregade 17, Esbjerg, Danmark;;
Esbjerg;Gråbrødregade 8;Gråbrødregade 8, Ribe;1964;1761;Classicism;Forhuset (før 1761, grundmuret 1848). Fredet 1964.*;Gråbrødregade 8, Esbjerg, Danmark;;
Esbjerg;Gråbrødregade 9;Gråbrødregade 9, Ribe;1964;1840;Classicism;De to forhuse (sdr. forhus 1840, forhøjet 1858, ndr. forhus før 1761, grundmuret 1845 og forhøjet 1846). Fredet 1964.;Gråbrødregade 9, Esbjerg, Danmark;;
Esbjerg;Grønnegade 12;Grønnegade 12, Ribe;1918;1848;Classicism;Det 11 fag dybe bindingsværksgavlhus (ca. 1525-40) med grundmuret gavl mod Grønnegade (1848). Fredet 1918.*;Grønnegade 12, Esbjerg, Danmark;55,4649970;8,4640760
Esbjerg;Grønnegade 18, Mellemslippe 1;Grønnegade 18 og Mellemslippe 1, Ribe;1964;1803;Classicism;Forhuset med sidelængen mod Mellemslippe (1803, delvis grundmuret 1843 og 1848). Fredet 1964.;Grønnegade 18, Mellemslippe 1, Esbjerg, Danmark;;
Esbjerg;Grønnegade 20;Grønnegade 20, Ribe;1964;1839;Classicism;Forhuset med port og kort sidelænge mod Skomagerslippe (1839-40). Fredet 1964.*;Grønnegade 20, Esbjerg, Danmark;55,4653960;8,4640670
Esbjerg;Grønnegade 22;Grønnegade 22, Ribe;1919;1816;Classicism;Forhuset (1816) med sidelænge i gården (1816 og 1822). Fredet 1919.*;Grønnegade 22, Esbjerg, Danmark;55,4655130;8,4640460
Esbjerg;Grønnegade 30;Grønnegade 30, Ribe;1964;1761;Classicism;Forhuset (før 1761, gadesiden grundmuret 1819). Fredet 1964.*;Grønnegade 30, Esbjerg, Danmark;55,4657290;8,4640410
Esbjerg;Grønnegade 41;Grønnegade 41, Ribe;1964;1790;Classicism;Forhuset mod Grønnegade (1790, gadeside og gavl ændret 1837). Fredet 1964.;Grønnegade 41, Esbjerg, Danmark;55,4662230;8,4643660
Esbjerg;Hovedvej A1 28;Endrupholm Hovedgård;1918;1770;Classicism;Den trefløjede hovedbygning med de to krumme forbindende mellembygninger (1770-1805), broen, vestfløjens forbindelsesmur til broen samt brostensbelægningen på gårdspladsen og foran hovedbebyggelsens haveside. Fredet 1918. Udvidet 1964 og 1995.*;Hovedvej A1 28, Esbjerg, Danmark;55,5202320;8,7177810
Esbjerg;Hundegade 21;Hundegade 21, Ribe;1964;1794;Classicism;Forhuset med sidelænge (formentlig 1794, nuværende grundmuret gadeside 1831). Fredet 1964.*;Hundegade 21, Esbjerg, Danmark;55,3265420;8,7640190
Esbjerg;Kirkebrovej 7, tidl;Gabelsvej 37;1918;1786;Classicism;Bramming Hovedgård. Hovedbygningen (1786) med de to sidelænger (1847). Fredet 1918.*;Kirkebrovej 7, tidl, Esbjerg, Danmark;;
Esbjerg;Klostergade 26;Klostergade 26, Ribe;1964;1761;Classicism;Forhuset (del af bygning fra før 1761, gadesiden grundmuret 1815). Fredet 1964.*;Klostergade 26, Esbjerg, Danmark;55,3267470;8,7645490
Esbjerg;Korsbrødregade 5;Korsbrødregade 5, Ribe;1964;1841;Classicism;Forhuset (1841). Fredet 1964.*;Korsbrødregade 5, Esbjerg, Danmark;55,3284600;8,7590810
Esbjerg;Korsbrødregade 7;Korsbrødregården, Bispegården i Ribe;1919;1801;Classicism;Forhuset (1801) og den hermed sammebyggede sidelænge. Fredet 1919.;Korsbrødregade 7, Esbjerg, Danmark;55,3292240;8,7590040
Esbjerg;Lustrupvej 4;Lustrupholm;1945;1770;Classicism;Hovedbygningen (ca. 1770) og den hermed sammenbyggede længe. Fredet 1945.*;Lustrupvej 4, Esbjerg, Danmark;55,3106780;8,7682180
Esbjerg;Mandø Byvej 15;Mandø Byvej 15;1996;1838;Classicism;Længehuset (1838). Fredet 1996.;Mandø Byvej 15, Esbjerg, Danmark;55,2754450;8,5362950
Esbjerg;Mandø Byvej 35;Mandø Mølle;2009;1830;Classicism;Mandø Mølle (1830'erne). Fredet 2009.;Mandø Byvej 35, Esbjerg, Danmark;55,2782200;8,5375040
Esbjerg;Mandø Byvej 5;Mandøhuset;1992;1800;Classicism;Museumsbygning (ca. 1800). Fredet 1992. *;Mandø Byvej 5, Esbjerg, Danmark;55,2740550;8,5374430
Esbjerg;Nederdammen 24 og 24 B;Midtmøllen, Ribe;1964;1828;Classicism;Forhuset (1828, ombygget 1949) og baghuset (ca. 1830). Fredet 1964.*;Nederdammen 24 og 24 B, Esbjerg, Danmark;;
Esbjerg;Nederdammen 28;Nederdammen 28, Ribe;1918;1815;Classicism;Det fem fag dybe bindingsværksgavlhus og det med dette sammenbyggede porthus (ca. 1650-75) samt den 10 fag lange sidelænge i gården (1815). Fredet 1918.*;Nederdammen 28, Esbjerg, Danmark;55,3295130;8,7652660
Esbjerg;Nederdammen 35-37;Nederdammen 35-37, Ribe;1919;1783;Classicism;Det fire fag lange bindingsværksforhus (1783) og det hermed sammenbyggede 11 fag lange sidehus i gården (1797). Fredet 1919.*;Nederdammen 35-37, Esbjerg, Danmark;55,3298773;8,7662864
Esbjerg;Overdammen 12;Toldboden, Ribe;1954;1831;Classicism;Forhus med sidebygning (1831 af Jørgen Hansen Koch) samt baghus. Fredet 1954.*;Overdammen 12, Esbjerg, Danmark;55,3289130;8,7634760
Esbjerg;Præstegade 13;Præstegade 13, Ribe;1964;1835;Classicism;Forhuset (1835). Fredet 1964.;Præstegade 13, Esbjerg, Danmark;55,3082700;8,7069350
Esbjerg;Præstegade 28-30 og Korsbrødregade 28;Præstegade 28-30 og Korsbrødregade 28, Ribe;1919;1837;Classicism;Forhusene mod Præstegade og Korsbrødregade (ældre gård ombygget 1837-1846). Fredet 1919.*;Præstegade 28-30 og Korsbrødregade 28, Esbjerg, Danmark;;
Esbjerg;Præstegade 4;Præstegade 4, Ribe;1964;1761;Classicism;Forhuset (før 1761, grundmuret 1854 og forhøjet 1857). Fredet 1964.*;Præstegade 4, Esbjerg, Danmark;55,3286310;8,7608400
Esbjerg;Puggaardsgade 26, hj;af Gravsgade;1919;1779;Classicism;Puggaardsgade 26, Ribe. Forhuset (1779 og 1786, grundmuret 1857 og senere). Fredet 1919.*;Puggaardsgade 26, hj, Esbjerg, Danmark;;
Esbjerg;Puggaardsgade 7;Stiftamtmandsboligen i Ribe;1919;1797;Classicism;Forhuset (den søndre del 1797, den midterste del 1855, den nordre del 1860-70) og muren langs gaderne. Fredet 1919.*;Puggaardsgade 7, Esbjerg, Danmark;55,3267120;8,7617240
Esbjerg;Skibbroen 11 og Smalleslippe 7;Skibbroen 11 og Smalleslippe 7, Ribe;1964;1780;Classicism;"Det søndre forhus mod Skibbroen (1780, grundmuret og forhøjet 1847) med sidebygningen langs Smalleslippe (1780, forlænget, forhøjet og grundmuret 1860-70), samt det nordre forhus mod Skibbroen kaldet ""Sælhunden"" (ældre bygning, grundmuret og forhøjet 1809) med den korte sidebygning mod Skomagerslippe (1811, forhøjet 1849). Fredet 1964.*";Skibbroen 11 og Smalleslippe 7, Esbjerg, Danmark;;
Esbjerg;Skibbroen 13;Skibbroen 13, Ribe;1919;1781;Classicism;Seks fag dybt gavlhus af bindingsværk (opr. otte fag, ca. 1600) med toetages grundmuret karnap mod Skibbroen (1781) og det hermed sammenbyggede firefags bindingsværkslanghus mod Skibbroen (ca. 1650), delvis ombygget til grundmur (1781). F. 1919.*;Skibbroen 13, Esbjerg, Danmark;55,3295910;8,7621620
Esbjerg;Skibbroen 21;Skibbroen 21, Ribe;1964;1796;Classicism;Forhuset (1796, delvis grundmuret 1855) med sidelængen langs Bredeslippe (1855). Fredet 1964.*;Skibbroen 21, Esbjerg, Danmark;55,3298990;8,7616570
Esbjerg;Skolegade 1 C;Skolegade 1 C, Ribe;1919;1837;Classicism;Forhuset (1837, gavlkvist 1840, dørhammer fra 1529). Fredet 1919.*;Skolegade 1 C, Esbjerg, Danmark;55,3278270;8,7606450
Esbjerg;Sønderportsgade 15;Sønderportsgade 15, Ribe;1964;1803;Classicism;Forhuset (1803, gavlen grundmuret ca. 1850-60). Fredet 1964.*;Sønderportsgade 15, Esbjerg, Danmark;55,3273040;8,7614090
Esbjerg;Sønderportsgade 21 B;Sønderportsgade 21 B, Ribe;1918;1770;Classicism;Det seks fag lange bindingsværksforhus (kort før 1600) med udbygningen (ca. 1810) mod gården samt det sammenbyggede, firefags bindingsværksforhus (1770) mod øst. Fredet 1918. Udvidet 1954.;Sønderportsgade 21 B, Esbjerg, Danmark;55,3271710;8,7609320
Esbjerg;Sønderportsgade 3;Sønderportsgade 3, Ribe;1919;1847;Classicism;Forhuset med den ældre del af sidelængen mod Bispegade (1847). Fredet 1919.*;Sønderportsgade 3, Esbjerg, Danmark;55,3275350;8,7625390
Esbjerg;Sønderportsgade 39;Sønderportsgade 39, Ribe;1964;1761;Classicism;Forhuset (før 1761, gadesiden grundmuret ca. 1860-70). Fredet 1964.*;Sønderportsgade 39, Esbjerg, Danmark;55,3271880;8,7593700
Esbjerg;Torvet 16;Tidl;1964;1840;Classicism;sprøjtehus i Ribe. Forhuset, tidl. sprøjtehus (1840, delvis ombygget 1925). Fredet 1964.;Torvet 16, Esbjerg, Danmark;55,4664270;8,4516140
Esbjerg;Ølufvad Hovedvej 85;Ølufvad Kro;1979;1800;Classicism;Krobygningens to længer (beg. af 1800-tallet). Fredet 1979.*;Ølufvad Hovedvej 85, Esbjerg, Danmark;55,5622510;8,5543550
Esbjerg;Bispegade 13;Bispegade 13, Ribe;1964;1853;Historicism;Forhuset (1853). Fredet 1964.*;Bispegade 13, Esbjerg, Danmark;55,3266630;8,7627040
Esbjerg;Bispegade 15;Bispegade 15, Ribe;1964;1852;Historicism;Forhuset (1852). Fredet 1964.*;Bispegade 15, Esbjerg, Danmark;55,3266170;8,7626830
Esbjerg;Bispegade 17;Bispegade 17, Ribe;1964;1852;Historicism;Forhuset (1852). Fredet 1964.*;Bispegade 17, Esbjerg, Danmark;55,3265640;8,7626570
Esbjerg;Bispegade 19;Bispegade 19, Ribe;1964;1852;Historicism;Forhuset (1852). Fredet 1964.*;Bispegade 19, Esbjerg, Danmark;55,3264850;8,7626260
Esbjerg;Bispegade 21;Bispegade 21, Ribe;1964;1853;Historicism;Forhuset (1853). Fredet 1964.;Bispegade 21, Esbjerg, Danmark;55,3264190;8,7625930
Esbjerg;Bispegade 23;Bispegade 23, Ribe;1964;1854;Historicism;Forhuset (1854). Fredet 1964.*;Bispegade 23, Esbjerg, Danmark;55,3263270;8,7625580
Esbjerg;Bispegade 6;Sankt Catharinæ Præstegård, Ribe;1964;1854;Historicism;Det nordlige toetages forhus, det sydlige enetages forhus, samt muren, der er sammenbygget med sidstnævnte (1854). Fredet 1964.*;Bispegade 6, Esbjerg, Danmark;55,3272100;8,7624670
Esbjerg;Dagmarsgade 16;Ribe Station;1993;1874;Historicism;Hovedbygningen og pakhuset nord herfor (1874 og 1875 af N.P. Holsøe). Fredet 1993.*;Dagmarsgade 16, Esbjerg, Danmark;55,3276030;8,7700600
Esbjerg;Fiskergade 7-9;Fiskergade 7-9, Ribe;1964;1860;Historicism;De to forhuse (ca. 1860). Fredet 1964. Nr. 7*;Fiskergade 7-9, Esbjerg, Danmark;55,3294090;8,7620279
Esbjerg;Fyrparken 9;Sædding Strand Mellemfyr;2002;1873;Historicism;Sædding Strand Mellemfyr (1873). Fredet 2002.;Fyrparken 9, Esbjerg, Danmark;55,4990540;8,4058840
Esbjerg;Guldager Stationsvej 101;Guldager Station;1992;1874;Historicism;Hovedbygningen, pakhuset, toiletbygningen, signalhuset og stakitter og skure herimellem (1874 af Thomas Arboe). Fredet 1992.;Guldager Stationsvej 101, Esbjerg, Danmark;55,5360240;8,4401460
Esbjerg;Havnegade 22;Esbjerg Vandtårn;1983;1897;Historicism;Det tidl. vandtårn (1897 af C.H. Clausen). Fredet 1983.;Havnegade 22, Esbjerg, Danmark;55,4644800;8,4499460
Esbjerg;Jernbanegade 31;Esbjerg Station;1983;1904;Historicism;Jernbanestationens hovedbygning (1904 af Heinrich Wenck). Fredet 1983.;Jernbanegade 31, Esbjerg, Danmark;55,4678340;8,4581290
Esbjerg;Kirkegade 25, Skolegade 47;Missionshuset Bethania, tidl.;1983;1906;Historicism;Gavlbygningen mod Kirkegade (1906 af C.H. Clausen) og den hermed sammenbyggede gavlbygning mod Skolegade (ca. 1890). Fredet 1983.*;Kirkegade 25, Skolegade 47, Esbjerg, Danmark;;
Esbjerg;Korsbrødregade 11;Korsbrødregade 11, Ribe;1964;1854;Historicism;Forhuset (1854). Fredet 1964.*;Korsbrødregade 11, Esbjerg, Danmark;55,3296370;8,7591680
Esbjerg;Mellemdammen 16;Mellemdammen 16, Ribe;1918;1854;Historicism;Forhuset (1854) med det heri indbyggede ni fag dybe bindingsværksgavlhus (ca. 1580-90) og den med dettes baggavl sammenbyggede, noget smallere, 12 fag lange bindingsværksbygning (ca. 1610-20) samt tværhuset og gårdpladsens brolægning. Fredet 1918. Udvidet 1983.*;Mellemdammen 16, Esbjerg, Danmark;55,3290990;8,7640210
Esbjerg;Mellemdammen 22;Ribe tidl;1991;1904;Historicism;Elektricitetsværk. Elektricitetsværksbygningen (1904, ombygget 1924 af Axel Hansen). Fredet 1991.*;Mellemdammen 22, Esbjerg, Danmark;55,3292280;8,7646370
Esbjerg;Nygårdsvej 65;Nygårdsvej 65;1993;1908;Historicism;Villaen (1908 af C.H. Clausen) med smedejernsrækværk og terrassefliser. Fredet 1993.*;Nygårdsvej 65, Esbjerg, Danmark;55,4706770;8,4514270
Esbjerg;Puggaardsgade 22;Puggaard og Kathedralskolen, Ribe;1918;1856;Historicism;Den grundmurede bygning i en og to etager (ca. 1500) samt Kathedralskolen, den ældste trefløjede skolebygning (1856 af Ferdinand Thielemann, sidefløjene forhøjet 1887-88).Fredet 1918. Udvidet 1964.;Puggaardsgade 22, Esbjerg, Danmark;55,3264110;8,7604420
Esbjerg;Sankt Nicolajgade 10 A og B;Ribe Kunstmuseum;1977;1864;Historicism;Forhuset (1864 af L.A. Winstrup), havepavillonen og muren mellem de to bygninger. Fredet 1977.*;Sankt Nicolajgade 10 A og B, Esbjerg, Danmark;;
Esbjerg;Skibbroen 29;Aldershvile, Ribe;1978;1852;Historicism;Forhuset (1852 formentlig af N.S. Nebelong, trappehus 1858) samt udhus og hegnsmur mod Skibbroen og Fiskergade. Fredet 1978.*;Skibbroen 29, Esbjerg, Danmark;55,3302400;8,7608390
Esbjerg;Skibbroen 5;Skibbroen 5, Ribe;1964;1850;Historicism;Forhuset mod Skibbroen med muren hen til mnr. 452c (1850). Fredet 1964.*;Skibbroen 5, Esbjerg, Danmark;55,3293220;8,7625860
Esbjerg;Skolegade 33;Esbjerg ting- og arresthus (tidl.);1983;1892;Historicism;Det tidl. ting- og arresthus (1892 af Hans Christian Amberg). Fredet 1983. *;Skolegade 33, Esbjerg, Danmark;55,4668960;8,4525470
Esbjerg;Skolevej 43;Tjæreborg Graverbolig;1980;1850;Historicism;Stuehuset (ca. 1850). Fredet 1980.;Skolevej 43, Esbjerg, Danmark;55,4622930;8,5843150
Esbjerg;Sneum Kirkevej 20;Sneum Kirkes tidl;1992;1850;Historicism;graverbolig. Den tidl. graverbolig med kapel (ca. 1850). Fredet 1992.;Sneum Kirkevej 20, Esbjerg, Danmark;55,4587790;8,6401510
Esbjerg;Solbjergvej 25;Solbjergvej 25;1992;1856;Historicism;Den firelængede gård (1856) og den brolagte gårdsplads. Fredet 1992.;Solbjergvej 25, Esbjerg, Danmark;55,5015330;8,5617900
Esbjerg;Strandvej 2;Mandø Redningsstation;1995;1912;Historicism;Redningsstationen (1912). Fredet 1995.;Strandvej 2, Esbjerg, Danmark;55,2741200;8,5349790
Esbjerg;Sønder Farupvej 46;Faruplund;1992;1850;Historicism;Det vinkelformede bygningsanlæg bestående af en mod syd beliggende længe med en vinkelbygning mod nord (ca. 1850). Fredet 1992.*;Sønder Farupvej 46, Esbjerg, Danmark;;
Esbjerg;Sønderportsgade 20;Sønderportsgade 20, Ribe;1982;1872;Historicism;Forhuset (1872). Fredet 1982.*;Sønderportsgade 20, Esbjerg, Danmark;55,3273170;8,7589860
Esbjerg;Sønderportsgade 21C (tidl;nr;1918;1850;Historicism;21A). Sønderportsgade 21C, Ribe. Gavlhuset, omfattende grundmurede del mod gaden (senmiddelalder, gadegavl ca. 1850) og den otte fag dybe bindingsværksbygning (opr. på 17 fag, ca. 1660, afkortet ca. 1810). Fredet 1918. Udvidet 1954.;Sønderportsgade 21C (tidl, Esbjerg, Danmark;;
Esbjerg;Toldbodvej 1;Esbjerg Gamle Toldkammerbygning;1984;1896;Historicism;Toldkammerbygningen (1896-97 af Vilhelm Petersen). Fredet 1984.*;Toldbodvej 1, Esbjerg, Danmark;55,4640950;8,4459400
Esbjerg;Torvet 20;Esbjerg Posthus;1983;1908;Historicism;Posthusbygningen (1908 af Ulrik Plesner). Fredet 1983.;Torvet 20, Esbjerg, Danmark;55,4667120;8,4517000
Esbjerg;Von Støckens Plads 1, hj;af Stenbogade;1918;1892;Historicism;Ribe gamle Rådhus. Hovedfløjen (to middelalderlige stenhuse, ombygget til nuværende skikkelse 1528), sidefløj, trappetårn og lille forbindelsesbygning (1892-94 af H.C. Amberg). Fredet 1918.* Udvidet 2019;Von Støckens Plads 1, hj, Esbjerg, Danmark;;
Esbjerg;Østergade 4;Østergade 4;1983;1899;Historicism;Forhuset (1899 af C.H. Clausen). Fredet 1983.;Østergade 4, Esbjerg, Danmark;55,4660000;8,4561260
Esbjerg;Farup Kirkevej 6;Farup Præstegård;1981;1712;Baroque and rococo;Stuehuset (1712) og nordlængen. Fredet 1981.;Farup Kirkevej 6, Esbjerg, Danmark;55,3595950;8,7406940
Esbjerg;Feilbergvej 15;Darum Præstegård;1992;1720;Baroque and rococo;Stuehuset (1720). Fredet 1992.;Feilbergvej 15, Esbjerg, Danmark;55,4259790;8,6475900
Esbjerg;Grønnegade 21;Grønnegade 21, Ribe;1919;1650;Baroque and rococo;Det fem fag dybe bindingsværksgavlhus (ca. 1650) og den hermed sammenbyggede fem fag lange bindingsværksgadelænge (formentlig 1666, senere delvis grundmuret). Fredet 1919.*;Grønnegade 21, Esbjerg, Danmark;55,3293850;8,7607480
Esbjerg;Hjortlundvej 116;Søvanggård;1992;1700;Baroque and rococo;Det firelængede gårdanlæg (beg. af 1700-tallet). Fredet 1992.*;Hjortlundvej 116, Esbjerg, Danmark;55,3997900;8,8338570
Esbjerg;Kjærgårdsvej 31;Kjærgård;1918;1695;Baroque and rococo;Den trefløjede hovedbygning (1695) med omgivende grave. Fredet 1918.*;Kjærgårdsvej 31, Esbjerg, Danmark;55,4218410;8,7128110
Esbjerg;Klostergade 4;Almisseboderne, Ribe;1964;1716;Baroque and rococo;Forhuset, del af Almisseboderne (1716, ombygget og grundmuret 1817). Fredet 1964.*;Klostergade 4, Esbjerg, Danmark;55,3273760;8,7641570
Esbjerg;Klostergade 6;Almisseboderne, Ribe;1964;1716;Baroque and rococo;Forhuset, del af Almisseboderne (1716, ombygget og grundmuret 1817). Fredet 1964.*;Klostergade 6, Esbjerg, Danmark;55,3273130;8,7642260
Esbjerg;Skolegade 1A, hj;af Grydergade;1918;1724;Baroque and rococo;Den gamle Domskole, Ribe. Forhuset mod Torvet (1724) og den hermed sammenbyggede fløj langs Grydergade (1586) samt bygningen i gården med muren mod mnr. 340 (udgør resterne af en længe fra middelalder og fra 1586, som har været sammenbygget med fløjen langs Grydergade). Fredet 1918.*;Skolegade 1A, hj, Esbjerg, Danmark;;
Esbjerg;Sortebrødregade 1-3 og Overdammen 10;Quedens Gård, Ribe;1919;1681;Baroque and rococo;Det 16 fag dybe bindingsværksgavlhus på hjørnet af Sortebrødregade (mellem 1580 og 1583) med den op til dettes baggavl liggende portlænge (1681, delvis grundmuret 1857) samt det med gavlhusets forreste del sammenbyggede forhus mod Overdammen (1789). Fredet 1919. Den østre sidelænge i gården (opført kort før 1789 som erstatning for et 13 fag dybt gavlhus fra 1580-83, hvis hvælvede kældre stadig er bevarede. Baggavl og gårdside grundmuret 1854 og 1857, længen forhøjet 1865) samt stald- og vognportlængen mod syd (1790). Fredet 1918.*;Sortebrødregade 1-3 og Overdammen 10, Esbjerg, Danmark;;
Esbjerg;Sønderportsgade 37;Sønderportsgade 37, Ribe;1918;1650;Baroque and rococo;Det seks fag dybe bindingsværksgavlhus (ca. 1650-75) og kælderen (middelalder og renæssance) under den op til gavlhusets baggavl beliggende nyere bygning (ca. 1860-70), endvidere det med gavlhusets østside sammenbyggede femfags hjørnehus (ca. 1690) og den hermed sammenbyggede bindingsværkslænge mod Sviegade (ca. 1700, forhøjet 1783). Fredet 1918. *;Sønderportsgade 37, Esbjerg, Danmark;55,3271630;8,7595760
Esbjerg;Søndre Kirkevej 20;Vestervedsted Præstegård;1959;1738;Baroque and rococo;Stuehuset og udlængen (1738). Fredet 1959.*;Søndre Kirkevej 20, Esbjerg, Danmark;;
Esbjerg;Østerbyvej 13;Østerbyvej 13;1987;1700;Baroque and rococo;Det vinkelformede bygningsanlæg bestående af stuehus og staldlænge (anden halvdel af 1700-tallet). Fredet 1987.*;Østerbyvej 13, Esbjerg, Danmark;55,4602810;8,5867890
Faaborg-Midtfyn;Arreskovvej 12;Arreskov;1918;1558;Renaissance;Den firefløjede hovedbygning (1558-73 muligvis af Domenicus Badiaz, stærkt ombygget 1872-73 af H.A.W. Haugsted). Fredet 1918.;Arreskovvej 12, Faaborg-Midtfyn, Danmark;55,1644420;10,3148950
Faaborg-Midtfyn;Egeskov Gade 26;Egeskov;1918;1554;Renaissance;Hovedbygningen (1554). Fredet 1918.*;Egeskov Gade 26, Faaborg-Midtfyn, Danmark;55,1760550;10,4901450
Faaborg-Midtfyn;Grønnegade 32;Grønnegade 32;1991;1600;Renaissance;Bindingsværkshuset (slutn. af 1600-tallet). Fredet 1991.*;Grønnegade 32, Faaborg-Midtfyn, Danmark;55,0958180;10,2435000
Faaborg-Midtfyn;Hvedholm Slot 1;Hvedholm, Hovedbygningen;1994;1588;Renaissance;Den trefløjede hovedbygning (1588, ombygget i 1878-83 af Johan Schrøder) samt det vestfor liggende rødmalede træbeklædte gartnerhus (ca. 1800). Fredet 1994.*;Hvedholm Slot 1, Faaborg-Midtfyn, Danmark;55,1054260;10,1913970
Faaborg-Midtfyn;Hvedholms Allé 9;Hvedholm, Avlsgården;1918;1637;Renaissance;Horneporten og den på samme vestside liggende kampestensbygning samt den mod gårdspladsen vendte østmur af den gamle kostald (1637 og 1799), endvidere Pantemplet i parken (ca. 1800). Fredet 1918.;Hvedholms Allé 9, Faaborg-Midtfyn, Danmark;55,1065740;10,1920340
Faaborg-Midtfyn;Krumstrupvej 10;Krumstrup;1945;1600;Renaissance;Den trefløjede hovedbygning med mure foran gårdspladsen (slutn. af 1600-tallet, ombygget 1715 og senere, indgangstårnet ca. 1920). Fredet 1945.*;Krumstrupvej 10, Faaborg-Midtfyn, Danmark;55,2200360;10,5225330
Faaborg-Midtfyn;Slotsalléen 8;Holstenshuus;1990;1643;Renaissance;Den trefløjede hovedbygning (1643, ombygget 1863, 1889 og genopført efter brand 1908). Fredet 1990.;Slotsalléen 8, Faaborg-Midtfyn, Danmark;55,1032250;10,3102390
Faaborg-Midtfyn;Sundsgårdsvej 4-10;Fjellebro Hovedgård;1918;1600;Renaissance;Den trefløjede hovedbygning (1600-tallet, ombygget 1726) og herskabsstalden (1622, forlænget efter 1772 og nyindrettet 1912). Fredet 1918. Udvidet 1996.*;Sundsgårdsvej 4-10, Faaborg-Midtfyn, Danmark;55,1707653;10,4682251
Faaborg-Midtfyn;Søvej 27;Søbysøgård;1918;1641;Renaissance;Den trefløjede hovedbygning (midtfløjen 1641, østfløjen ca. 1710, vestfløjen 1768). Fredet 1918.*;Søvej 27, Faaborg-Midtfyn, Danmark;55,2898650;10,3670050
Faaborg-Midtfyn;Østergyden 3;Nakkebølle;1918;1559;Renaissance;Hovedbygningen (1559). Fredet 1918.*;Østergyden 3, Faaborg-Midtfyn, Danmark;55,0810750;10,3525160
Faaborg-Midtfyn;Grubbemøllegyden 2;Grubbe Vandmølle;1998;1947;Modernism;Vandmøllen og sammenbygget hermed stuehuset (ca. 1750, ombygget sidst i 1800-tallet), folkerums-/garagebygning og kostalden (begge 1932) samt den fritliggende tidligere svinestald, den fritliggende tidligere hestestald og havehuset (alle ca. 1750), stemmeværket med tilhørende stigbord, den støbte malekarm to turbinen, vejdæmningen med brofæster (ca. 1900), bro (1947) med rækværk samt den nærtstående granitvejsten, malerenden/bagvandet med tilhørende ca. 200 meter stensatte bredder og to støbte broer (ca. 1900) med støbejernsrækværk, mølledammen, markstensbelægningen på gårdsplads og foran stuehus og avlsbygninger samt stenmurene (ca. 1900) på begge siden af vejen mellem møllegård og mølledam. Fredet 1998. Udvidet 2011*;Grubbemøllegyden 2, Faaborg-Midtfyn, Danmark;55,1202950;10,2116500
Faaborg-Midtfyn;Præstegårdsgyden 6;Horne Præstegård;1945;1500;Medieval;Kampestenshouse (ca. 1500). Fredet 1945.*;Præstegårdsgyden 6, Faaborg-Midtfyn, Danmark;55,1065450;10,1656750
Faaborg-Midtfyn;Reventlowsvej 1 og 1 C, G;Brahetrolleborg;1918;1300;Medieval;"Den trefløjede hovedbygning (1300-1400-tallet; vestfløj 1498 og udbygget 1568 af Henrik Rantzau; østfløj forhøjet 1620 af Kaj Rantzau)*, Kai Lykkes trelængede ladegård (1655, ombygget efter brand 1900)*, ridebanen med lindetræer i græsbevokset oval, fiskedammene mellem hovedbygningen og ladegården og langs landevejen, bindingsværkslængen mellem ladegården og landevejen og hollænderiets hovedbygning (ca. 1780 og senere).Fredet 1918. Fredningen udvidet 1984.";Reventlowsvej 1 og 1 C, G, Faaborg-Midtfyn, Danmark;;
Faaborg-Midtfyn;Rishøjvej 2;Sandholt;1918;middelalder;Medieval;"Den firefløjede hovedbygning (middelalder, 1590'erne, ombygget 1788; nord- og vestfløj 1791).  Fredet 1918.*";Rishøjvej 2, Faaborg-Midtfyn, Danmark;55,1928200;10,2764180
Faaborg-Midtfyn;Tårnstræde 2;Klokketårnet;1918;1450;Medieval;Tårnet (ca. 1450-1500, spiret 1778). Fredet 1918.;Tårnstræde 2, Faaborg-Midtfyn, Danmark;55,0946670;10,2435970
Faaborg-Midtfyn;Vestergade 5;Vesterport;1918;1400;Medieval;Vesterport, Byporten (1400-tallet, istandsat 1770, ændret 1879 og istandsat 1917). Fredet 1918.;Vestergade 5, Faaborg-Midtfyn, Danmark;55,0966560;10,2402440
Faaborg-Midtfyn;Østrup 38, 48, 50 og 60;Østrupgård;1918;1500;Medieval;"Den trefløjede hovedbygning (det grundmurede hus fra 1500-tallets begyndelse, stærkt ombygget 1572; sydlige bindingsværkslænge 1710) med voldsted og omgivende grave, alle avlsgårdens længer omkring den store gårdsplads samt smedjen og Schæferhuset. Fredet 1918.*";Østrup 38, 48, 50 og 60, Faaborg-Midtfyn, Danmark;;
Faaborg-Midtfyn;Adelgade 7;Adelgade 7;1945;1761;Classicism;Forhuset (før 1761). Fredet 1945.*;Adelgade 7, Faaborg-Midtfyn, Danmark;55,0946430;10,2430260
Faaborg-Midtfyn;Arreskovvej 27;Arreskov Vandmølle;1990;1750;Classicism;Det trelængede sammenbyggede mølleanlæg (ca. 1750, ombygget i midten af 1800-tallet) bestående af en sammenbygget stuehus- og møllelænge med udbygninger over møllestrømmen, motorhuset for enden heraf, en sydlig portlænge, en vestlænge samt den brolagte gårdsplads. Fredet 1990.;Arreskovvej 27, Faaborg-Midtfyn, Danmark;55,1634500;10,3220090
Faaborg-Midtfyn;Birkevej 17;Vester Hæsinge gamle Skole;1989;1800;Classicism;Den tidl. skolebygning samt det lille sandhus (slutn. af 1800-tallet). Fredet 1989.;Birkevej 17, Faaborg-Midtfyn, Danmark;55,1930780;10,2468620
Faaborg-Midtfyn;Brændegårdsvej 3 A;Vægterhuset;1987;1825;Classicism;Stuehuset (ca. 1825-50). Fredet 1987.;Brændegårdsvej 3 A, Faaborg-Midtfyn, Danmark;55,1427310;10,3700380
Faaborg-Midtfyn;Bystævnevej 4;Søllinge Præstegård;1983;1819;Classicism;Stuehus (1819). Fredet 1983.;Bystævnevej 4, Faaborg-Midtfyn, Danmark;55,2866540;10,5363610
Faaborg-Midtfyn;Faurshøjvej 43;Bremerstente;1987;1800;Classicism;Stuehuset med tilbygning (beg. af 1800-tallet). Fredet 1987.;Faurshøjvej 43, Faaborg-Midtfyn, Danmark;55,1085850;10,3818650
Faaborg-Midtfyn;Faurshøjvej 55;Ditlevslyst;1987;1809;Classicism;Det trelængede anlæg (1809-10, stuehusets facadekvist mellem 1858 og 1875 og vindfang mod vest 1921, vestlængen udvidet 1848, hestegang mod vest 1858 og 1875, østlængen udvidet mod syd mellem 1858 og 1875), vaskehuset (før 1875), gårdspladsen samt de to buehække ved indkørslen to gården. Fredet 1987.*;Faurshøjvej 55, Faaborg-Midtfyn, Danmark;55,1128140;10,3742330
Faaborg-Midtfyn;Flægmosevej 22;Gammelstrand;1990;1800;Classicism;Det store firelængede gårdanlæg (ca. 1800, det delvis fritliggende stuehus ombygget 1870) med oprindelig påbygget korsarm, det fritliggende tifags bindingsværkshus mod øst samt den brolagte gårdsplads. Fredet 1990.;Flægmosevej 22, Faaborg-Midtfyn, Danmark;55,1305060;10,2229070
Faaborg-Midtfyn;Gammelskovvej 31;Vilhelmsgave;2002;1779;Classicism;Den firelængede gård bestående af det fritliggende stuehus og de three avlslænger med tilbygninger (1779 og senere), den pigstensbelagte gårdsplads og det fritliggende udhus (1792). Fredet 2002.;Gammelskovvej 31, Faaborg-Midtfyn, Danmark;55,1464300;10,2483780
Faaborg-Midtfyn;Grubbemøllegyden 2;Grubbe Mølle;1959;1832;Classicism;Vindmøllen (1832, flyttet hertil fra Sjælland 1892). Fredet 1959.*;Grubbemøllegyden 2, Faaborg-Midtfyn, Danmark;55,1202950;10,2116500
Faaborg-Midtfyn;Grønnegade 72;Grønnegade 72;1945;1800;Classicism;Forhuset (ca. 1800). Fredet 1945.;Grønnegade 72, Faaborg-Midtfyn, Danmark;55,0949070;10,2466340
Faaborg-Midtfyn;Havnegade 2;Havnegade 2;1990;1837;Classicism;Den toetages grundmurede bygning opført som toldpakhus (1837-38 af Jørgen Hansen Koch). Fredet 1990.;Havnegade 2, Faaborg-Midtfyn, Danmark;55,0946000;10,2410400
Faaborg-Midtfyn;Kirkegyden 3;Hillerslev Hospital;1964;1769;Classicism;Kampestensbygningen (1769). Fredet 1964.;Kirkegyden 3, Faaborg-Midtfyn, Danmark;55,1302090;10,2132090
Faaborg-Midtfyn;Kirkestræde 11;Fåborg Hospital;1945;1835;Classicism;Forhuset (1835-36 af Jørgen Hansen Lang). Fredet 1945.;Kirkestræde 11, Faaborg-Midtfyn, Danmark;55,0965660;10,2453050
Faaborg-Midtfyn;Kirkevej 20;Sønder Nærå Præstegård;1945;1775;Classicism;Stuehuset (1775). Fredet 1945.;Kirkevej 20, Faaborg-Midtfyn, Danmark;55,3076060;10,4914280
Faaborg-Midtfyn;Lagonis Minde 11 A;Vester Mølle;1919;1790;Classicism;Forhuset (1790 af Hans Jørgen Lang). Fredet 1919.;Lagonis Minde 11 A, Faaborg-Midtfyn, Danmark;55,0989850;10,2404640
Faaborg-Midtfyn;Lagonis Minde 12;Lagonis Minde 12;1919;1822;Classicism;Forhuset (1822-26). Fredet 1919.*;Lagonis Minde 12, Faaborg-Midtfyn, Danmark;55,0990020;10,2410090
Faaborg-Midtfyn;Lydinge Mølle Vej 17;Lydinge Mølle;1959;1790;Classicism;Den firelængede møllegård, vandmøllen samt den nord for liggende bindingsværkslænge (eldste del af vandmøllen ca. 1790). Fredet 1959.*;Lydinge Mølle Vej 17, Faaborg-Midtfyn, Danmark;55,1819780;10,4063160
Faaborg-Midtfyn;Lyø Bygade 14;Den gamle Kro;1995;1800;Classicism;Stuehuset, det østre sidehus (første halvdel af 1800-tallet) og stalden mod vest samt brostensbelægningen i tilknytning to bebyggelsen. Fredet 1995.*;Lyø Bygade 14, Faaborg-Midtfyn, Danmark;55,0424870;10,1526240
Faaborg-Midtfyn;Lyø Bygade 16;Lyø Bygade 16;1995;1827;Classicism;Det trelængede husmandsted (1827) med stuehus, staldlænge mod vest og staldlænge mod nord, (tidl.) smedje samt stendiget mod Bygaden. Fredet 1995.*;Lyø Bygade 16, Faaborg-Midtfyn, Danmark;55,0425110;10,1532830
Faaborg-Midtfyn;Lyø Bygade 4;Lyø Bygade 4;1988;1800;Classicism;Den firelængede bondegård (stuehus og vestlænge før 1800, østlænge ca. 1825 og sydlænge ca. 1850) og arealet afgrænset af ejendommens matrikelskel indeholdende gårdsplads med frugttræ, brolagt møddingsplads og stengærde langs Bygaden med dets bevoksning samt den bagved dette liggende prydpark med frugttræer, buksbomhække og buske. Fredet 1988.*;Lyø Bygade 4, Faaborg-Midtfyn, Danmark;55,0420440;10,1499180
Faaborg-Midtfyn;Marsk Billesvej 2-4;Brobyværk Vandmølle;1979;1777;Classicism;Den firelængede møllegård with møllehus i øst og udløberlænge i vest (1777 og ombygget ca. 1850). Fredet 1979.*;Marsk Billesvej 2-4, Faaborg-Midtfyn, Danmark;55,2310378;10,2604213
Faaborg-Midtfyn;Mosetoften 3;Diernæs Hospital;1945;1786;Classicism;Kampestensbygningen (1786). Fredet 1945.*;Mosetoften 3, Faaborg-Midtfyn, Danmark;55,1069680;10,2941750
Faaborg-Midtfyn;Priorensgade 11;Welblunds Gård;1979;1820;Classicism;Forhuset (1820'rne) og det hermed sammenbyggede sidehus i to fag. Fredet 1979.*;Priorensgade 11, Faaborg-Midtfyn, Danmark;55,0924850;10,2492140
Faaborg-Midtfyn;Priorensgade 4;Priorensgade 4;1964;1821;Classicism;Forhuset (1821, forhøjet 1850-51). Fredet 1964. *;Priorensgade 4, Faaborg-Midtfyn, Danmark;55,0923530;10,2491960
Faaborg-Midtfyn;Præstegårds Allé 2;Nørre-Broby Præstegård;1924;1818;Classicism;Stuehuset og de to foranliggende avlslænger (1818) samt udhusbygningen i haven (ca. 1830). Fredet 1924.;Præstegårds Allé 2, Faaborg-Midtfyn, Danmark;55,2536240;10,2328910
Faaborg-Midtfyn;Reventlowsvej 1 B;Kildehuset;1985;ca. 1800;Classicism;Kildehuset. Fredet 1985.*;Reventlowsvej 1 B, Faaborg-Midtfyn, Danmark;55,1528630;10,3581280
Faaborg-Midtfyn;Reventlowsvej 2;Brahetrolleborg Vandmølle;1945;1792;Classicism;Stuehuset og den hermed sammenbyggede vandmølle (1792). Fredet 1945.;Reventlowsvej 2, Faaborg-Midtfyn, Danmark;55,1530440;10,3490370
Faaborg-Midtfyn;Reventlowsvej 3;Harehaven, tidl;1987;1825;Classicism;Godsforvalterboligen, Brahetrolleborg. Stuehus (ca. 1825-50). Fredet 1987.;Reventlowsvej 3, Faaborg-Midtfyn, Danmark;55,1496550;10,3446670
Faaborg-Midtfyn;Reventlowsvej 5 A-D;Reventlowsvej 5 A-D;1984;1800;Classicism;Beboelseshuset, udlængen og vaskehuset (ca. 1800). Fredet 1984.*;Reventlowsvej 5 A-D, Faaborg-Midtfyn, Danmark;55,1251242;10,2798958
Faaborg-Midtfyn;Rådhusgården 5;Rådhusgården 5;1977;1780;Classicism;Bindingsværksbygningen (1780'erne, tidl. pakhus to Vestergade 8). Fredet 1977.*;Rådhusgården 5, Faaborg-Midtfyn, Danmark;55,0967900;10,2410410
Faaborg-Midtfyn;Spanget 3 A-C, Korinth;Spanget 3 A-C, Korinth;1984;1800;Classicism;Beboelseshuset og udlængen (ca. 1800). Fredet 1984.*;Spanget 3 A-C, Korinth, Faaborg-Midtfyn, Danmark;55,1450507;10,3461595
Faaborg-Midtfyn;Spanget 5 A-D, Korinth;Spanget 5 A-D, Korinth;1984;1800;Classicism;Beboelseshuset og udlængen (ca. 1800). Fredet 1984.*;Spanget 5 A-D, Korinth, Faaborg-Midtfyn, Danmark;55,1450507;10,3461595
Faaborg-Midtfyn;Svendborgvej 452;Pilegård;1945;1800;Classicism;Hovedbygningen og den nærmest beliggende udhuslænge (ca. 1800). Fredet 1945.;Svendborgvej 452, Faaborg-Midtfyn, Danmark;55,0844540;10,3896960
Faaborg-Midtfyn;Svendborgvej 47;Krags Hospital;1950;1770;Classicism;Den grundmurede bygning med indskrifttavlen (1770). Fredet 1950.;Svendborgvej 47, Faaborg-Midtfyn, Danmark;55,0880860;10,2595670
Faaborg-Midtfyn;Søllingevej 61;Søllinge Skole;1954;1793;Classicism;Den gamle skolebygning (1793). Fredet 1954.;Søllingevej 61, Faaborg-Midtfyn, Danmark;55,2851520;10,5379810
Faaborg-Midtfyn;Søren Lundsvej 42;Mausoleum, Horne Kirkegård;1983;1825;Classicism;Mausoleet for slægten Bille-Brahe (1825 af G.F. Hetsch). Fredet 1983.;Søren Lundsvej 42, Faaborg-Midtfyn, Danmark;55,1061260;10,1741320
Faaborg-Midtfyn;Torvet 19;Faaborg Råd-, Ting- og Arresthus;1977;1839;Classicism;Rådhusbygningen (1839-40 af Jens Paul Jacobsen) samt arrestbygningen med støttemur (1930 af Andreas Jensen). Fredet 1977. Udvidet 1995.;Torvet 19, Faaborg-Midtfyn, Danmark;55,0951250;10,2419380
Faaborg-Midtfyn;Torvet 5;Torvet 5;1945;1817;Classicism;Forhuset med karnap (1817, bagsiden grundmuret 1911, gavlen mod Torvet 1957). Fredet 1945.*;Torvet 5, Faaborg-Midtfyn, Danmark;55,0949470;10,2426030
Faaborg-Midtfyn;Tårngade 6-8;Tårngade 6-8;1945;1761;Classicism;Forhuset (før 1761 og senere). Fredet 1945.*;Tårngade 6-8, Faaborg-Midtfyn, Danmark;55,0948423;10,2432860
Faaborg-Midtfyn;Tårnstræde 3;Tårnstræde 3;1945;1761;Classicism;Forhuset (før 1761, gadesiden grundmuret mellem 1837 og 1847). Fredet 1945.*;Tårnstræde 3, Faaborg-Midtfyn, Danmark;55,0945340;10,2437590
Faaborg-Midtfyn;Vestergade 1 E og 1 F;Vestergade 1 E og 1 F;1945;1837;Classicism;Pakhuset (1837) og det dermed sammenbyggede sidehus (1838). Fredet 1945.*;Vestergade 1 E og 1 F, Faaborg-Midtfyn, Danmark;;
Faaborg-Midtfyn;Vestergade 9;Vestergade 9;1978;1818;Classicism;Forhus (1818), sidehus samt gårdspladsens brolægning. Fredet 1978.;Vestergade 9, Faaborg-Midtfyn, Danmark;55,2353050;10,4763880
Faaborg-Midtfyn;Østergade 1 A;Poul Kinafarers Gård;1945;1760;Classicism;Pakhuset (1760'erne). Fredet 1945.*;Østergade 1 A, Faaborg-Midtfyn, Danmark;55,0954200;10,2431130
Faaborg-Midtfyn;Østergade 17;Den tidl;1919;1791;Classicism;Skole. Forhuset (1791, ombygget 1813 af Jørgen Hansen Lang). Fredet 1919.;Østergade 17, Faaborg-Midtfyn, Danmark;55,0949210;10,2444420
Faaborg-Midtfyn;Østergade 25;Østergade 25;1919;1761;Classicism;Forhuset (de westligste 2 1/2 fag fra før 1761, de fem østligste fag opført 1776, tilbygningen på bagsiden fra 1843). Fredet 1919.*;Østergade 25, Faaborg-Midtfyn, Danmark;55,2681490;10,3205560
Faaborg-Midtfyn;Østergade 45 A-B og 45 E-F;Mads Rasmussens Gård;1945;1844;Classicism;Forhuset (1844 af Hans Jørgen Lang) og baghuset (1760'erne, forhøjet og forlænget 1851). Fredet 1945.;Østergade 45 A-B og 45 E-F, Faaborg-Midtfyn, Danmark;;
Faaborg-Midtfyn;Assensvej 298;Solbjærggård;1990;1850;Historicism;Det firelængede sammenbyggede gårdanlæg (ca. 1850) med den brolagte gårdsplads. Fredet 1990.*;Assensvej 298, Faaborg-Midtfyn, Danmark;55,1343800;10,2011880
Faaborg-Midtfyn;Brahesvej 36;Birkelund;1990;1852;Historicism;"Det firelængede gårdanlæg (fritliggende stuehus 1852), """"kovehuset"""" (ca. 1750), den tilbyggede lade på sydfløjen samt den brolagte gårdsplads. Fredet 1990.*";Brahesvej 36, Faaborg-Midtfyn, Danmark;55,1288560;10,2293270
Faaborg-Midtfyn;Brændegårdsvej 3 C;Fiskerhytte ved Nørre Sø;1987;ca. 1900;Historicism;Fiskerhytten. Fredet 1987.;Brændegårdsvej 3 C, Faaborg-Midtfyn, Danmark;55,1464210;10,3668020
Faaborg-Midtfyn;Grønnebjerg 1 A;Egeskov Vindmølle;1959;1855;Historicism;Vindmøllen (1855). Fredet 1959.*;Grønnebjerg 1 A, Faaborg-Midtfyn, Danmark;;
Faaborg-Midtfyn;Grønnegade 73 A;Grønnegade 73 A;1985;1912;Historicism;Den enetages portbygning sammenbygget med Fåborg Kunstmuseum, Grønnegade 75, (1912-15 af Carl Petersen). Fredet 1985. Udvidet 1985.;Grønnegade 73 A, Faaborg-Midtfyn, Danmark;55,0960140;10,2425992
Faaborg-Midtfyn;Grønnegade 74-76;Grønnegade 74-76;2000;1916;Historicism;Hjørnehuset (1916 af Carl Petersen). Fredet 2000.*;Grønnegade 74-76, Faaborg-Midtfyn, Danmark;55,0960140;10,2425992
Faaborg-Midtfyn;Grønnegade 75;Faaborg Museum;1979;1912;Historicism;Museumsbygningen (1912-15 af Carl Petersen). Fredet 1979.*;Grønnegade 75, Faaborg-Midtfyn, Danmark;55,0945880;10,2469010
Faaborg-Midtfyn;Kirkevej 5;Kirkehøjgård;1990;1853;Historicism;"Det firelængede gårdanlæg (det fritliggende stuehus i syd ca. 1853, nordlængen 1778, vestlængen og østlængen 1850), den fritliggende udhusbygning ""kovehuset"" samt den brolagte gårdsplads. Fredet 1990.";Kirkevej 5, Faaborg-Midtfyn, Danmark;55,3088020;10,4900390
Faaborg-Midtfyn;Knoldsborgvej 6;Knoldsborg;1989;1878;Historicism;Det firelængede gårdanlæg, (det fritliggende bindingsværksstuehus 1845, granitstenslængerne 1878), grisestaldlængen med muren (1878), møddingpladsen, brolægningen og træet på gårdspladsen samt stendiget med udkigsplatform omkring haven. Fredet 1989.*;Knoldsborgvej 6, Faaborg-Midtfyn, Danmark;55,0762800;10,2050060
Faaborg-Midtfyn;Lundegårdsvej 44-46 (tidl;Lundegårdsvej 6);1944;1894;Historicism;Lundegård. Samtl. bygninger om den opr. gårdsplads undtagen stald fra ca. 1894 (hovedbygningen 1700-tallet, kælderen delvis ca. 1602, Ellen Marsvins lade 1636). Fredet 1944.*;Lundegårdsvej 44-46 (tidl, Faaborg-Midtfyn, Danmark;;
Faaborg-Midtfyn;Lyø Strandvej 2;Lyø Strandvej 2 (tidl;1995;1850;Historicism;Molevej 2 A). Stuehuset og stalden (ca. 1850). Fredet 1995.;Lyø Strandvej 2, Faaborg-Midtfyn, Danmark;55,0442670;10,1557610
Faaborg-Midtfyn;Nørremarksgyden 8, Ryslinge Mark;Kristen Kolds Hus;1945;1850;Historicism;Stuehuset og det hermed sammenbyggede udhus (1850 og senere). Fredet 1945.*;Nørremarksgyden 8, Ryslinge Mark, Faaborg-Midtfyn, Danmark;;
Faaborg-Midtfyn;Prices Havevej 38;Kaleko Mølle;1944;1855;Historicism;Vandmøllen, bestående af mølleriet, møllestuen og stuehuset (antagelig før 1643, tilbygget med fire fag ved den nordre gavl 1736, udvidet med en sidebygning ca. 1770) samt selve vandhjulet, det lille udhus i haven (ca. 1850)*, kostalden (1855), laden (1844) samt omgivelserne i form af dæmningen, broen, stemmeværket og malekarmen ved møllen, den pikstensbelagte gårdsplads, de øvrige stenpikninger omkring bygningerne, stendigerne samt stensætningerne ved mølledammen og bagslusen. Fredet 1944,. Udvidet 1979 og 2004.;Prices Havevej 38, Faaborg-Midtfyn, Danmark;55,0994360;10,2669840
Faaborg-Midtfyn;Prices Havevej 39;Gøngehuset;1994;1852;Historicism;Det seksfags ståtækte bindingsværkshus med halvvalmede gavle, opført på syld (1852, tidl. landarbejderhus og opført i fem fag som håndværkerhus med vævestue) samt brolægningen omkring huset. Fredet 1994.;Prices Havevej 39, Faaborg-Midtfyn, Danmark;55,1005850;10,2631190
Faaborg-Midtfyn;Reventlowsvej 1 N og P;Brahetrolleborg Hospital;1982;1850;Historicism;Hospitalsbygningen (1850). Fredet 1982.;Reventlowsvej 1 N og P, Faaborg-Midtfyn, Danmark;;
Faaborg-Midtfyn;Rynkebyvej 32;Rynkebygård;1983;1858;Historicism;Hovedbygningen og de to fritliggende sidefløje (1858). Fredet 1983.*;Rynkebyvej 32, Faaborg-Midtfyn, Danmark;55,2548520;10,4527530
Faaborg-Midtfyn;Sallingelunde 10;Sallingelunde Mølle;1996;1852;Historicism;Møllegården bestående af stuehuset og vandmøllebygningen (1852-53) samt gårdspladsen med brostensbelægning. Fredet 1996.*;Sallingelunde 10, Faaborg-Midtfyn, Danmark;55,2295560;10,3559730
Faaborg-Midtfyn;Smedegyden 8;Elmekilden;1992;1873;Historicism;Fæstehuset (1873 og forlænget i 1875 med stald og træskomagerværksted). Fredet 1992.*;Smedegyden 8, Faaborg-Midtfyn, Danmark;55,1743470;10,2591680
Faaborg-Midtfyn;Steensgaard 4;Steensgaard;1918;1904;Historicism;"Den trefløjede hovedbygning (det underste af vestfløjens midtparti senmiddelalderligt, portalen ca. 1640; nordfløjen, en del af sydfløjen og hjørnet mellem vest- og sydfløj 1700-tallet)* samt hestestaldsbygningen (1904, formentlig af Aage Langeland-Mathiesen). Fredet 1918. Udvidet 1991.";Steensgaard 4, Faaborg-Midtfyn, Danmark;55,1408340;10,1825930
Faaborg-Midtfyn;Trekanten 1;Stormgården;1980;1875;Historicism;Det firelængede anlæg (stuehuset ca. 1875, øvrige længer 1819). Fredet 1980.*;Trekanten 1, Faaborg-Midtfyn, Danmark;55,1740600;10,2000780
Faaborg-Midtfyn;Assensvej 513;Falsled Kro;1959;1700;Baroque and rococo;Det firefløjede bygningskompleks samt den fritliggende længe (eldste del 1700-tallet, grundmuret del 1852, ombygget ca. 1970). Fredet 1959.*;Assensvej 513, Faaborg-Midtfyn, Danmark;55,1529330;10,1483810
Faaborg-Midtfyn;Brahesvej 13;Svanninge Hospital, Stenhuset;1959;1700;Baroque and rococo;Kampestensbygningen (beg. af 1700-tallet) samt udhus i bindingsværk (ca. 1800). Fredet 1959.*;Brahesvej 13, Faaborg-Midtfyn, Danmark;55,1264540;10,2299680
Faaborg-Midtfyn;Brahesvej 29;Enggården;1990;1700;Baroque and rococo;Det sammenbyggede firelængede gårdanlæg (stuehuset beg. af 1700-tallet, ombygget i 1850, østlængen 1876, sydlængen 1873, vestlængen med dele fra beg. af 1700-tallet) og den brolagte gårdsplads. Fredet 1990.*;Brahesvej 29, Faaborg-Midtfyn, Danmark;55,1291990;10,2270820
Faaborg-Midtfyn;Bramstrup 1;Bramstrup;1918;1689;Baroque and rococo;"Den trefløjede hovedbygning (1689 og 1800-tallet), ""Fokkenborg"" (østre del første halvdel af 1700-tallet, vestre del beg. af 1800-tallet), magasinbygningen (1847), havehuset (første halvdel af 1800-tallet) og agerumsladen (beg. af 1700-tallet). Fredet 1918. Udvidet 1982.*";Bramstrup 1, Faaborg-Midtfyn, Danmark;55,3127520;10,3797910
Faaborg-Midtfyn;Bygaden 23;Lysholt;1983;1700;Baroque and rococo;Stuehuset og laden (1700-tallet). Fredet 1983.*;Bygaden 23, Faaborg-Midtfyn, Danmark;55,1723780;10,1935210
Faaborg-Midtfyn;Grønnegade 48;Jørgen Plougs og Hustrus Plejehus;1945;1700;Baroque and rococo;Forhuset (ca. 1700). Fredet 1945.;Grønnegade 48, Faaborg-Midtfyn, Danmark;55,0952790;10,2459120
Faaborg-Midtfyn;Hellerupvej 18-20;Hellerup;1918;1670;Baroque and rococo;Den tofløjede hovedbygning (1670 og senere). Fredet 1918.*;Hellerupvej 18-20, Faaborg-Midtfyn, Danmark;55,2851124;10,5677985
Faaborg-Midtfyn;Holkegade 1;Museet, Den gamle Gård;1919;1720;Baroque and rococo;Forhus og de dermed sammenbyggede side- og baghuse, lysthus mod havnen (ca. 1720, lysthuset ca. 1800), haven, den østlige hegnsmur samt støttemuren og hegnet mod havnen.Fredet 1919. Udvidet 1987.*;Holkegade 1, Faaborg-Midtfyn, Danmark;55,0954080;10,2408620
Faaborg-Midtfyn;Holkegade 2;Smedehusene;1919;1730;Baroque and rococo;De to sammenbyggede bindingsværksgavlhuse (1730). Fredet 1919.*;Holkegade 2, Faaborg-Midtfyn, Danmark;55,0954700;10,2401690
Faaborg-Midtfyn;Holkegade 3;Holkegade 3;1919;1720;Baroque and rococo;Forhuset og hermed sammenbygget sidehus (ca. 1720). Fredet 1919.*;Holkegade 3, Faaborg-Midtfyn, Danmark;55,0954790;10,2404920
Faaborg-Midtfyn;Karlsbjergvej 39 og 39 A-D;Brobygård;1924;1673;Baroque and rococo;Hovedbygningen (1673 og senere) med seks tilbyggede bindingsværkslænger mod nord (ca. 1850) samt lysthuset og smedien. Fredet 1924.;Karlsbjergvej 39 og 39 A-D, Faaborg-Midtfyn, Danmark;;
Faaborg-Midtfyn;Prices Havevej 40;Mor Oles Hus, tidl;1964;1652;Baroque and rococo;Kalekogård. Midtlænge (1652 og senere), østlænge (ca. 1820) og vestlænge (1810). Fredet 1964.*;Prices Havevej 40, Faaborg-Midtfyn, Danmark;55,0997320;10,2665420
Faaborg-Midtfyn;Tårnstræde 1 A;Tårnstræde 1 A;1945;1700;Baroque and rococo;Forhuset (før 1761, ombygget 1837-47) med sammenbygget baghus (1700-tallet). Fredet 1945.;Tårnstræde 1 A, Faaborg-Midtfyn, Danmark;55,0945990;10,2437620
Faaborg-Midtfyn;Vestergade 10 og Rådhusgården 7;Plougs Gaard;1918;1700;Baroque and rococo;Forhuset (ca. 1730, gennemgribende ombygget 1791, formentlig af Hans Jørgen Lang), det østlige sidehus (ca. 1800), baghuset (ca. 1850) samt de sydligste tre fag af det vestlige sidehus (1700-tallet, senere ombygget og forkortet). Fredet 1918. Udv. 1977.*;Vestergade 10 og Rådhusgården 7, Faaborg-Midtfyn, Danmark;;
Faaborg-Midtfyn;Vestergade 3;Vestergade 3;1919;1730;Baroque and rococo;Forhuset (ca. 1730 og senere). Fredet 1919.*;Vestergade 3, Faaborg-Midtfyn, Danmark;55,0965070;10,2404540
Faaborg-Midtfyn;Vestergade 8;Wedels Gård;1919;1730;Baroque and rococo;Forhuset (ca. 1730, forhøjet to to etager i 1790'erne). Fredet 1919. Udvidet 1977.*;Vestergade 8, Faaborg-Midtfyn, Danmark;55,0965030;10,2409070
Fanø;Barkvej 5;Barkvej 5;1950;1820;Classicism;Stuehuset på syv fag (ca. 1820). Fredet 1950.;Barkvej 5, Fanø, Danmark;55,4476110;8,4048620
Fanø;Barkvej 7;Barkvej 7;1950;1820;Classicism;Stuehuset på fem fag (ca. 1820). Fredet 1950.;Barkvej 7, Fanø, Danmark;55,4476400;8,4046880
Fanø;Bjerrevej 10;Bjerrevej 10;1950;1779;Classicism;Stuehuset på 11 fag (1779, udvidet med to fag før 1891, grundmuret før 1855). Fredet 1950.*;Bjerrevej 10, Fanø, Danmark;55,3467780;8,4695800
Fanø;Bjerrevej 11;Bjerrevej 11;1949;1807;Classicism;Stuehuset på ni fag (1807). Fredet 1949.*;Bjerrevej 11, Fanø, Danmark;55,3467520;8,4693130
Fanø;Digevej 19;Digevej 19;1978;1750;Classicism;Forhuset (ca. 1750, grundmuret 1800). Fredet 1978.*;Digevej 19, Fanø, Danmark;55,3503730;8,4722470
Fanø;Digevej 23;Digevej 23;1950;1819;Classicism;Stuehuset på otte fag (før 1819). Fredet 1950.*;Digevej 23, Fanø, Danmark;55,3504350;8,4731650
Fanø;Digevej 25;Digevej 25;1950;1837;Classicism;Stuehuset på syv fag (før 1837, udvidet med et fag 1855). Fredet 1950.*;Digevej 25, Fanø, Danmark;55,3504060;8,4736110
Fanø;Digevej 4;Digevej 4;1950;1793;Classicism;Stuehuset på 12 fag (før 1793). Fredet 1950.*;Digevej 4, Fanø, Danmark;55,3506080;8,4730370
Fanø;Digevej 6;Digevej 6;1950;1793;Classicism;Stuehuset på 12 fag (før 1793). Fredet 1950.*;Digevej 6, Fanø, Danmark;55,3505730;8,4734690
Fanø;Gammel Byvej 10;Gammel Byvej 10;1950;1807;Classicism;Stuehuset på ni fag (1807). Fredet 1950.*;Gammel Byvej 10, Fanø, Danmark;55,3493200;8,4700040
Fanø;Gammel Byvej 12;Gammel Byvej 12;1997;1797;Classicism;Længehusets østre halvdel (ca. 1797-99, ombygget 1845). Fredet 1997.;Gammel Byvej 12, Fanø, Danmark;55,3494340;8,4698480
Fanø;Gammel Byvej 14;Gammel Byvej 14;1997;1797;Classicism;Længehusets vestre halvdel (ca. 1797-99, ombygget 1845). Fredet 1997.*;Gammel Byvej 14, Fanø, Danmark;55,3494610;8,4697020
Fanø;Gammel Byvej 4;Gammel Byvej 4;2010;1805;Classicism;Beboelseshuset (1805) samt den tilhørende have. Fredet 2010.;Gammel Byvej 4, Fanø, Danmark;55,3488350;8,4701970
Fanø;Gammel Byvej 7;Jens Harrebys Hus;1971;1807;Classicism;Stuehuset (ca. 1807). Fredet 1971.*;Gammel Byvej 7, Fanø, Danmark;55,3487860;8,4706010
Fanø;Hovedgaden 41-43;Hovedgaden 41-43;1989;1820;Classicism;Længehuset (ca. 1820). Fredet 1989.*;Hovedgaden 41-43, Fanø, Danmark;55,4466099;8,4054014
Fanø;Hovedgaden 55;Hovedgaden 55;1989;1826;Classicism;Det stråtækte, grundmurede ellevefags længehus (1826). Fredet 1989.*;Hovedgaden 55, Fanø, Danmark;55,4458000;8,4044930
Fanø;Krogvej 11-13;Krogvej 11-13;1950;ca. 1800;Classicism;Stuehuset på syv fag. Fredet 1950.*;Krogvej 11-13, Fanø, Danmark;55,4477435;8,4045610
Fanø;Kropladsen 17;Kropladsen 17;1950;1750;Classicism;Stuehuset på 10 fag (ca. 1750, reduceret med to fag 1881). Fredet 1950.*;Kropladsen 17, Fanø, Danmark;55,3479870;8,4729850
Fanø;Kropladsen 2;Kropladsen 2;1985;1828;Classicism;Det syvfags hus (før 1828). Fredet 1985.*;Kropladsen 2, Fanø, Danmark;55,3477060;8,4716670
Fanø;Kåvervej 31;Den gamle fattiggård i Sønderho;1971;1840;Classicism;Den gamle fattiggård (ca. 1840). Fredet 1971.*;Kåvervej 31, Fanø, Danmark;55,3465050;8,4683650
Fanø;Landevejen 22;Landevejen 22;1950;1793;Classicism;Stuehuset (før 1793, ommuret før 1857). Fredet 1950.*;Landevejen 22, Fanø, Danmark;55,3480800;8,4701530
Fanø;Landevejen 28, tidl;Bjerrevej 28;1985;1793;Classicism;Landevejen 28. Det ellevefags hus (1793 og senere). Fredet 1985.*;Landevejen 28, tidl, Fanø, Danmark;;
Fanø;Landevejen 38;Landevejen 38;1950;1804;Classicism;Stuehuset på 10 fag (1804, udvidet med to fag 1836). Fredet 1950.*;Landevejen 38, Fanø, Danmark;55,3484200;8,4707110
Fanø;Landevejen 7;Landevejen 7;1950;1804;Classicism;Stuehuset på 13 fag (før 1804, forlænget 1820 og 1854 med i alt fire fag). Fredet 1950.;Landevejen 7, Fanø, Danmark;55,3486020;8,4717920
Fanø;Niels Engersvej 6;Niels Engersvej 6;1987;1821;Classicism;Stuehuset (1821). Fredet 1987.;Niels Engersvej 6, Fanø, Danmark;55,4443730;8,4013410
Fanø;Nord Land 19;Nord Land 19;1985;1828;Classicism;Det tifags hus (før 1828). Fredet 1985.*;Nord Land 19, Fanø, Danmark;55,3497220;8,4714230
Fanø;Nord Land 36;Nord Land 36;1950;1783;Classicism;Stuehuset på seks fag (1783, udvidet med et fag 1865). Fredet 1950.*;Nord Land 36, Fanø, Danmark;55,3504920;8,4719640
Fanø;O.C;Hammersvej 8;1950;1767;Classicism;O.C. Hammersvej 8. Stuehuset på ni fag. Fredet 1950.*;O.C, Fanø, Danmark;55,4437131;8,4028982
Fanø;Skolevej 10;Skolevej 10;1950;1790-1800;Classicism;Stuehuset på tre fag. Fredet 1950.;Skolevej 10, Fanø, Danmark;55,4458120;8,4028840
Fanø;Skolevej 2;Skolevej 2;1984;1801;Classicism;Forhuset (1801), sidelængen (1849) og brolægningen foran huset. Fredet 1984.;Skolevej 2, Fanø, Danmark;55,4454640;8,4035720
Fanø;Sønder Land 20;Sønder Land 20;1989;1837;Classicism;Stuehuset på otte fag (1837, grundmuret 1873). Fredet 1989.*;Sønder Land 20, Fanø, Danmark;55,3471350;8,4716610
Fanø;Sønder Land 3;Sønder Land 3;1950;1750;Classicism;Stuehuset på 10 fag (ca. 1750, grundmuret før 1819). Fredet 1950.* Delvist ophævet 2018;Sønder Land 3, Fanø, Danmark;55,3481940;8,4709100
Fanø;Sønder Land 32;Sønder Land 32;1950;1779;Classicism;Stuehuset på 11 fag (1779, grundmuret og udvidet med to fag før 1856). Fredet 1950.*;Sønder Land 32, Fanø, Danmark;55,3464930;8,4696380
Fanø;Sønder Land 37;Sønder Land 37;1988;1798;Classicism;Stuehuset på 10 fag (før 1798, udv. med et fag 1855). Fredet 1988.;Sønder Land 37, Fanø, Danmark;55,3468920;8,4702170
Fanø;Søndertoft 17;Søndertoft 17;1985;1795;Classicism;Det fjortenfags hus (1795).  Fredet 1985.*;Søndertoft 17, Fanø, Danmark;55,3479770;8,4681400
Fanø;Søndertoft 2;Søndertoft 2;1990;1807;Classicism;Det firefags længehus (1807, ombygget 1883) samt husets vestlige tilbygning (1965). Fredet 1990.*;Søndertoft 2, Fanø, Danmark;55,3476520;8,4695290
Fanø;Søndre Banksti 2;Søndre Banksti 2;1971;1800;Classicism;Stuehuset (ca. 1800). Fredet 1971.*;Søndre Banksti 2, Fanø, Danmark;55,4478470;8,4052940
Fanø;Toftestien 11;Toftestien 11;1985;1839;Classicism;Det nifags hus (før 1839). Fredet 1985.*;Toftestien 11, Fanø, Danmark;55,3492540;8,4728590
Fanø;Toftestien 12;Toftestien 12;1990;1763;Classicism;Længehuset (1763). Fredet 1990.;Toftestien 12, Fanø, Danmark;55,3494450;8,4728850
Fanø;Toftestien 13-15;Toftestien 13-15;1950;1794;Classicism;Stuehuset på otte fag (1794-95). Fredet 1950.*;Toftestien 13-15, Fanø, Danmark;55,3489235;8,4721484
Fanø;Toftestien 14;Toftestien 14;1985;1788;Classicism;Det firefags hus (1788, udvidet 1836). Fredet 1985.;Toftestien 14, Fanø, Danmark;55,3494390;8,4731060
Fanø;Toftestien 21;Toftestien 21;1950;1803;Classicism;Stuehuset på fem fag (1803). Fredet 1950.*;Toftestien 21, Fanø, Danmark;55,3500840;8,4736100
Fanø;Toftestien 23;Toftestien 23;1950;1824;Classicism;Stuehuset på 10 fag (før 1824, grundmuret og udvidet med et fag 1837). Fredet 1950.*;Toftestien 23, Fanø, Danmark;55,3501250;8,4734170
Fanø;Toftestien 27;Toftestien 27;1950;1750;Classicism;Stuehuset på otte fag (ca. 1750, grundmuret 1851). Fredet 1950.*;Toftestien 27, Fanø, Danmark;55,3501190;8,4729200
Fanø;Toftestien 29;Toftestien 29;1950;1787;Classicism;Stuehuset på syv fag (før 1787, grundmuret 1852 og 1873). Fredet 1950.;Toftestien 29, Fanø, Danmark;55,3501030;8,4726810
Fanø;Toftestien 6;Toftestien 6;1985;1795;Classicism;Det ottefags hus (før 1795). Fredet 1985.*;Toftestien 6, Fanø, Danmark;55,3489610;8,4715780
Fanø;Vester Land 46;Møllergården;1985;1769;Classicism;Det ellevefags hus (ca. 1769 og senere). Fredet 1985.*;Vester Land 46, Fanø, Danmark;55,3542410;8,4641710
Fanø;Vester Land 8;Skipperhuset;1982;1793;Classicism;Længehuset i 11 fag (1793) og udhuset (ca. 1900). Fredet 1982.*;Vester Land 8, Fanø, Danmark;55,3479420;8,4655610
Fanø;Vigensvej 10;Vigensvej 10;1950;1790-1800;Classicism;Stuehuset på fem fag. Fredet 1950.*;Vigensvej 10, Fanø, Danmark;55,4437380;8,4039950
Fanø;Vigensvej 12;Vigensvej 12;1950;1790-1800;Classicism;Stuehuset på syv fag. Fredet 1950.*;Vigensvej 12, Fanø, Danmark;55,4437450;8,4038230
Fanø;Vigensvej 13;Vigensvej 13;1950;1810;Classicism;Stuehuset på 10 fag. Fredet 1950.*;Vigensvej 13, Fanø, Danmark;55,4439080;8,4036960
Fanø;Vigensvej 17;Vigensvej 17;1950;1790-1800;Classicism;Stuehuset på otte fag. Fredet 1950.*;Vigensvej 17, Fanø, Danmark;55,4439650;8,4031070
Fanø;Øster Land 10;Øster Land 10;1950;1798;Classicism;Stuehuset på 10 fag (før 1798). Fredet 1950.*;Øster Land 10, Fanø, Danmark;55,3491730;8,4731990
Fanø;Øster Land 11;Øster Land 11;1950;1786;Classicism;Stuehuset på 11 fag (før 1786, grundmuret før 1850). Fredet 1950.;Øster Land 11, Fanø, Danmark;55,3490790;8,4735960
Fanø;Øster Land 12;Øster Land 12;1950;1798;Classicism;Stuehuset på ni fag (før 1798, grundmuret før 1850). Fredet 1950.;Øster Land 12, Fanø, Danmark;55,3494000;8,4735630
Fanø;Øster Land 13;Øster Land 13;1950;1805;Classicism;Stuehuset på to fag (før 1805). F. 1950. FLYTTET TIL ØSTER LAND 15;Øster Land 13, Fanø, Danmark;55,3492030;8,4737970
Fanø;Øster Land 14;Øster Land 14;1950;1778;Classicism;Stuehuset på 10 fag (1778, udvidet med to fag mellem 1796 og 1803). Fredet 1950.*;Øster Land 14, Fanø, Danmark;55,3493680;8,4739560
Fanø;Øster Land 15;Øster Land 15;1950;1805;Classicism;(Tidl. Øster Land 13 og 15) Stuehusets fem midterste fag samt nabostuehuset (tidl. Øster Land 13) på to fag (begge før 1805). Fredet 1950.*;Øster Land 15, Fanø, Danmark;55,3491820;8,4738950
Fanø;Øster Land 16;Øster Land 16;1950;1785;Classicism;Stuehuset på 10 fag (før 1785, grundmuret før 1874). Fredet 1950.*;Øster Land 16, Fanø, Danmark;55,3495530;8,4738740
Fanø;Øster Land 17;Øster Land 17;1950;1801;Classicism;Stuehuset på pfir fag (før 1801, grundmuret før 1842). Fredet 1950.*;Øster Land 17, Fanø, Danmark;55,3491620;8,4739930
Fanø;Øster Land 18;Øster Land 18;1950;1801;Classicism;Stuehuset på fire fag (før 1801, grundmuret før 1842). Fredet 1950.*;Øster Land 18, Fanø, Danmark;55,3496030;8,4740260
Fanø;Øster Land 19;Øster Land 19;1950;1798;Classicism;Stuehuset på ni fag (før 1798). Fredet 1950.*;Øster Land 19, Fanø, Danmark;55,3493380;8,4741620
Fanø;Øster Land 20;Øster Land 20;1950;1805;Classicism;Stuehusets fem østligste fag (før 1805, ombygget 1842 og udvidet med to fag 1977). Fredet 1950.*;Øster Land 20, Fanø, Danmark;55,3497650;8,4741340
Fanø;Øster Land 22;Øster land 22;1950;1805;Classicism;Stuehusets otte vestligste fag (før 1805, ombygget 1842). Fredet 1950.*;Øster Land 22, Fanø, Danmark;55,3497940;8,4738920
Fanø;Øster Land 24;Øster Land 24;1950;1805;Classicism;Stuehuset på 10 fag (før 1805, grundmuret før 1838). Fredet 1950.*;Øster Land 24, Fanø, Danmark;55,3498980;8,4743020
Fanø;Øster Land 25;Øster Land 25;1978;1797;Classicism;Forhuset (1797). Fredet 1978.*;Øster Land 25, Fanø, Danmark;55,3497230;8,4743960
Fanø;Øster Land 27;Øster Land 27;1950;1805;Classicism;Stuehuset på 12 fag (før 1805, grundmuret og udvidet med to fag 1836). Fredet 1950.*;Øster Land 27, Fanø, Danmark;55,3499250;8,4744630
Fanø;Øster Land 28;Øster Land 28;1950;1805;Classicism;Stuehuset på 10 fag (før 1805, grundmuret 1852, 1854 og 1866). Fredet 1950.*;Øster Land 28, Fanø, Danmark;55,3501340;8,4738340
Fanø;Øster Land 29;Øster Land 29;1950;1805;Classicism;Stuehuset på tre fag (før 1805, grundmuret før 1837). Fredet 1950.*;Øster Land 29, Fanø, Danmark;55,3500820;8,4745820
Fanø;Øster Land 30;Øster Land 30;1950;1805;Classicism;Stuehuset på otte fag (før 1805, grundmuret 1863 og 1894). Fredet 1950.*;Øster Land 30, Fanø, Danmark;55,3500810;8,4743930
Fanø;Øster Land 31;Øster Land 31;1950;1805;Classicism;Stuehuset på otte fag (før 1805). Fredet 1950.*;Øster Land 31, Fanø, Danmark;55,3500430;8,4747370
Fanø;Øster Land 32;Øster Land 32;1950;1796;Classicism;Stuehuset på 10 fag (før 1796, grundmuret 1855). Fredet 1950.*;Øster Land 32, Fanø, Danmark;55,3502250;8,4745890
Fanø;Øster Land 33;Øster Land 33;1950;1773;Classicism;Stuehuset på seks fag (før 1773). Fredet 1950.*;Øster Land 33, Fanø, Danmark;55,3501920;8,4748720
Fanø;Øster Land 4;Øster Land 4;1987;1801;Classicism;Stuehuset på otte fag (før 1801, grundmuret antagelig 1867). Fredet 1987.*;Øster Land 4, Fanø, Danmark;55,3489180;8,4728250
Fanø;Øster Land 6;Øster Land 6;1950;1804;Classicism;Stuehuset på 10 fag (1804). Fredet 1950.*;Øster Land 6, Fanø, Danmark;55,3488310;8,4730610
Fanø;Øster Land 7;Hannes Hus;1950;1793;Classicism;Stuehuset på otte fag (før 1793, reduceret med et fag 1856). Fredet 1950.;Øster Land 7, Fanø, Danmark;55,3488730;8,4735780
Fanø;Øster Land 9;Øster Land 9;1950;1811;Classicism;Stuehuset på syv fag (udvidelser til mnr. 228, 1811 til ca. 1860). Fredet 1950.*;Øster Land 9, Fanø, Danmark;55,3488740;8,4737860
Fanø;Østervej 10;Østervej 10;1950;1790-1800;Classicism;Stuehuset på fire fag. Fredet 1950.;Østervej 10, Fanø, Danmark;55,4454960;8,4049990
Fanø;Østervej 12;Østervej 12;1950;1790-1800;Classicism;Stuehuset på seks fag. Fredet 1950.*;Østervej 12, Fanø, Danmark;55,4455200;8,4048840
Fanø;Bjerrevej 9;Bjerrevej 9;1950;1875;Historicism;Stuehuset på fem fag (1875). Fredet 1950.*;Bjerrevej 9, Fanø, Danmark;55,3467740;8,4690050
Fanø;Kirkevejen 25;Rindby Redningsstation;1995;1888;Historicism;Redningsstationen (1888). Fredet 1995.;Kirkevejen 25, Fanø, Danmark;55,4242680;8,3879750
Fanø;Landevejen 36;Jordemoderhuset;1950;1865;Historicism;Stuehuset på fire fag (opr. del af et ellevefags bindingsværkshus, grundmuret før 1865, ombygget ca. 1900). Fredet 1950.;Landevejen 36, Fanø, Danmark;55,3483080;8,4705790
Fanø;Nord Land 12;Nord Land 12;1985;1868;Historicism;Det trefags hus (før 1868). Fredet 1985.;Nord Land 12, Fanø, Danmark;55,3495280;8,4709600
Fanø;Nord Land 5;Nord Land 5;1985;1868;Historicism;Det ellevefags hus (1868). Fredet 1985.*;Nord Land 5, Fanø, Danmark;55,3490920;8,4709480
Fanø;Skolevej 8;Skolevej 8;1950;1850;Historicism;Stuehuset på three fag. Fredet 1950.;Skolevej 8, Fanø, Danmark;55,4457390;8,4029450
Fanø;Sønderho Strandvej 15;Sønderho Redningsstation;1990;1887;Historicism;Redningsstationen (1887 af N.M. Kromann). Fredet 1990.;Sønderho Strandvej 15, Fanø, Danmark;55,3484570;8,4603990
Fanø;Vester Land 44;Sønderho Mølle;1998;1895;Historicism;Vindmøllen (1895). Fredet 1998.*;Vester Land 44, Fanø, Danmark;55,3545480;8,4634380
Fanø;Kropladsen 11;Krogården;1945;1722;Baroque and rococo;Krobygningen på 14 fag (1722, udvidet 1744 og 1793). Fredet 1945.*;Kropladsen 11, Fanø, Danmark;55,3477060;8,4722960
Fanø;Kåvervej 14;Kaptajn Thøgersens Hus;1978;1724;Baroque and rococo;Forhuset (1724). Fredet 1978.*;Kåvervej 14, Fanø, Danmark;55,3471350;8,4672720
Fanø;Martin Christensens Vej 1;Martin Christensens Vej 1;1971;1700;Baroque and rococo;Forhuset (sidste halvdel af 1700-tallet). Fredet 1971.*;Martin Christensens Vej 1, Fanø, Danmark;55,4440240;8,4041940
Fanø;O.C;Hammersvej 10;1979;1700;Baroque and rococo;O.C. Hammersvej 10. Den enetages længe på fem fag (1700-tallet) sammenbygget med naboejendommen. Fredet 1979.*;O.C, Fanø, Danmark;55,4437131;8,4028982
Fanø;Sønderho Strandvej 1;Sønderho Præstegård;1950;1749;Baroque and rococo;Stuehuset på 16 fag (1749, udvidet med tre fag efter 1819). Fredet 1950.*;Sønderho Strandvej 1, Fanø, Danmark;55,3495060;8,4660530
Fanø;Søndertoft 3;Søndertoft 3;1979;1700;Baroque and rococo;Det grundmurede enkelthus med stråtag (slutn. af 1700-tallet). Fredet 1979.*;Søndertoft 3, Fanø, Danmark;55,3478090;8,4706270
Fanø;Vigensvej 11;Vigensvej 11;1971;1700;Baroque and rococo;Stuehuset (sidste halvdel af 1700-tallet). Fredet 1971.*;Vigensvej 11, Fanø, Danmark;55,4438710;8,4039920
Fanø;Østervej 6;Østervej 6;1973;;;Forhuset. Fredet 1973.*;Østervej 6, Fanø, Danmark;55,4454500;8,4053010
Fanø;Østervej 8;Østervej 8;1950;;;Stuehuset på otte fag. Fredet 1950.;Østervej 8, Fanø, Danmark;55,4454790;8,4051450
Favrskov;Pøt Møllevej 15;Frijsenborg;1978;1500;Medieval;Den trefløjede hovedbygning (1500-tallet og senere, totalt ombygget 1862-82 af Ferdinand Meldahl). Fredet 1978.;Pøt Møllevej 15, Favrskov, Danmark;56,2648930;9,8935800
Favrskov;Bidstrupvej 1;Bidstrup;1918;1759;Classicism;Samtlige bygninger omkring borggården (nordfløjens kældre 1590, det trefløjede anlæg 1698, ombygget 1760 af Nicolaus Hinrich Rieman), staldgård (vinkelbygningerne 1756 af Nicolaus Hinrich Rieman) og ladegård (1759-60 af Nicolaus Hinrich Rieman) samt bygningerne langs søndre indkørselsvej (1846 og 1855). Fredet 1918. Udvidet 1964.*;Bidstrupvej 1, Favrskov, Danmark;56,3478480;9,9347880
Favrskov;Faurskovvej 22;Favrskov;1918;1750;Classicism;Hovedbygningen (antagelig 1750). Fredet 1918.*;Faurskovvej 22, Favrskov, Danmark;56,3364150;9,9909030
Favrskov;Lyngåvej 85;Lyngå Præstegård;1980;1799;Classicism;Stuehuset (1799), den tidl. staldbygning, gårdspladsen og haven. Fredet 1980.*;Lyngåvej 85, Favrskov, Danmark;56,3149020;9,9815130
Favrskov;Søbygårdsvej 102;Søbygård;1944;1810;Classicism;Hovedbygningen (1810) med nyere sidefløj. Fredet 1944.;Søbygårdsvej 102, Favrskov, Danmark;56,2542200;9,7958740
Favrskov;Østergårdsvej 5;Østergård;1993;1839;Classicism;Stuehuset med lukket veranda og granittrappe, den trempelbyggede ko- og kalvestald, den trempelbyggede staldlænge med hestestald og vognport, agerumsladen (1839-40) samt murene der forbinder agerumsladen med de to staldlænger. Endvidere kornmagasinbygningen og herskabsstalden (1904). Fredet 1993.*;Østergårdsvej 5, Favrskov, Danmark;56,3783490;9,8804940
Favrskov;Sallvej 1;Dommergården;1982;1850;Historicism;Den som birkedommerbolig og dommerkontor opførte bygning (ca. 1850) med senere tilbygning mod vest samt haven. Fredet 1982.*;Sallvej 1, Favrskov, Danmark;56,2555280;9,8609500
Favrskov;Clausholmvej 306, 308 og 310;Clausholm;1918;1693;Baroque and rococo;Den femfløjede hovedbygning (1693-1701 af Ernst Brandenburger og Nicodemus den yngre Tessin, sydfløjene 1722-23 af Johan Daniel Planitz) med omgivende grave og trefløjede staldgård (1600-tallet). Fredet 1918.*;Clausholmvej 306, 308 og 310, Favrskov, Danmark;;
Favrskov;Clausholmvej 316;Avlsgården;1918;1686;Baroque and rococo;Syd- og østlængerne (1686, 1731 og 1737). Fredet 1918.;Clausholmvej 316, Favrskov, Danmark;56,3670588;10,1714184
Favrskov;Ulstrup Skovvej 20-22;Ulstrup;1918;1688;Baroque and rococo;Ulstrup. Den trelængede hovedbygning med muren mod vest (nordfløj 1591, de øvrige fløje 1617 ff., delvis ombygget 1766) samt avlsgårdens lade, nord- og sydlænge (1688 ff.) tillige med de mellem avlsgård og hovedbygning liggende grave med vandtrapper og granitklædt gennemførsel samt de tre fiskedamme med tilhørende vandtrapper beliggende nord for Ulstrup Hovedgård.  Fredet 1918. Udvidet 2011.*;Ulstrup Skovvej 20-22, Favrskov, Danmark;56,4089867;9,7903287
Faxe;Gisselfeldvej 3-5;Gisselfeld;1918;1547;Renaissance;Gisselfeld, bestående af hovedbygningen (1547-75, ombygget i 1860’erne af J.D. Herholdt og 1911-15 af Martin Borch), den nordøstlige sidefløj, kaldet ”Grev Knuths Hus” (1689, ombygget antageligt i 1870’erne) samt paradedrivhuset (1876 af J.D. Herholdt, ombygget 1894 af Hans J. Holm). Fredet 1918, Udvidet 2004 *;Gisselfeldvej 3-5, Faxe, Danmark;55,2808857;11,9609029
Faxe;Lystrupvej 9;Lystrup;1918;1579;Renaissance;Hovedbygningen (1579). Fredet 1918.*;Lystrupvej 9, Faxe, Danmark;55,2618820;12,0638150
Faxe;Moltkesvej 78;Bregentved;1918;1600;Renaissance;"Den trefløjede hovedbygning bestående af nordfløjen med slotskapellet (1600-tallet, ombygget ca. 1740 af Niels Eigtved, interiører i kapellet 1735 af Lauritz de Thurah og Johann Friedrich Hännel - kapellet fredet 1918, øvrige nordfløj 1978), østfløjen og sydfløjen (1889-92 af Axel Berg - fredet 1997), den brostensbelagte gårdsplads (fredet 1997) samt i parken: monumentet for Frederik V (1772 af Johannes Wiedewelt - fredet 1964) og statuerne ""Flora"" og ""Sabinerindernes Rov"" (af Johannes Wiedewelt - fredet 1978). Fredet 1918. Udvidet 1964. Udvidet 1978. Udvidet 1997.";Moltkesvej 78, Faxe, Danmark;55,3071360;12,0065030
Faxe;Nørregade 9;Rasmus Svendsens Skole;1977;1641;Renaissance;Bindingsværkshuset (1641) med senere tilføjelser i nord og syd samt husets omgivende brolægning. Fredet 1977.*;Nørregade 9, Faxe, Danmark;55,2608170;12,1177970
Faxe;Kildevej 1 A;Kirkeladen ved Karise Kirke;1980;1500;Medieval;Kirkeladen (omkring 1500). Fredet 1980.;Kildevej 1 A, Faxe, Danmark;55,3057810;12,2092530
Faxe;Blåbækvej 3;Blåbæk Vindmølle;1959;1828;Classicism;Vindmøllen (1828). Fredet 1959.*;Blåbækvej 3, Faxe, Danmark;55,2395480;12,1181850
Faxe;Blåbækvej 5;Blåbæk Vandmølle;1950;1838;Classicism;Blåbæk Vandmølle. Det firelængede anlæg (1838) med udløberlænger i nord og øst samt møllesøen, vejdæmningen mellem møllesø og møllehuset, broen over tilløbet til møllen med stensætninger på begge sider, frislusen med stigbord, stensætning og kammertrappe, malekarm med sluse, slisker og stensætninger, fraløbsrenden med stensætninger samt brolægningen på gårdspladsen. Fredet 1950.* Udvidet 2011.;Blåbækvej 5, Faxe, Danmark;55,2378120;12,1167450
Faxe;Kirkevej 7;Jomfruens Egede;1918;1797;Classicism;Sydfløjen (ca. 1500-1550, forlænget mod vest og stærkt ombygget 1797 af C.F. Harsdorff) med den dertil stødende tværbygning (1797 af C.F. Harsdorff) samt nordfløjen (antagelig 1636, later ombygget) og den nord- og sydfløjen forbindende mur foran kirken. Fredet 1918.;Kirkevej 7, Faxe, Danmark;55,2808800;12,0900000
Faxe;Rosendalvej 3;Rosendal;1950;1847;Classicism;Hovedbygningen (1847-49 af Gottlieb Bindesbøll) med sidefløje (1600-tallet), grave (ca. 1560) og den nord for hovedbygningen liggende avlsgård. Fredet 1950.;Rosendalvej 3, Faxe, Danmark;55,2245830;12,1109590
Faxe;Turebyholmvej 14 og 18;Turebyholm;1918;1750;Classicism;"Hovedbygningen (1750 af Niels Eigtved), Ishuset, mnr. 3; iskælderen med det derover byggede lysthus (1700-tallet). Fredet 1918. Udvidet 1971.*";Turebyholmvej 14 og 18, Faxe, Danmark;55,3506920;12,0935390
Faxe;Vindbyholtvej 36 A-36 B;Roholte Gamle Skole;2013;1907;Historicism;Roholte Gamle Skole, (1907, formentlig arkitekt Jens Ingwersen) bestående af den toetages skolefløj og den enetages længe med lærerbolig. Fredet 2013.;Vindbyholtvej 36 A-36 B, Faxe, Danmark;55,1933466;12,0886115
Faxe;Nordhøjvej 6;Prins Carls Skole;1959;1719;Baroque and rococo;Bindingsværkshuset (1719). Fredet 1959. *;Nordhøjvej 6, Faxe, Danmark;55,2731450;12,2613100
Faxe;Strandvejen 98;Fakse Ladeplads;1970;;;Den trelængede gård med udhus. Fredet 1970.*;Strandvejen 98, Faxe, Danmark;55,2051700;12,1458080
Fredensborg;Bakkedraget 1-79;Fredensborghusene;1987;1963;Modernism;Ejendommens bygninger, friarealer, haveanlæg, tilkørselsveje, pladser og stier (1963 af Jørn Utzon). Fredet 1987.*;Bakkedraget 1-79, Fredensborg, Danmark;55,9762513;12,3940200
Fredensborg;Kirkeltevej 161 C;Karlebo Mølle;1950;1835;Classicism;Vindmøllen (1835). Fredet 1950.;Kirkeltevej 161 C, Fredensborg, Danmark;55,9147160;12,4044470
Fredensborg;Krogerupvej 13;Krogerup;1918;1779;Classicism;Hovedbygningen (1779, ombygget 1837). Fredet 1918.;Krogerupvej 13, Fredensborg, Danmark;55,9735410;12,5347770
Fredensborg;Passagen 2;Passagen 2;1970;1750;Classicism;Forhuset (ca. 1750). Fredet 1970.*;Passagen 2, Fredensborg, Danmark;55,9783070;12,3986970
Fredensborg;Slotsgade 11;Frømagasinet, Havremagasinet;1918;1757;Classicism;Magasinbygningen (1757 af Lauritz de Thurah). Fredet 1918.;Slotsgade 11, Fredensborg, Danmark;55,9775360;12,3968490
Fredensborg;Slotsgade 19;Kildehøj;1918;1760;Classicism;Hovedbygningen (ca. 1760 af Andreas Pfützner). Fredet 1918.*;Slotsgade 19, Fredensborg, Danmark;55,9766420;12,3969040
Fredensborg;Slotsgade 2 A;Villa Gallina;1918;1757;Classicism;Forhuset (1757, facaden senere). Fredet 1918.*;Slotsgade 2 A, Fredensborg, Danmark;55,9796610;12,3957090
Fredensborg;Slotsgade 21;Dorothealyst;1970;1760;Classicism;Forhuset (ca. 1760 af Andreas Pfützner). Fredet 1970.*;Slotsgade 21, Fredensborg, Danmark;55,9764880;12,3970430
Fredensborg;Slotsgade 23;Lille Rolighed;1964;1777;Classicism;Forhus og udhus (1777 med senere tilføjelser) samt Catrine Marie Møllers gravmonument (1811, genopstillet 1962). Fredet 1964.*;Slotsgade 23, Fredensborg, Danmark;55,9762430;12,3969340
Fredensborg;Slotsgade 9;Bournonville;1918;1761;Classicism;Hovedbygningen (1761). Fredet 1918.*;Slotsgade 9, Fredensborg, Danmark;55,9777800;12,3966010
Fredensborg;Helsingørsvej 3;Michael Rosings Minde;1980;1873;Historicism;Villaen (1873 af J.D. Herholdt). Fredet 1980.*;Helsingørsvej 3, Fredensborg, Danmark;55,9786120;12,4025980
Fredensborg;Højsagervej 8;Højsager Mølle;1959;1870;Historicism;Vindmøllen (1870). Fredet 1959.;Højsagervej 8, Fredensborg, Danmark;55,9717250;12,4497550
Fredensborg;Slotsgade 20;Birkedommergården, Terrasserne;1970;1855;Historicism;Hovedbygningen (1855 af N.S. Nebelong). Fredet 1970.;Slotsgade 20, Fredensborg, Danmark;55,9755160;12,3957340
Fredensborg;Teglværksvej 23, tidl;Gammel Strandvej 10;1985;1864;Historicism;Nivågaard Teglværk. Ringovnen (1864). Fredet 1985.*;Teglværksvej 23, tidl, Fredensborg, Danmark;;
Fredensborg;Kronprinsensvej 3;Jægergården;1970;1737;Baroque and rococo;Forhuset (1737). Fredet 1970.;Kronprinsensvej 3, Fredensborg, Danmark;55,9798640;12,3975620
Fredensborg;Slotsgade 1;Store Kros Rejsestald;1970;1722;Baroque and rococo;Forhuset (1722-23). Fredet 1970.;Slotsgade 1, Fredensborg, Danmark;55,9791890;12,3962980
Fredensborg;Slottet 1-15 og Skipperallé 6;Fredensborg Slot;1918;1720;Baroque and rococo;"Hovedbygningen (1720-24 af Johan Cornelius Krieger, forhøjet 1741-43 af Lauritz de Thurah, ombygget og fire hjørnepavilloner tilføjet 1753 af Lauritz de Thurah og Niels Eigtved, atter ombygget 1774-76 af C.F. Harsdorff); Ottekanten (1720-22, forhøjet med en etage og helt ombygget 1774-75 af C.F. Harsdorff); kirken med tilstødende fløje nord for ridebanen (1725-27 af Johan Cornelius Krieger); kavalerbygningen syd for ridebanen (1731-32 af Johan Cornelius Krieger). Skipperhuset (1725-26 af Johan Cornelius Krieger, ombygget 1804 og 1866-67) samt monumenterne i slotshaven (1760-69 af Johan Cornelius Grund og Johannes Wiedewelt). Fredet 1918.";Slottet 1-15 og Skipperallé 6, Fredensborg, Danmark;;
Fredericia;Prinsensgade 39 A-B;Prinsensgade 39 A-B;1987;1600;Renaissance;Forhusbebyggelsen mod Prinsensgade (slutn. af 1600-tallet og senere) og Kongensstræde (ca. 1770-1827, senere ombygget) samt gårdspladsens brolægning. Fredet 1987.*;Prinsensgade 39 A-B, Fredericia, Danmark;55,5685616;9,7634821
Fredericia;Stallerupvej 43 A;Ødstedgård;1939;1600;Renaissance;Hovedbygningen (slutn. af 1600-tallet, fuldstændig ombygget ca. 1790) og de to pavilloner i syd og nord med forbindende mure. Fredet 1939.;Stallerupvej 43 A, Fredericia, Danmark;55,6025600;9,6860970
Fredericia;Danmarksgade 61;Den tidligere provstegård;1919;1770;Classicism;Forhuset (ca. 1770, facaden retableret 1976) og sidehuset mod Kongensstræde. Fredet 1919.*;Danmarksgade 61, Fredericia, Danmark;55,5671720;9,7629650
Fredericia;Dronningensgade 68;Reformert Præstegård (tidl.);1919;1798;Classicism;Forhuset (1798) samt muren mod Dronningensgade. Fredet 1919. Udvidet 1973.*;Dronningensgade 68, Fredericia, Danmark;55,5648210;9,7655310
Fredericia;Dronningensgade 87;Reformert Skole;1919;1820;Classicism;Skolebygningen (1820-21) med tilbygning. Fredet 1919.*;Dronningensgade 87, Fredericia, Danmark;55,5647560;9,7658640
Fredericia;Fuglsangvej 28;Frederik VII's Pavillon i Fuglsang Skov;1950;1830;Classicism;Pavillonen (1830'rne). Fredet 1950.;Fuglsangvej 28, Fredericia, Danmark;55,5608240;9,7020520
Fredericia;Gammelby Møllevej 62;Gammelby Vandmølle;1964;1827;Classicism;Møllen (1827) og stuehuset (1837). Fredet 1964.*;Gammelby Møllevej 62, Fredericia, Danmark;55,5868020;9,6228720
Fredericia;Herslev Bygade 8 og 8 A;Herslev Præstegård;1982;1824;Classicism;Stuehuset med tilstødende sidelænger i vest og øst (ca. 1700, ombygget 1804), den tidl. forpagterbolig (1824), den fritliggende vognport (ca. 1850) samt haven og gårdspladsen. Fredet 1982.;Herslev Bygade 8 og 8 A, Fredericia, Danmark;;
Fredericia;Kirkestræde 3;Det Bruunske Pakhus;1980;1820;Classicism;Pakhuset (1820'rne). Fredet 1980.*;Kirkestræde 3, Fredericia, Danmark;55,5667210;9,7538880
Fredericia;Sjællandsgade 48;Sankt Knuds Kirke;1973;1767;Classicism;Kirkebygningen (1767, udvidet mod øst 1848 og mod vest 1872, tårn 1865) og den dermed sammenbyggede skolebygning (1848). Fredet 1973.*;Sjællandsgade 48, Fredericia, Danmark;55,5639880;9,7558630
Fredericia;Vejlby Kirkevej 55;Egeskov Kirkegård, Den Bruunske Pavillon;1990;1804;Classicism;Den Bruunske Pavillon og to mindestøtter (1804). Fredet 1990.;Vejlby Kirkevej 55, Fredericia, Danmark;55,6134530;9,7411210
Fredericia;Vendersgade 32, hj;af Sjællandsgade;1950;1760;Classicism;Hans de Hofmans Gård. Forhuset (1760). Fredet 1950.;Vendersgade 32, hj, Fredericia, Danmark;;
Fredericia;Gothersgade 34;Tøjhuset, Fredericia;1983;1853;Historicism;Tøjhusbygningen (1853) med omgivende brolægning samt hegnsmuren mod Gothersgade. Fredet 1983.;Gothersgade 34, Fredericia, Danmark;55,5626230;9,7561120
Fredericia;Kongensgade 15;Kongensgade 15;1988;1850;Historicism;Forhus, sidehus og tværhus (ca. 1850) tillige med gårdspladsen. Fredet 1988.*;Kongensgade 15, Fredericia, Danmark;55,5691960;9,7640080
Fredericia;Kringsmindevej 9;Kringsminde;1983;1856;Historicism;Det firelængede gårdanlæg (1856-57) med udbygninger samt gårdspladsens brolægning. Fredet 1983.;Kringsmindevej 9, Fredericia, Danmark;55,6096330;9,7431240
Fredericia;Ved Prinsens Port, inden for voldene;Landsoldaten;1949;1852;Historicism;Statuen (1852-58 af H.W. Bissen). Fredet 1949.;Ved Prinsens Port, inden for voldene, Fredericia, Danmark;;
Fredericia;Vendersgade 30D, tidl;Sjællandsgade 19;1980;1859;Historicism;Ting- og Arresthuset. Den opr. som rådhus opførte bygning med hegnsmur (1859-61 af Ferdinand Meldahl). Fredet 1980.*;Vendersgade 30D, tidl, Fredericia, Danmark;;
Fredericia;Vendersgade 63;Kraches Gård;1950;1854;Historicism;Forhuset (1854). Fredet 1950.;Vendersgade 63, Fredericia, Danmark;55,5626440;9,7547600
Fredericia;Dronningensgade 87 B;Reformert Kirke;1973;1735;Baroque and rococo;Kirken (1735, ombygget i 1850'erne) og kirkegårdsmurene mod Dronningensgade og Sjællandsgade. Fredet 1973.;Dronningensgade 87 B, Fredericia, Danmark;55,5644270;9,7661630
Fredericia;Kongensgade 25;Nordstjernen;1919;1660;Baroque and rococo;Forhuset (ca. 1660). Fredet 1919.*;Kongensgade 25, Fredericia, Danmark;55,5684140;9,7640130
Fredericia;Kongensgade 9;Gades Gård;1995;1730;Baroque and rococo;Stuehuset samt ladebygningen ud mod Kongensgade (begge ca. 1730). Fredet 1995.;Kongensgade 9, Fredericia, Danmark;55,5696370;9,7640210
Fredericia;Prinsessegade 10;Thiellesens Hus;1924;1715;Baroque and rococo;Forhuset (1715). Fredet 1924.;Prinsessegade 10, Fredericia, Danmark;55,5681430;9,7575600
Fredericia;Prinsessegade 12;Prinsessegade 12;1918;1700;Baroque and rococo;Forhuset (1700-tallet). Fredet 1918. *;Prinsessegade 12, Fredericia, Danmark;55,5680230;9,7575610
Fredericia;Slesvigsgade 2, Vester Voldgade;Mosaisk Begravelsesplads;1983;1700;Baroque and rococo;De to adskilte begravelsespladser med monumenter, gravsten og gravplader, vågehuset mod Slesvigsgade samt hegnsmure med portaler (anlagt ca. 1700). Fredet 1983.;Slesvigsgade 2, Vester Voldgade, Fredericia, Danmark;;
Fredericia;Voldterrænet omkring Fredericia;Fredericia Fæstning;1919;1652;Baroque and rococo;"Den som fortidsminde fredlyste del af voldterrænet samt vold og grav fra Sjællandsgadegennemskæringen til den gl. jernbaneskæring, herunder den på det Statsbanerne tilhørende umatrikulerede areal beliggende Holsten Bastions Flanke; endvidere den resterende del af Østervold med Kastellet (1652 ff. af Gottfried Hoffmann, 1660'erne af Henrick Ruse) samt mnr. 743: Hovedvagten (1736); mnr. 744: Kongens portvagt (1700-tallet); mnr. 736a og 737a: Prinsens Port (1752); mnr. 742: Krudttårnet på Østervold (1675 og 1746) og Krudtmagasinet i Kastellet (1857 af oberst J.C.V. Steenstrup). Fredet 1919. Udvidet 1979.";Voldterrænet omkring Fredericia, Fredericia, Danmark;;
Frederiksberg;Frederiksberg Bredegade 13 B;4;2006;1949;Modernism;Maj Kollegiet. Den tre-fløjede kollegiebygning (1949-51 af Hans Hansen). Fredet 2006.;Frederiksberg Bredegade 13 B, Frederiksberg, Danmark;55,6781240;12,5286160
Frederiksberg;Allégade 22 A, C, D, E;Ludvigs Minde;1918;1790;Classicism;Forhuset, de tre sidebygninger samt muren mellem forhuset og det nordligste sidehus (ca. 1790), forhaven, indkørslen, gårdspladsen og baghaven. Fredet 1918. Udvidet 1983.*;Allégade 22 A, C, D, E, Frederiksberg, Danmark;;
Frederiksberg;Allégade 6 A-D;Møllmanns landsted;1918;1750;Classicism;Havehuset (1750-53 formentlig af Philip de Lange) forhus med sidehuse (ca. 1794, ombygget 1852). Fredet 1918. Udvidet 1978.*;Allégade 6 A-D, Frederiksberg, Danmark;55,6758382;12,5325723
Frederiksberg;Andebakkesti 5;Møstings Hus;1977;1801;Classicism;Hovedbygningen (1801, tidl. Smallegade 2B, genopført på nuværende sted 1975-77). Fredet 1977.*;Andebakkesti 5, Frederiksberg, Danmark;55,6783770;12,5276860
Frederiksberg;Frederiksberg Bredegade 13 A;Hassagers Kollegium;1973;1804;Classicism;Forhuset (1804-06 af J. Boye Junge). Fredet 1973.;Frederiksberg Bredegade 13 A, Frederiksberg, Danmark;55,6780870;12,5295310
Frederiksberg;Frederiksberg Runddel 1 A, 3 A, Søndre Fasanvej 73-75;Frederiksberg Have;1973;1802;Classicism;Apistemplet (1802-04 af Nicolai Abildgaard), Fasangården (1723-24 af Johan Cornelius Krieger, ombygget 1827 af Jørgen Hansen Koch), det kinesiske house (1799-1800 af Andreas Kirkerup), Kavalerbygningerne og indgangen fra Frederiksberg Runddel (1744 af Niels Eigtved, 1755-56 af Lauritz de Thurah) Frederik VI's statue (1855-58 af H.W. Bissen) samt Schweizerhuset (1800-01 af Nicolai Abildgaard). Fredet 1973.;Frederiksberg Runddel 1 A, 3 A, Søndre Fasanvej 73-75, Frederiksberg, Danmark;;
Frederiksberg;Godthåbsvej 79 A-B;Store Godthåb;1954;1770;Classicism;Hovedbygningen (1770), gartnerboligen (1792), staldbygningen (ca. 1850) samt gårdspladsens brolægning. Fredet 1954.*;Godthåbsvej 79 A-B, Frederiksberg, Danmark;55,6891807;12,5217619
Frederiksberg;Pile Allé 1;Frederiksberg Præstegård;1977;1825;Classicism;Præstegården (1825) med senere tilbygning. Fredet 1977.*;Pile Allé 1, Frederiksberg, Danmark;55,6740330;12,5323070
Frederiksberg;Pile Allé 10-12;Hansens gamle Familiehave;1973;1800;Classicism;Bindingsværksbygningen (ca. 1800). Fredet 1973.;Pile Allé 10-12, Frederiksberg, Danmark;55,6690113;12,5306197
Frederiksberg;Pile Allé 16-18;M.G;1973;1800;Classicism;Petersens Familiehave og Krøgers Have. Bindingsværksbygningen (ca. 1800). Fredet 1973.;Pile Allé 16-18, Frederiksberg, Danmark;55,6710044;12,5311864
Frederiksberg;Pile Allé 6-8;Pile Allé 6-8;1973;1800;Classicism;Bindingsværksbygningen (ca. 1800). Fredet 1973.;Pile Allé 6-8, Frederiksberg, Danmark;55,6690113;12,5306197
Frederiksberg;Rahbeks Allé 23;Bakkehuset;1918;1833;Classicism;Vinkelbygningen (ca. 1764, muligvis af Johan Christian Conradi og senere) og mindestøtten for Kamma og Knud Lyne Rahbek (1833 af G.F. Hetsch og Hermann Ernst Freund). Fredet 1918. Udvidet 1977.*;Rahbeks Allé 23, Frederiksberg, Danmark;55,6684450;12,5320480
Frederiksberg;Rolighedsvej 21;Rolighed, Mariendal (tidl.);1918;1770;Classicism;Hovedbygningen (ca. 1770) og bygningerne omkring gårdspladsen nord for denne samt haven, indkørselsalléen og gårdspladsen, inkl. træer og ældre belægninger, samt belægningerne omkring udlængerne. Fredet 1918.* Udvidet 2019;Rolighedsvej 21, Frederiksberg, Danmark;55,6849390;12,5421610
Frederiksberg;Valby Langgade 2, Søndermarken;Det Norske Hus;1973;1787;Classicism;Bjælkehuset (1787). Fredet 1973.;Valby Langgade 2, Søndermarken, Frederiksberg, Danmark;;
Frederiksberg;Allégade 4;Allégade 4;1978;1850;Historicism;Forhuset med sidehus (ca. 1850). Fredet 1978.*;Allégade 4, Frederiksberg, Danmark;55,6752340;12,5328740
Frederiksberg;Allégade 5;Allégade 5;1978;1860;Historicism;Forhuset (1860). Fredet 1978.*;Allégade 5, Frederiksberg, Danmark;55,6754090;12,5316040
Frederiksberg;Allégade 8 A;Allégade 8 A;1978;1866;Historicism;Forhuset (1866 af J.E. Lampe). Fredet 1978.*;Allégade 8 A, Frederiksberg, Danmark;55,6756930;12,5330830
Frederiksberg;Allégade 8 D og E (tidl;8 B);1978;1866;Historicism;Allégade 8 D-E. Forhuset (1866 af J.E. Lampe). Fredet 1978.*;Allégade 8 D og E (tidl, Frederiksberg, Danmark;;
Frederiksberg;Bülowsvej 17, Grønnegårdsvej 8 og 10 (tidl;Bülowsvej 13);;1856;Historicism;Den Kongelige Veterinær- og Landbohøjskole. Landbohøjskolens hovedbygning, bestående af det trefløjede anlæg med pergola (1856-58 af Gottlieb Bindesbøll), den fjerde fløj mod Bülowsvej (1895 af J.E. Gnudtzmann), det brolagte gårdrum mellem fløjene samt de to fritliggende længer (1856-58 af Gottlieb Bindesbøll) vest for hovedbygningen.;Bülowsvej 17, Grønnegårdsvej 8 og 10 (tidl, Frederiksberg, Danmark;;
Frederiksberg;Dronning Olgas Vej 17;Dronning Olgas Vej 17;1996;1887;Historicism;Villaen (1887 af Niels Rasmussen og S.F. Schougaard) og garagen (1911). Fredet 1996.*;Dronning Olgas Vej 17, Frederiksberg, Danmark;55,6879590;12,5376110
Frederiksberg;Dronning Olgas Vej 19;Dronning Olgas Vej 19;1996;1887;Historicism;Villaen (1887 af Niels Rasmussen og S.F. Schougaard). Fredet 1996.*;Dronning Olgas Vej 19, Frederiksberg, Danmark;55,6880420;12,5374110
Frederiksberg;Duevej 63;Skolen på Duevej;1996;1905;Historicism;Hovedbygningen, gymnastiksalen, inspektørboligen og skolegården med tilhørende mure (1905-06 af Valdemar Schmidt). Fredet 1996.;Duevej 63, Frederiksberg, Danmark;55,6911770;12,5279070
Frederiksberg;Finsensvej 76 B;Målerhuset;2003;1895;Historicism;Målerhuset (1895). Fredet 2003. *;Finsensvej 76 B, Frederiksberg, Danmark;55,6818114;12,5113570
Frederiksberg;Frederiksberg Allé 104, hj;af Allégade;1978;1871;Historicism;Frederiksberg Allé 104. Hjørnebygningen (1871 af Johan Schrøder). Fredet 1978.;Frederiksberg Allé 104, hj, Frederiksberg, Danmark;;
Frederiksberg;H.C;Ørsteds Vej 54;1996;1939;Historicism;"H.C. Ørsteds Vej 54. Etagehuset (1939 af Edvard Thomsen og Christen Ostenfeld) med følgende nagelfast inventar:""Den amerikanske seng"" i lejlighed nr. 6.Køkkenbordet med indbygget strygebræt under bordpladen i lejlighederne nr. 2, 3, 4, 5, 6, 7 og 8, samt med indbygget skærebræt under bordpladen til venstre for vasken i lejlighederne 3, 4 og 5.Køkkenoverskabet med glasskuffer forneden i lejlighederne nr. 3, 4 og 6.Lampen over køkkenoverskab i lejlighederne nr. 3, 5 og 6.Mælkelugen i lejlighed nr. 4 og nr. 5.Fredet 1996.";H.C, Frederiksberg, Danmark;55,6776373;12,5471479
Frederiksberg;Howitzvej 30-32;Frederiksberg Domhus;1997;1919;Historicism;Domhuset (1919-21 af Hack Kampmann, fuldendt af Kaj Gottlob) og den foranliggende plads med dens belægning, græsbevoksning, bassin med skulptur samt de to kolonnader henholdsvis mod nord og mod syd tillige med stakittet, der afslutter gårdrummet mod vest. Fredet 1997.;Howitzvej 30-32, Frederiksberg, Danmark;55,6793957;12,5315880
Frederiksberg;Nordre Fasanvej 78-82 og Guldborgvej 25-27;Det grønne Funkishus;2009;1932;Historicism;Etageboligbebyggelserne på Nordre Fasanvej 78-82 med de hækkransede forhaver samt pendanten på Guldborgvej 25-27 (Opført i 1932, arkitekt Hans Dahlerup Berthelsen). Fredet 2009. *;Nordre Fasanvej 78-82 og Guldborgvej 25-27, Frederiksberg, Danmark;;
Frederiksberg;P;Andersensvej 3;1991;1877;Historicism;P. Andersens Vandtårn. Vandtårnet (1877 af Vilhelm Tvede). Fredet 1991.;P, Frederiksberg, Danmark;55,6780160;12,5326186
Frederiksberg;Pile Allé 2;Pile Allé 2;1977;1863;Historicism;Hjørnebygningen (1863 og senere) med hegnsmuren langs Runddelens sydside. Fredet 1977.*;Pile Allé 2, Frederiksberg, Danmark;55,6744920;12,5320300
Frederiksberg;Pile Allé 4;Brøndsalen;1978;1880;Historicism;Brøndsalsbygningen (ca. 1880). Fredet 1978.;Pile Allé 4, Frederiksberg, Danmark;55,6741150;12,5319040
Frederiksberg;Rahbeks Allé 21;Rahbeks Allé 21;1978;1859;Historicism;Den som åndssvageanstalt opførte bygning (1859-60 af Ferdinand Meldahl). Fredet 1978.;Rahbeks Allé 21, Frederiksberg, Danmark;55,6685770;12,5328900
Frederiksberg;Rolighedsvej 23;Københavns Sygehjem;1959;1857;Historicism;Hovedfløjen mod Rolighedsvej med tre tværfløje mod nord (1857-59 af H.C. Stilling, midterfløjen mod nord tilføjet 1877-78). Fredet 1959.;Rolighedsvej 23, Frederiksberg, Danmark;55,6846180;12,5431860
Frederiksberg;Rosenørns Allé 22;Radiohuset;1994;1938;Historicism;Hovedbygningen (høj fløj, 1938-41, forhøjet med en overbygning på en etage 1955-56), hovedbygningen (lav fløj, 1938-41), rådsfløj (1938-45), fjernsynsbygning (ny fløj, 1955-56), studieblok (gammel studieblok med taghave, 1938-41), koncertstudie (studie 1, 1939-45), studieblok (ny studieblok med taghave, 1955-56) samt Lysgården, Kongegården og det til mnr. 19be hørende fortovsareal ud til Julius Thomsensgade og Rosenørns Allé (det samlede anlæg af Vilhelm Lauritzen, studieblokkens taghave af G.N. Brandt). Fredet 1994.*;Rosenørns Allé 22, Frederiksberg, Danmark;55,6822160;12,5525260
Frederiksberg;Schønbergsgade 15;Schønbergsgade 15;1977;1857;Historicism;Forhuset (1857 af H.C. Stilling). Fredet 1977.*;Schønbergsgade 15, Frederiksberg, Danmark;55,6756780;12,5517180
Frederiksberg;Solbjergvej 6, 8 og 10;Frederiksberg Station;1992;1864;Historicism;Den gl. hovedbygning, toilet- og pakhusbygningen med forbindelsesmure og den tidl. stationsforstanderbolig (1864 og 1870 af V.C.H. Wolf). Fredet 1992.;Solbjergvej 6, 8 og 10, Frederiksberg, Danmark;;
Frederiksberg;Steen Blichers Vej 25;Den Kongelige Porcelænsfabriks tidl;2004;1905;Historicism;direktørbolig. Den Kongelige Porcelænsfabriks tidligere direktørbolig med tilhørende terrasse (opført 1905 af Anton Rosen). Fredet 2004.*;Steen Blichers Vej 25, Frederiksberg, Danmark;55,6779654;12,5257348
Frederiksberg;Vodroffsvej 10;Vodroffsvej 10;1980;1865;Historicism;Villaen (1865 af J.W. Frohne), atelierbygningen (1882 af Johan Schrøder) og haven. Fredet 1980.*;Vodroffsvej 10, Frederiksberg, Danmark;55,6759030;12,5547170
Frederiksberg;Vodroffsvej 2 A-B;Vodroffsvej 2 A-B;1994;1929;Historicism;Etageejendommen, betående af to sammenføjede hovedfløje på henholdsvis fem og seks etager (1929-30 af Kay Fisker og C.F. Møller). Fredet 1994.*;Vodroffsvej 2 A-B, Frederiksberg, Danmark;55,6799578;12,5550092
Frederiksberg;Vodroffsvej 51;Gymnastikhuset;1989;1898;Historicism;Den vinkelformede hjørnebygning, cykelskur og gårdsplads samt indgangshavelåge (1898 af P.V. Jensen-Klint med dekorationer af Niels Larsen Stevns). Fredet 1989.*;Vodroffsvej 51, Frederiksberg, Danmark;55,6799560;12,5548110
Frederiksberg;Vodroffsvej 8;Vodroffsvej 8;1981;1865;Historicism;Villaen (1865 af J.W. Frohne). Fredet 1981. *;Vodroffsvej 8, Frederiksberg, Danmark;55,6756690;12,5547660
Frederiksberg;Frederiksberg Allé;Frederiksberg Allé, Sankt Thomas Plads og Frederiksberg Runddel;2018;1704;Baroque and rococo;Det selvstændige landskabsarkitektoniske værk Frederiksberg Allé (1704), inkl. Sankt Thomas Plads og Frederiksberg Runddel (ca. 1650). Fredet 2018;Frederiksberg Allé, Frederiksberg, Danmark;55,6735831;12,5439257
Frederiksberg;Frederiksberg Runddel 3 D-F;Materialgården;1979;1700;Baroque and rococo;Det trelængede, enetages, gulkalkede anlæg (slutningen af 1700-tallet og senere), gårdens brolægning samt hegnsmuren langs Runddelens nordside. Fredet 1979.;Frederiksberg Runddel 3 D-F, Frederiksberg, Danmark;55,6748036;12,5318760
Frederiksberg;Roskildevej 26, 26 A og 28;Frederiksberg Slot og Lakajgården;1918;1699;Baroque and rococo;"Slottet (1699-1703 af Wilhelm Friedrich von Platen og Johan Conrad Ernst, stærkt ombygget og udvidet 1708-09; de lidt lavere fløje omkring gården opført 1733-38 af Lauritz de Thurah; porthuset (1704 formentlig Johan Conrad Ernst, ombygget 1829 af Jørgen Hansen Koch), lakajgårdens tre fløje og brolægningen samt løngangen (1720'rne af Johan Conrad Ernst). Fredet 1918. Udvidet 1977.";Roskildevej 26, 26 A og 28, Frederiksberg, Danmark;;
Frederikshavn;Algade 1 B, hj;af Søndergade;1919;1600;Renaissance;Konsul Ørums Gård, Sæby. Forhuset (1600-1700-tallet). Fredet 1919.*;Algade 1 B, hj, Frederikshavn, Danmark;;
Frederikshavn;Algade 12;Borgmester Hans Grams Gård, Sæby;1954;1624;Renaissance;Forhuset og portparti med overligger (1624). Fredet 1954.*;Algade 12, Frederikshavn, Danmark;57,3345440;10,5225510
Frederikshavn;Strandgade 2, hj;af Vinkelvej;1959;1565;Renaissance;Hospitalet (tidl.), Sæby. Forhuset (stiftet 1565, genopført 1675 efter brand 1657). Fredet 1959.;Strandgade 2, hj, Frederikshavn, Danmark;;
Frederikshavn;Sæbygårdvej 49 (tidl;nr;1918;1576;Renaissance;51). Sæbygård. Hovedbygningens tre fløje (nordøstfløj 1576 muligvis af Domenicus Badiaz or Hercules Midow, sydøstfløj omtrent samtidig, ombygget ca. 1750, sydwestfløj bygget 1746 på ældre fundament) med forbindelsesmuren mod nordvest samt voldstedet med omgivende grave.Fredet 1918.;Sæbygårdvej 49 (tidl, Frederikshavn, Danmark;;
Frederikshavn;Sankt Laurentiivej 87;Skagen Rådhus;1995;1966;Modernism;Rådhuset (1966-68 af Ejnar Borg) med nære omgivelser. Fredet 1995.;Sankt Laurentiivej 87, Frederikshavn, Danmark;;
Frederikshavn;Algade 14;Sæby tidl;1959;1848;Classicism;Rådhus. Forhuset (1848) og dermed sammenbygget sidehus midt på bagsiden. Fredet 1959.;Algade 14, Frederikshavn, Danmark;57,3341760;10,5230150
Frederikshavn;Algade 3;Claesens Gård, Sæby;1919;1781;Classicism;Forhuset (før 1781, facaden 1834, bagsiden grundmuret 1877). Fredet 1919.;Algade 3, Frederikshavn, Danmark;57,3353360;10,5214260
Frederikshavn;Algade 32;Algade 32, Sæby;1959;1822;Classicism;Forhuset (1822). Fredet 1959.;Algade 32, Frederikshavn, Danmark;57,3334720;10,5256680
Frederikshavn;Fabriciusvej 7;Fabriciusvej 7, Skagen;1986;1800;Classicism;Beboelseslængen (ca. 1800 og senere). Fredet 1986.*;Fabriciusvej 7, Frederikshavn, Danmark;57,7166020;10,5776000
Frederikshavn;Fladstrandsgade 4-6;Kommandantboligen;1950;1800;Classicism;Bygningen mod Fladstrandsgade (begyndelsen af 1800-tallet). Fredet 1950.;Fladstrandsgade 4-6, Frederikshavn, Danmark;57,4400705;10,5392435
Frederikshavn;Gammel Torv 18;Gammel Torv 18;1988;1826;Classicism;Forhus og udhus (1826) samt gårdhave, plankeværk og hegnsmur i skel. Fredet 1988.*;Gammel Torv 18, Frederikshavn, Danmark;57,4479030;10,5398910
Frederikshavn;Hans Baghsvej 21;Holger Drachmanns Hus, Skagen;1970;1829;Classicism;Beboelseshuset (1829) og udhuset. Fredet 1970.*;Hans Baghsvej 21, Frederikshavn, Danmark;;
Frederikshavn;Højensvej 2;Højensvej 2;1986;1800;Classicism;Beboelseslængen (ca. 1800, flyttet 1822, later ombygget flere gange). Fredet 1986.;Højensvej 2, Frederikshavn, Danmark;57,7287070;10,5214120
Frederikshavn;Kandestedvej 307;Kandestedvej 307;1987;1800;Classicism;Den tolængede gård med udhuslænge (1800 og senere). Fredet 1987.;Kandestedvej 307, Frederikshavn, Danmark;57,6538430;10,4231490
Frederikshavn;Klitrosevej 4;Klitrosevej 4;1986;1826;Classicism;Beboelseslængen (flyttet til nuværende sted 1826, senere ombygget flere gange). Fredet 1986.*;Klitrosevej 4, Frederikshavn, Danmark;57,7274070;10,5201140
Frederikshavn;Kunstnerstien 5;Kunstnerstien 5;1986;1800;Classicism;Det vinkelbyggede stuehus og laden (ca. 1800, flyttet 1825 og senere ombygget flere gange). Fredet 1986.*;Kunstnerstien 5, Frederikshavn, Danmark;57,7260030;10,5224580
Frederikshavn;Markvej 4;Saxilds Gård, Skagen;1986;1780;Classicism;De to vinkelret på hinanden stående længer (ca. 1780, senere ombygget, bl.a. 1915 af Ulrik Plesner). Fredet 1986.*;Markvej 4, Frederikshavn, Danmark;57,7259790;10,5960500
Frederikshavn;Strandgade 1;Sæby gamle Rådhus;1959;1750;Classicism;Forhuset (antagelig 1750'erne, ombygget 1801). Fredet 1959. Bygningsfredet efter §7a.;Strandgade 1, Frederikshavn, Danmark;57,3334250;10,5273950
Frederikshavn;Søndervej 1 A-C;Købmand Holsts Gård, Skagen;1970;1801;Classicism;De fire længer omkring gårdspladsen (sydlængen før 1801, ombygget 1819, 1877, 1885 og 1893, vestlængen 1818, sydgavlen grundmuret før 1925, nordlængen 1815, ombygget 1818 og 1893, østlængen 1826, udvidet 1827). Fredet 1970. Udvidet 1985.;Søndervej 1 A-C, Frederikshavn, Danmark;57,4935573;10,5011116
Frederikshavn;Anchersvej 3 og Østre Strandvej 51;Brøndums Hotel, Skagen;1986;1874;Historicism;Det firefløjede gårdanlæg (sydlængen 1874, ombygget og udvidet mod vest 1892 af Ulrik Plesner, verandaen og vestlængen 1898 af Ulrik Plesner, forbindelsesbygningen og nordlængen af Ulrik Plesner, østlænge 1887). Fredet 1986.;Anchersvej 3 og Østre Strandvej 51, Frederikshavn, Danmark;;
Frederikshavn;Christian X's vej 82;Hakon Børresens Hus, Skagen;1986;1910;Historicism;Beboelseslængen med sidehus (1910 af Ulrik Plesner). Fredet 1986.*;Christian X's vej 82, Frederikshavn, Danmark;57,7222880;10,5761740
Frederikshavn;Damstedvej 39;Klitgården, Skagen;1992;1914;Historicism;Det trefløjede, grundmurede bygningsanlæg (1914 efter tegninger af Ulrik Plesner for Christian X og Dronning Alexandrine). Fredet 1992.*;Damstedvej 39, Frederikshavn, Danmark;57,7125470;10,5647560
Frederikshavn;Fiskehuskajen 1-31 og Rødspættevej 2-6;Fiskepakhusene, Skagen;1985;1904;Historicism;De fem grupper fiskepakhuse (1904-07 af Thorvald Bindesbøll).Fredet 1985.;Fiskehuskajen 1-31 og Rødspættevej 2-6, Frederikshavn, Danmark;;
Frederikshavn;Fyrvej 36;Det Grå Fyr, Skagen;1977;1858;Historicism;Fyret og fyrmesterboligen med udhuse (1858 af N.S. Nebelong).Fredet 1977.*;Fyrvej 36, Frederikshavn, Danmark;57,7355530;10,6304410
Frederikshavn;Gammel Kirkesti 8;Gammel Kirkesti 8, Skagen;1986;1926;Historicism;Villaen og garagen (1926 af Ulrik Plesner). Fredet 1986.;Gammel Kirkesti 8, Frederikshavn, Danmark;57,7164620;10,5699490
Frederikshavn;Gårdbovej 300;Gårdbogård;1990;1896;Historicism;Hovedbygningen (1896 af Martin Borch). Fredet 1990.;Gårdbovej 300, Frederikshavn, Danmark;57,5863020;10,3494620
Frederikshavn;Hans Ruthsvej 15;Gl;1996;1884;Historicism;Skagen Båke. Sømærket Gl. Skagen Båke (1884). Fredet 1996.;Hans Ruthsvej 15, Frederikshavn, Danmark;;
Frederikshavn;Havnepladsen 9;Toldkammeret;1988;1915;Historicism;Hovedbygningen med trappeanlæg, haveanlæggene nord og syd for bygningen samt portpartierne og den brolagte kørebane vest for bygningen (1915 af Hack Kampmann). Fredet 1988.;Havnepladsen 9, Frederikshavn, Danmark;57,4383950;10,5387300
Frederikshavn;Holstsvej 8;Holstvej 8, Skagen;1988;1907;Historicism;Det toetages rødstenshus (1907 af Ulrik Plesner). Fredet 1988.;Holstsvej 8, Frederikshavn, Danmark;;
Frederikshavn;Højensvej 6;Højen;1986;1917;Historicism;Beboelseshuset (1917 af Knud V. Engelhardt). Fredet 1986.;Højensvej 6, Frederikshavn, Danmark;57,7282840;10,5223000
Frederikshavn;Markvej 2;Anna og Michael Anchers Hus, Skagen;1970;1913;Historicism;Den sydlige længe (opført mellem 1827 og 1837, udvidet mod west 1840 og 1860) med tilbygning i nord (1913-14 af Ulrik Plesner). Fredet 1970.;Markvej 2, Frederikshavn, Danmark;57,7261120;10,5969230
Frederikshavn;Nejsumvej 12;Ormholt;1990;1854;Historicism;Hovedbygningen (1854). Fredet 1990.;Nejsumvej 12, Frederikshavn, Danmark;57,3230210;10,2713920
Frederikshavn;P;Mønstedsvej 19;1992;1887;Historicism;Sæby Jernkilde. Brøndkuranstalten i vinkel og jernpumpen (1887). Fredet 1992.;P, Frederikshavn, Danmark;57,4412134;10,5336225
Frederikshavn;Rolighedsvej 8;Rolighedsvej 8, Skagen;2005;1916;Historicism;Sommerhuset (1916-17 af Ulrik Plesner) med plankeværk og udhus. Fredet 2005*;Rolighedsvej 8, Frederikshavn, Danmark;57,4715220;10,4134240
Frederikshavn;Sankt Laurentiivej 113;Det gamle Tinghus, Skagen;1986;1865;Historicism;Forhuset og baghuset (1865). Fredet 1986.;Sankt Laurentiivej 113, Frederikshavn, Danmark;;
Frederikshavn;Tuxens Allé 18 A-C;Tuxens Hus, Skagen;1986;1901;Historicism;De tre længer omkring gårdspladsen (sydfløjen 1834, østfløjen 1842, ombygget 1901 af Thorvald Jørgensen), den fritliggende pavillonbygning (1901) samt gårdspladsens brolægning og borner. Fredet 1986.*;Tuxens Allé 18 A-C, Frederikshavn, Danmark;57,7166663;10,5701442
Frederikshavn;Vestre Strandvej 10;Havnemesterboligen, Skagen;1986;1905;Historicism;Midtfløj med forbindelsesbygninger og tværfløje mod Vester Strandvej og Trondsvej samt sidehus på midtfløjens bagside (1905 af Ulrik Plesner). Fredet 1986.;Vestre Strandvej 10, Frederikshavn, Danmark;57,7194940;10,5871150
Frederikshavn;Vestre Strandvej 2;Toldkammerbygningen, Skagen;1986;1908;Historicism;Toldkammerbygningen (1908 af Hack Kampmann). Fredet 1986.*;Vestre Strandvej 2, Frederikshavn, Danmark;57,7203340;10,5893520
Frederikshavn;Østre Strandvej 51;Admiralgården, Skagen;1986;1915;Historicism;Den trefløjede bygning (1915 af Ulrik Plesner). Fredet 1986.;Østre Strandvej 51, Frederikshavn, Danmark;57,7233070;10,5985670
Frederikshavn;Brøndumsvej 4-6;Skagen Museum;1971;1700;Baroque and rococo;Havehuset (1700-tallet, ombygget 1850) og atelierbygningen (opført 1850 som tørreovnshus). Fredet 1971.*;Brøndumsvej 4-6, Frederikshavn, Danmark;57,7245344;10,5989465
Frederikshavn;Dronning Margrethesvej 1-2;Bangsbo;1918;1700;Baroque and rococo;Den trelængede hovedbygning (1700-tallet) med omgivende voldgrave samt den store lade (1600-tallet). Fredet 1918.*;Dronning Margrethesvej 1-2, Frederikshavn, Danmark;;
Frederikshavn;Frederikshavnsvej 1 og 1 A-B;Sæby Vandmølle;1979;1710;Baroque and rococo;Møllebygningen med turbinehus (1710) og det vinkelret på møllen opførte stuehus (ca. 1850). Fredet 1979.;Frederikshavnsvej 1 og 1 A-B, Frederikshavn, Danmark;;
Frederikshavn;Fyrvej 2;Det gamle Fyr, Skagen;1939;1746;Baroque and rococo;Fyrtårnet (1746-48 af Philip de Lange, forhøjet 1816).Fredet 1939.;Fyrvej 2, Frederikshavn, Danmark;57,7290560;10,6067440
Frederikshavn;Knudsejevej 4 og 4 A;Knudseje;1939;1710;Baroque and rococo;Hovedbygningens syd- og østlænge (1710 og senere, ombygget ca. 1800), gårdmuren med piller (ca. 1800), rækken af lindetræer syd herfor og de bevarede stenbelægninger på gårdspladsen langs syd- og østfløjen. Fredet 1939. Udvidet 2003.;Knudsejevej 4 og 4 A, Frederikshavn, Danmark;;
Frederikshavn;Kragholmen 2;Martellotårnet;1920;1686;Baroque and rococo;Krudttårnet (rest af Citadellet Fladstrand opført 1686-87 af Anthony Coucheron, flyttet 1974-75). Fredet 1920.;Kragholmen 2, Frederikshavn, Danmark;57,4398380;10,5408520
Frederikshavn;Nordre Skanse ved Frydenstrand;Nordre Skanse;1924;1700;Baroque and rococo;Den af fire bastioner med forbindende kurtiner bestående skanse med stensat indgang samt omgivende grav og vold mod kysten (ca. 1700). Fredet 1924.*;Nordre Skanse ved Frydenstrand, Frederikshavn, Danmark;;
Frederikshavn;Oddevej 38 A;Thagaards Gård, Skagen;1986;1700;Baroque and rococo;Stuehuset og stald (slutn. af 1700-tallet, flyttet 1797, senere ombygget). Fredet 1986.*;Oddevej 38 A, Frederikshavn, Danmark;57,7277620;10,6028080
Frederikshavn;Sankt Laurentiivej 148;P.S;1970;1700;Baroque and rococo;Krøyers Hus, Skagen (Den gamle Byfogedgård, Hans Majestæt Kongens Gård). Den enetages, teglhængte længe (1700-tallet, forlænget mellem 1801 og 1809). Fredet 1970.;Sankt Laurentiivej 148, Frederikshavn, Danmark;;
Frederikshavn;Skagensvej 195 A;Lerbæk;1918;1650;Baroque and rococo;Hovedbygningen (ca. 1650-1700) med voldstedet og de omgivende grave. Fredet 1918.*;Skagensvej 195 A, Frederikshavn, Danmark;57,4691240;10,5002790
Frederikssund;Selsøvej 30 A-B;Selsø;1918;1560;Renaissance;Hovedbygning med porttårn (1560-76, ombygget 1728-34, porttårn muligvis af Rudolf Mathias Dallin), slotspladsen med brolægning, brønd og hegnsmure samt de to broer. Avlsgårdens østlænge (ca. 1730). Fredet 1918.*;Selsøvej 30 A-B, Frederikssund, Danmark;55,7411149;11,9896984
Frederikssund;Slotsgården 18-22 (tidl;Hovedgaden 1);1918;middelalder;Medieval;"Jægerspris Slot. Hovedbygningen (nordfløj: middelalder, ombygget flere gange, tårnet ca. 1600; sydfløj: ca. 1600, men ombygget 1721-22 og senere; østfløj: 1730-31). Fredet 1918.*";Slotsgården 18-22 (tidl, Frederikssund, Danmark;;
Frederikssund;Færgelundsvej 1;Jægerspris Færgegård;1939;1838;Classicism;Hovedbygningen og de to udhuslænger (1838 af Frederik Ferdinand Friis). Fredet 1939.;Færgelundsvej 1, Frederikssund, Danmark;55,8412360;12,0322310
Frederikssund;Færgelundsvej 3;Schweizerhuset;1950;1792;Classicism;Hus (1792) i Færgelunden med mindesten for faldne i slaget på Rheden (1801). Fredet 1950.*;Færgelundsvej 3, Frederikssund, Danmark;55,8408700;12,0254160
Frederikssund;Jægerspris Slotspark og Slotshegn;Mindestøtterne ved Jægerspris Slot;1964;1777;Classicism;"Støtterne (1777-89 af Johannes Wiedewelt; 1836-41 af Hermann Ernst Freund). Fredet 1964.";Jægerspris Slotspark og Slotshegn, Frederikssund, Danmark;;
Frederikssund;Roskildevej 181;Oppe Sundby gamle Skole;1980;1806;Classicism;Den grundmurede skolebygning (1806, tilbygning mod vest ca. 1850, udskud i nord 1912, kviste 1965). Fredet 1980.;Roskildevej 181, Frederikssund, Danmark;55,8206670;12,1001100
Frederikssund;Østergade 3;Skuldelev Præstegård;1959;1841;Classicism;Det firefløjede anlæg (1841). Fredet 1959.*;Østergade 3, Frederikssund, Danmark;55,7846100;12,0161810
Frederikssund;Fasangårdsvej 1;Fasangården;1918;1700;Baroque and rococo;Hovedbygningen (ca. 1700). Fredet 1918.;Fasangårdsvej 1, Frederikssund, Danmark;55,8629610;11,9898850
Frederikssund;Svanholm Gods 4A, (tidl;Svanholm Alle 2);1918;1744;Baroque and rococo;Svanholm. Den trefløjede hovedbygning (1744). Fredet 1918.*;Svanholm Gods 4A, (tidl, Frederikssund, Danmark;;
Furesø;Ved Kulhus 3;Kulhus;1945;1769;Classicism;Hovedfløjen og sidebygningen (1769). Fredet 1945.;Ved Kulhus 3, Furesø, Danmark;55,7758950;12,4124520
Furesø;Kaalundsvej 33 A-B;Farum Præstegård;1959;1724;Baroque and rococo;Bindingsværkslængen langs kirkegården (1724). Fredet 1959.;Kaalundsvej 33 A-B, Furesø, Danmark;55,8065921;12,3557564
Furesø;Søvej 8;Farumgård;1918;1705;Baroque and rococo;Hovedbygningen (1705 af François Dieussart). Fredet 1918.*;Søvej 8, Furesø, Danmark;55,8058050;12,3604920
Gentofte;Adolphsvej 25;Kildeskovshallen;2000;1966;Modernism;"Kildeskovshallen med udendørs soppebassin, tilhørende trapper og mure samt de nære omgivelser mod nord, øst, syd og vest, herunder ""solplænen"" med omkransende mur syd for hallen (1966-72 af Karen Clemmensen og Ebbe Clemmensen samt landskabsarkitekt Agnete Muusfeldt). Fredet 2000. Udvidet 2019.";Adolphsvej 25, Gentofte, Danmark;55,7465550;12,5525610
Gentofte;Bellevuekrogen 1-26, 903 og Strandvejen 413;Bellevuekrogen;1987;1947;Modernism;Række- og kædehusbebyggelsen med tilhørende sti-, vej- og haveanlæg samt garagebygninger (1947-53 af Arne Jacobsen).Fredet 1987. (*: Bellevuekrogen 1, 2, 3, 4, 10, 14, 18, 20 og Strandvejen 413);Bellevuekrogen 1-26, 903 og Strandvejen 413, Gentofte, Danmark;;
Gentofte;Hvidørevej 28;Hvidørevej 28;1987;1957;Modernism;Beboelseshuset (1957 af Mogens Lassen). Fredet 1987.*;Hvidørevej 28, Gentofte, Danmark;55,7685980;12,5877930
Gentofte;Skovvej 35 A;Skovvej 35 A , villa;2005;1952;Modernism;Villaen med terrasse, mur og rampe (1952 af Eva og Nils Koppel). Fredet 2005.;Skovvej 35 A, Gentofte, Danmark;55,7639750;12,5451420
Gentofte;Smutvej 14;Smutvej 14 , villa;2005;1955;Modernism;Villaen med udhus og carport samt teglstensmuren sydøst for villaen og haven med den fortløbende stensætning (1955 af Erik Christian Sørensen). Fredet 2005.;Smutvej 14, Gentofte, Danmark;55,7629580;12,5556400
Gentofte;Solbakkevej 57;Solbakkevej 57 , villa;2005;1953;Modernism;Villaen (1953 af Karen og Ebbe Clemmensen). Fredet 2005.;Solbakkevej 57, Gentofte, Danmark;55,7653440;12,5421070
Gentofte;Strandvejen 415 A-E og 417 A;Ved Bellevue Bugt;1986;1962;Modernism;Hele bebyggelsen bestående af en lejlighedsblok i fire etager og en række atriumhuse i en etage samt tilhørende stier, haveanlæg og tilkørselsveje (1962 af Arne Jacobsen). Fredet 1986.*;Strandvejen 415 A-E og 417 A, Gentofte, Danmark;;
Gentofte;Vangedevej 178;Munkegårdsskolen;1995;1957;Modernism;Skolen (1957 af Arne Jacobsen) omfattende hovedbygningen, gymnastikbygningen, småbørnsbygningen, cykelstaldene, toiletbygningerne, inspektør- og pedelboligerne med garagen samt bygningernes nære omgivelser bestående af grønnegårdene, skolegården med pergolaer samt bøgehækkene og platantræerne. Fredet 1995.;Vangedevej 178, Gentofte, Danmark;55,7352390;12,5221090
Gentofte;Bernstorff Slot 1;Bernstorff Slot;1918;1759;Classicism;Hovedbygningen (1759 ff. af Nicolas-Henri Jardin). Fredet 1918.;Bernstorff Slot 1, Gentofte, Danmark;55,7584820;12,5523240
Gentofte;Ermelundsvej 105;Jægersborghus, Schäffergården;1945;1755;Classicism;Hovedfløjen (1755-72) med sidefløje (1950-51 af Palle Suenson).Fredet 1945.*;Ermelundsvej 105, Gentofte, Danmark;55,7638550;12,5358560
Gentofte;Ermelundsvej 96;Sprøjtehuset, Ermelundsvej 96;1999;1750;Classicism;Sprøjtehuset (tidl.) (ca. 1750, muligvis af Lauritz de Thurah). Fredet 1999.;Ermelundsvej 96, Gentofte, Danmark;55,7635020;12,5370670
Gentofte;Jægersborg Allé 90;Jægersborg Allé 90;1945;1800;Classicism;Staldbygning (ca. 1800). Fredet 1945.*;Jægersborg Allé 90, Gentofte, Danmark;55,7579570;12,5597560
Gentofte;Jægersborg Allé 92-94;Jægersborg Allé 92-94;1944;1800;Classicism;Hovedbygningen (ca. 1800). Fredet 1944.;Jægersborg Allé 92-94, Gentofte, Danmark;55,7614218;12,5490194
Gentofte;Krathusvej 36;Gammel Skovgård;1945;1820;Classicism;Hovedbygningen (ca. 1820). Fredet 1945.*;Krathusvej 36, Gentofte, Danmark;55,7698180;12,5725540
Gentofte;Lyngbyvej 485;Vintappergården;1918;1770;Classicism;Hovedbygningen (ca. 1770). Fredet 1918.;Lyngbyvej 485, Gentofte, Danmark;55,7597410;12,5153750
Gentofte;Lyngbyvej bei Fristedet;Bernstorffstøtten;1918;1783;Classicism;Mindestøtten (1783 af Johannes Wiedewelt). Fredet 1918.;Lyngbyvej bei Fristedet, Gentofte, Danmark;;
Gentofte;Strandvejen 407;Belvedere;1989;1842;Classicism;Hovedbygningen (1842, ombygget 1848). Fredet 1989.;Strandvejen 407, Gentofte, Danmark;55,7734180;12,5923580
Gentofte;Strandvejen ved Emiliekildevej;Emiliekilde;1918;1780;Classicism;Mindestøtten (1780 af Nicolai Abildgaard) med fundament og bagmure af granit. Fredet 1918.;Strandvejen ved Emiliekildevej, Gentofte, Danmark;;
Gentofte;Søholmparken 1;Søholm;1918;1806;Classicism;Hovedbygningen (1806-09 af C.F. Hansen og muligvis Peder Malling). Fredet 1918.*;Søholmparken 1, Gentofte, Danmark;;
Gentofte;Ørehøj Allé 2;Øregård;1918;1806;Classicism;Hovedbygningen (ca. 1806 af Joseph-Jacques Ramée). Fredet 1918.;Ørehøj Allé 2, Gentofte, Danmark;55,7387930;12,5728610
Gentofte;Bakkedal 7;Bakkedal 7;1998;1934;Historicism;Villaen (1934 af Mogens Lassen). Fredet 1998.*;Bakkedal 7, Gentofte, Danmark;55,7354550;12,5486220
Gentofte;Bernstorff Slot 2 (tidl;Jægersborg Allé 95);1987;1888;Historicism;"Det Svenske Hus, Bernstorffsparken. Træbygningen (udstillet på ""Den nordiske Kunst- og Industriudstilling"" i Tivoli i 1888). Fredet 1987.";Bernstorff Slot 2 (tidl, Gentofte, Danmark;;
Gentofte;Bernstorffsvej 17;Bernstorffsvej 17, villa;1996;1931;Historicism;Villaen med de tilhørende havemure omkring hele matriklen ( 1931 af Frits Schlegel). Fredet 1996, udvidet 2005;Bernstorffsvej 17, Gentofte, Danmark;55,7271220;12,5546140
Gentofte;Bernstorffsvej 27;Bernstorffsvej 27;2013;1938;Historicism;Villa, garage, havemur og have (1938 af arkitekt Thyge Hvass og havearkitekt C.Th. Sørensen/Sven Ingvar Andersson). Fredet 2013.;Bernstorffsvej 27, Gentofte, Danmark;55,7289430;12,5547750
Gentofte;Brogårdsvej 72;Brogårdsvej 72;1995;1937;Historicism;Villaen (1937 af Poul Henningsen). Fredet 1995.*;Brogårdsvej 72, Gentofte, Danmark;55,7542210;12,5254130
Gentofte;Dyrehavevej 3;Klampenborg Station;1992;1897;Historicism;"Perronhallen, venterumsbygningen med smedejernsgelænder og kommandoposten (1897 af Heinrich Wenck; perronhallen også af H. Polte). Fredet 1992.";Dyrehavevej 3, Gentofte, Danmark;55,7765840;12,5878390
Gentofte;Femvejen 2;Femvejen 2;2010;1933;Historicism;Villaen med den hævede terrasse og det samtidige udhus (1933-34 efter tegning af Georg Jacobsen ved arkitekt Johan Pedersen). Fredet 2010.;Femvejen 2, Gentofte, Danmark;55,7576020;12,5587500
Gentofte;Gersonsvej 32;Øregård Gymnasium;1995;1922;Historicism;Den firefløjede hovedbygning med overdækket aula (1922-24 af G.B. Hagen og Edvard Thomsen). Fredet 1995.;Gersonsvej 32, Gentofte, Danmark;55,7379430;12,5667010
Gentofte;Gotfred Rodesvej 2;Gotfred Rodesvej 2;1987;1930;Historicism;Villaen med sidefløj, drivhus og garage samt haveanlæg med hegnsmure (1930 af Arne Jacobsen, til sig selv). Fredet 1987.;Gotfred Rodesvej 2, Gentofte, Danmark;;
Gentofte;Hvidørevej 24;Hvidørevej 24;1987;1940;Historicism;Beboelseshuset med gårdhaver (1940 af Mogens Lassen).Fredet 1987.;Hvidørevej 24, Gentofte, Danmark;55,7685390;12,5884150
Gentofte;Jægersborg Allé 170 A;Ibstrup;1945;1867;Historicism;Hovedfløjen og sidebygningen (1867). Fredet 1945.;Jægersborg Allé 170 A, Gentofte, Danmark;55,7628880;12,5341520
Gentofte;Jægersborg Allé 2;Det tidl;1998;1882;Historicism;sprøjtehus ved Charlottenlund Slot. Sprøjtehuset (tidl.) (1882 af Ferdinand Meldahl). Fredet 1998.;Jægersborg Allé 2, Gentofte, Danmark;55,7679920;12,5596930
Gentofte;Krathusvej 2, tidl;Ørnekulsvej 14;1992;1916;Historicism;Krathusvej 2. Villaen med havemur ud mod Ørnekulsvej (1916 af Ivar Bentsen for billedhugger Kai Nielsen). Fredet 1992.*;Krathusvej 2, tidl, Gentofte, Danmark;;
Gentofte;Krathusvej 7;Krathusvej 7;1987;1937;Historicism;Villaen med den senere tilbyggede garage (villaen 1937 af Aage Rafn, til sig selv). Fredet 1987.*;Krathusvej 7, Gentofte, Danmark;55,7672990;12,5728340
Gentofte;Kratvænget 9;Kratvænget 9;2014;1934;Historicism;Vinkelbygningen (1934 af Arne Jacobsen) med tilbygget sydfløj (1939 af Risom & Tillisch Arkitekter) samt haveanlæg, herunder forplads og hække (1934 af C. Th. Sørensen). Fredet 2014.;Kratvænget 9, Gentofte, Danmark;55,7669130;12,5645110
Gentofte;Kystvejen 24;Kystvejen 24;1986;1939;Historicism;Servicestationsanlægget med baldakin, værkstedsgårde og tilkørselsarealer (1939 af Arne Jacobsen). Fredet 1986.;Kystvejen 24, Gentofte, Danmark;55,7632490;12,5994830
Gentofte;Ordrup Station 1 (tidl;Schioldannsvej 21);1992;1924;Historicism;Ordrup Station. Hovedbygningen med tilhørende gårdsplads og trappeanlæg (1924 af K.T. Seest). Fredet 1992.;Ordrup Station 1 (tidl, Gentofte, Danmark;;
Gentofte;Ordrupvej 70 A-B;Systemhuset;1996;1937;Historicism;Etagehuset (1937 af Mogens Lassen og Ernst Ishøy). Fredet 1996*.;Ordrupvej 70 A-B, Gentofte, Danmark;55,7582307;12,5590580
Gentofte;Strandvejen 340;Bellevue Strandbad;2001;1932;Historicism;Damernes fællesomklædningsbygning, damernes kamformede vekselkabinebygning med de to tilhørende stentrapper, søndre livreddertårn med tilhørende badebro (1932 af Arne Jacobsen), kioskbygningen med pergola, kajakklubben med pergola og tilhørende terrasse (1938 af Arne Jacobsen). Fredet 2001.;Strandvejen 340, Gentofte, Danmark;55,7783610;12,5913250
Gentofte;Strandvejen 419-433, Bellevuevej 1-7;Bellavista;1987;1933;Historicism;Boligbebyggelsen med tilhørende omgivelser i form af stier, trapper, ramper, tilkørselsveje og haveanlæg (1933-34 af Arne Jacobsen). Fredet 1987.;Strandvejen 419-433, Bellevuevej 1-7, Gentofte, Danmark;;
Gentofte;Strandvejen 435-451;Bellevue Teater;1986;1935;Historicism;Teaterbygningen med boligfløj og tilhørende haveanlæg, stier og tilkørselsveje (1935-36 af Arne Jacobsen).Fredet 1986.*;Strandvejen 435-451, Gentofte, Danmark;55,7431947;12,5813751
Gentofte;Strandvejen 54;Tuborgs Administrationsbygning;2007;1913;Historicism;Tuborgs administrationsbygning, indgangspartiet med de to portsøjler og granitkuglerne foran bygningen samt dele af belægningerne omkring bygningen (opført 1913 af Anton Rosen). Fredet 2007;Strandvejen 54, Gentofte, Danmark;55,7260390;12,5771000
Gentofte;Sølystvej 11;Sølystvej 11;1987;1938;Historicism;Beboelseshuset, garagen og terrasseanlægget med tilhørende trapper og træer (1938 af Mogens Lassen, garagen 1949). Fredet 1987.*;Sølystvej 11, Gentofte, Danmark;55,7691420;12,5882770
Gentofte;Sølystvej 5;Sølystvej 5;1987;1935;Historicism;Bygningerne med tilhørende gårdrum, hegnsmure, terrasser, trapper og haveanlæg (1935 af Mogens Lassen, atelierbygningen 1963). Fredet 1987.*;Sølystvej 5, Gentofte, Danmark;55,7689080;12,5887990
Gentofte;Sølystvej 7;Sølystvej 7;1987;1935;Historicism;Beboelseshuset (1935 af Mogens Lassen). Fredet 1987.*;Sølystvej 7, Gentofte, Danmark;55,7690010;12,5885350
Gentofte;Tuborgvej 99;Tuborgvej 99;2022;1940;Historicism;Villaen (1940 af Tyge Hvass) med have (1941 delvis efter C.Th. Sørensen). Fredet 2022 *;Tuborgvej 99, Gentofte, Danmark;55,7274980;12,5534220
Gentofte;Ved Slotshaven 8 (tidl;14);1999;1884;Historicism;Gartnerbolig (tidl.) og udhus ved Bernstorff Slot. Den tidl. gartnerbolig og udhuset (1884-86 af Ferdinand Meldahl). Fredet 1999.*;Ved Slotshaven 8 (tidl, Gentofte, Danmark;;
Gentofte;Christiansholm Slot 1 (tidl;Vitus Beringsallé 30-32);1918;1746;Baroque and rococo;Christiansholm. Hovedbygningen (1746-67). Fredet 1918.*;Christiansholm Slot 1 (tidl, Gentofte, Danmark;;
Gentofte;Ermelundsvej 94;Ermelundsvej 94;1945;1735;Baroque and rococo;Hovedbygningen (1735). Fredet 1945.*;Ermelundsvej 94, Gentofte, Danmark;55,7636580;12,5364130
Gentofte;Jægersborg Allé 1 A;Charlottenlund Slot;1918;1730;Baroque and rococo;"Hovedbygningen (de midterste ni fag 1730-33 af Johan Cornelius Krieger; kuplen og tilbygningerne i nord og syd 1880-81 af Ferdinand Meldahl). Fredet 1918.";Jægersborg Allé 1 A, Gentofte, Danmark;55,7488640;12,5858170
Gentofte;Jægersborg Allé 150-158 og Meutegårdsvej 2A-2C;Jægersborg gamle Kaserne;1918;1734;Baroque and rococo;Jagtgården (1734-39 og 1747 af Lauritz de Thurah), bestående af de fire beboelseslænger mod nord og syd, den sydøstlige med det tværgående gavlkvisthus og den nordøstre med det senere tilføjede klokketårn, de fire tidligere hundehuse mod øst og vest, de to tidligere stalde mod syd samt belægningerne foran jagtbygningernes øst-, nord- og sydsider, den nye allé mod øst, portlågerne mod vest samt den centrale plads med alléer og belægninger mellem jagtbygningerne. F. 1918. Udv. 2007;Jægersborg Allé 150-158 og Meutegårdsvej 2A-2C, Gentofte, Danmark;;
Gladsaxe;Mørkhøj Bygade 19;Mørkhøjgård;1950;1836;Classicism;Hovedbygningen og de dermed sammenbyggede sidefløje mod gården (1836). Fredet 1950.;Mørkhøj Bygade 19, Gladsaxe, Danmark;55,7322950;12,4777560
Gladsaxe;Vandtårnsvej 60;Højdebeholderanlægget på Tinghøj;2001;1931;Historicism;Højdebeholderanlægget på Tinghøj, bestående af den aksiale kørevej, halbygningen, bestyrerboligen, redskabsskuret, de to græsbeklædte plateauer med 10 vandreservoirer, 20 nedgangs- og ventilationstårne med trapper og adgangsveje (1931- ca. 1935 af Ib Lunding) samt ventilbygningen (1943 af Ib Lunding). F. 2001.;Vandtårnsvej 60, Gladsaxe, Danmark;55,7367660;12,4970110
Greve;Degnestræde 3-5 og 7;Den gamle skole og Degneboligen;1989;1834;Classicism;Skolebygningen (1834, 1867 og tilbygget 1926) samt degneboligen (1842). Fredet 1989. *;Degnestræde 3-5 og 7, Greve, Danmark;;
Greve;Michael Gjøesvej 1;Greve Præstegård;1950;1790;Classicism;Det trelængede anlæg (1790'erne). Fredet 1950.;Michael Gjøesvej 1, Greve, Danmark;;
Greve;Mosede Bygade 51;Revsmosegård;1988;1750;Classicism;Den firelængede bindingsværksgård, svinehuset på gårdens nordside (ca. 1750), den brolagte opkørsel samt gårdspladsens brolægning. Fredet 1988.*;Mosede Bygade 51, Greve, Danmark;55,5781640;12,2680640
Gribskov;Rigmor Stampes Vej 15;Rigmor Stampes Vej 15;2004;1957;Modernism;Gæsteannekset ved Niels Bohrs sommerhus (1957 af Vilhelm Wohlert). Fredet 2004.;Rigmor Stampes Vej 15, Gribskov, Danmark;56,0481390;12,0972740
Gribskov;Strandvejen 20;Strandvejen 20;2004;1956;Modernism;Sommerhuset (1956 af Arne Jacobsen). Fredet 2004.*;Strandvejen 20, Gribskov, Danmark;56,0642260;12,0812170
Gribskov;Klostergade 11 A-C;Esrum Kloster;1918;1300;Medieval;Hovedfløjen med halvtagsbygning mod nord og to sidefløje (1300-1400-tallet, grundlagt 1140-50). Fredet 1918.;Klostergade 11 A-C, Gribskov, Danmark;56,0475830;12,3770359
Gribskov;Fyrvejen 25;Nakkehoved Vestre Fyr;2002;1772;Classicism;Nakkehoved Vestre Fyr bestående af fyrtårnet og den dermed sammenbyggede fyrassistentbolig (1772 af G.D. Anthon, ombygget og forhøjet 1898). Fredet 2002.;Fyrvejen 25, Gribskov, Danmark;56,1191710;12,3430210
Gribskov;Fyrvejen 27 og 29 B;Nakkehoved Fyr;1976;1772;Classicism;Fyrtårnet og den dermed sammenbyggede fyrmesterbolig (1772 af G.D. Anthon med senere tilføjelser). Fredet 1976.*;Fyrvejen 27 og 29 B, Gribskov, Danmark;;
Gribskov;Høbjergvej;Pibe Mølle;1959;1789;Classicism;Stubmøllen (1789). Fredet 1959.;Høbjergvej, Gribskov, Danmark;55,9961031;12,2313862
Gribskov;Østergade 55;Kongensgave;1918;1830;Classicism;Hovedbygningen (ca. 1830). Fredet 1918.*;Østergade 55, Gribskov, Danmark;56,0243000;12,2074670
Gribskov;Klitrosevej 47;Trollehuset;2025;1914;Historicism;Sommerhuset (1914 af Carl Brummer). Fredet 2025;Klitrosevej 47, Gribskov, Danmark;56,0217320;12,0614850
Gribskov;Klostergade 12 A-D;Esrum Møllegård;1986;1880;Historicism;Stuehus, staldlængerne, møllehuset med tilbygninger (ca. 1880) samt ålekisten. Fredet 1986.;Klostergade 12 A-D, Gribskov, Danmark;56,0475830;12,3770359
Gribskov;Munkerup Strandvej 78;Munkeruphus;1987;1916;Historicism;Hovedbygningen og udhus (1916 af Therkel H. Hjejle og Niels Rosenkjær). Fredet 1987.;Munkerup Strandvej 78, Gribskov, Danmark;56,1095040;12,3654860
Gribskov;Museumsvej 19;Rudolph Tegners Museum;1999;1938;Historicism;Museumsbygningen (1938 af Rudolph Tegner og Ernst Ishøy under medvirken af Mogens Lassen) og tilbygningen (1951). Fredet 1999.*;Museumsvej 19, Gribskov, Danmark;56,0864300;12,4005740
Gribskov;Rågeleje Strandvej 1 A;Rågegården;1989;1915;Historicism;Hovedbygningen med tilhørende gårdsplads og hegnsmur, staldlænge med tilhørende gårdsplads og hegnsmur samt det lille brøndhus (1915 af Povl Baumann). Fredet 1989.* Udvidet 2012.;Rågeleje Strandvej 1 A, Gribskov, Danmark;56,1060870;12,1785120
Gribskov;Silkebjerg 3;Silkebjerg 3;1992;1932;Historicism;Sommerhuset (1932) og atelierfløj (1937). Fredet 1992.*;Silkebjerg 3, Gribskov, Danmark;56,0347510;12,0987930
Gribskov;Ved Gærdet 1;Villa Vendle;2015;1912;Historicism;Villa Vendle (1912 af Bent Helweg-Møller) bestående af hovedhus, udhus og muromkranset gårdhave med overdækket brønd. Fredet 2015.;Ved Gærdet 1, Gribskov, Danmark;56,0549360;12,0863320
Gribskov;Alléen 3;Sandflugtsmonumentet ved Tisvilde;1918;1738;Baroque and rococo;Monumentet (1738 af Elias David Häusser og Didrick Gercken). Fredet 1918.;Alléen 3, Gribskov, Danmark;56,0276898;12,3290095
Gribskov;Østergade 10;Fiskerhuset;1993;1700;Baroque and rococo;Stuehus og sidehuslænge (sidst i 1700-tallet, omb. 1868), samt den brolagte gård og stakitter mod gaden. Fredet 1993.*;Østergade 10, Gribskov, Danmark;56,1237120;12,3098210
Guldborgsund;Adelgade 28 B;Adelgade 28 B, Nysted;1982;1600;Renaissance;Forhuset (første halvdel af 1600-tallet). Fredet 1982.;Adelgade 28 B, Guldborgsund, Danmark;54,6682620;11,7285240
Guldborgsund;Gåbense Strandvej 61;Gåbense gamle Færgegård;1950;1600;Renaissance;Den trelængede hovedbygning (1600-1800-tallet). Fredet 1950.*;Gåbense Strandvej 61, Guldborgsund, Danmark;54,9438320;11,8767220
Guldborgsund;Hesnæsvej 56 og Lyremosen 1;Moseby Præstegård;1945;1596;Renaissance;Det firelængede anlæg med østlængens to udbygninger mod øst (muligvis 1596 og 1683, stærkt ombygget i 1770'erne). Fredet 1945.;Hesnæsvej 56 og Lyremosen 1, Guldborgsund, Danmark;;
Guldborgsund;Kogangen 8;Berritsgård;1918;1586;Renaissance;Hovedbygningen (1586, muligvis af Hans (I) van Steenwinckel). Fredet 1918.;Kogangen 8, Guldborgsund, Danmark;54,8216820;11,6656630
Guldborgsund;Krenkerupvej 25-27;Krenkerup;1918;1600;Renaissance;Hovedbygningen (ca. 1500-1631) med foranliggende hestestald (1600-tallet og senere). Fredet 1918.;Krenkerupvej 25-27, Guldborgsund, Danmark;54,7813076;11,6755295
Guldborgsund;Priorskov 11;Priorskov;1971;1600;Renaissance;Magasinbygningen (1600-tallet). Fredet 1971.;Priorskov 11, Guldborgsund, Danmark;54,7337910;11,8422010
Guldborgsund;Rosenvænget 12;Staldbygning, Nykøbing Slot;1992;1635;Renaissance;Staldbygningen (1635 af Hans II van Steenwinckel). Fredet 1992.;Rosenvænget 12, Guldborgsund, Danmark;54,6666660;11,7363780
Guldborgsund;Kirkepladsen 3;Klosterfløjen, Nykøbing;1981;;Medieval;Det tidl. franciskanerklosters vestfløj (sengotik, ombygget). Fredet 1981.;Kirkepladsen 3, Guldborgsund, Danmark;54,7655479;11,8692729
Guldborgsund;Ålholm Parkvej 4;Ålholm;1918;1300;Medieval;"Hovedbygningen (nordøstre tårn og vestmur 1300-tallet; østfløj 1581; hele anlægget ombygget 1889 af Hans J. Holm) og pavillonen ""Bjørnehuset"". Fredet 1918.";Ålholm Parkvej 4, Guldborgsund, Danmark;54,6645880;11,7231570
Guldborgsund;Adelgade 11 og Ny Østergade 14;Clausens Pakhus og Bønnelyches Pakhus, Nysted;1954;1807;Classicism;"Pakhuset mod Adelgade ""Clausens Pakhus"" (1807) samt det fritliggende pakhus ""Bønnelyches Pakhus"" (1851). Fredet 1954. Udvidet 1984.*";Adelgade 11 og Ny Østergade 14, Guldborgsund, Danmark;;
Guldborgsund;Adelgade 40;Adelgade 40, Nysted;1984;1781;Classicism;Pakhuset (mellem 1781 og 1791, ombygget 1928). Fredet 1984.*;Adelgade 40, Guldborgsund, Danmark;54,6676480;11,7285020
Guldborgsund;Bregningevej 43;Bregninge gamle Skole;1970;1805;Classicism;Skolebygningen og det bagved liggende udhus (1805). Fredet 1970.*;Bregningevej 43, Guldborgsund, Danmark;54,8144600;12,0742790
Guldborgsund;Brogade 2, hj;af Torvegade;1919;1770;Classicism;Wichmanns Gård, Sakskøbing. Forhuset (ca. 1770-80). Fredet 1919.*;Brogade 2, hj, Guldborgsund, Danmark;;
Guldborgsund;Egensevej 49;Vester Kippinge Præstegård;1950;1840;Classicism;Stuehuset (1840). Fredet 1950.*;Egensevej 49, Guldborgsund, Danmark;54,9094140;11,7728580
Guldborgsund;Engestoftevej 95;Engestofte;1918;1805;Classicism;Hovedbygningen (1805-07). Fredet 1918.;Engestoftevej 95, Guldborgsund, Danmark;54,7626810;11,5617250
Guldborgsund;Frisegade 1;Ritmestergården, Nykøbing;1918;1800;Classicism;Forhus (ældre house ombygget ca. 1800) med renæssance-længen mod Kirkestræde (ca. 1620). Fredet 1918.*;Frisegade 1, Guldborgsund, Danmark;54,7658770;11,8674030
Guldborgsund;Frisegade 43;Frisegade 43, Nykøbing;1945;1761;Classicism;Bindingsværksforhuset (1761) med det gamle pakhus bagved (1845-46) samt stenbelægningen mellem bygningerne. Fredet 1945. Udvidet 2020.*;Frisegade 43, Guldborgsund, Danmark;54,7637530;11,8688940
Guldborgsund;Gammel Torv 2;Gammel Torv 2, Nysted;1983;1831;Classicism;Forhuset (1831, ombygget 1922 af Johannes Holck) med side- og baghus samt den brolagte gårdsplads. Fredet 1983.*;Gammel Torv 2, Guldborgsund, Danmark;54,6642910;11,7321580
Guldborgsund;Gammel Torv 3, 5 og 7;Gammel Torv 3-7, Nysted;1954;1847;Classicism;"Forhusene (nr. 3:* 1831; nr. 5: 1846; nr. 7: 1600-tallet) og baghuset (1847). Fredet 1954.";Gammel Torv 3, 5 og 7, Guldborgsund, Danmark;;
Guldborgsund;Gedsergård 1 og 2;Gjedsergård;1959;1767;Classicism;Hovedbygningen (1767, tilbygningerne ca. 1800), Kavalerfløjen (1767) samt brolægningen heromkring. Fredet 1959. Udvidet 1995.*;Gedsergård 1 og 2, Guldborgsund, Danmark;;
Guldborgsund;Juniorsgade 6-12;Juniors Stiftelse, Sakskøbing;1964;1802;Classicism;Forhuset (1802). Fredet 1964.;Juniorsgade 6-12, Guldborgsund, Danmark;54,7993102;11,6338577
Guldborgsund;Klosterstræde 1-9 og Voldgade 8;Klostret, Nykøbing;1959;1828;Classicism;Vester kloster (1828), forstanderbolig (1828) med udhus, Fr. VII's kloster (1862), Chr. VIII's kloster (1848) samt de forbindende mure og gitre, bindingsværksbygningen (1. halvdel af 1800-tallet) og sygeklostret (1895) samt Chr. IX's Kloster (1876)*. Fredet 1959. Udvidet 1989.;Klosterstræde 1-9 og Voldgade 8, Guldborgsund, Danmark;;
Guldborgsund;Langgade 16-18;Langgade 16-18, Nykøbing F;1919;1800;Classicism;"De to forhuse (nr. 16: ca. 1800; nr. 18: 1580). Fredet 1919.*";Langgade 16-18, Guldborgsund, Danmark;54,5732135;11,9322145
Guldborgsund;Lille Kirkestræde 9-11;Det Wichfeldske Enkehuus, Nykøbing;1945;1828;Classicism;Forhuset (ca. 1828). Fredet 1945.;Lille Kirkestræde 9-11, Guldborgsund, Danmark;54,6988956;11,6263866
Guldborgsund;Slotsgade 22;Slotsgade 22, Nykøbing;1945;1825;Classicism;Forhuset (ca. 1825). Fredet 1945.;Slotsgade 22, Guldborgsund, Danmark;54,7691990;11,8666930
Guldborgsund;Stovbyvej 19A;Stouby Mølle;1998;1750;Classicism;Stubmøllen (ca. 1750, flyttet til nuværende placering 1790). Fredet 1998.;Stovbyvej 19A, Guldborgsund, Danmark;54,7152310;11,9326850
Guldborgsund;Torkilstrupvej 16;Torkilstrup Præstegård;1950;1761;Classicism;Det trelængede anlæg (1761). Fredet 1950.;Torkilstrupvej 16, Guldborgsund, Danmark;54,8715220;11,9323130
Guldborgsund;Torvet 9 A;Hotel Sakskøbing;1964;1800;Classicism;Forhuset og teaterets forbygning mod torvet samt bindingsværkslængen mod Juniorsgade (ca. 1800). Fredet 1964.*;Torvet 9 A, Guldborgsund, Danmark;54,7994240;11,6344840
Guldborgsund;Tromnæs Alléen 10;Generalens Lysthus, Tromnæs Skov;1918;1780;Classicism;Lysthusbygningen (ca. 1780-90 af Andreas Kirkerup). Fredet 1918.;Tromnæs Alléen 10, Guldborgsund, Danmark;54,7634370;12,0502160
Guldborgsund;Tromnæs Alléen 2 og 2 C-F;Corselitze;1918;1775;Classicism;Hovedbygningen (1775-77 muligvis af Andreas Kirkerup), hestestalden (1780), kavalerfløjen og dennes sydfløj (begge fra 2. halvdel af 1700-tallet), samt mellembygningen (1830'rne) der forbinder hovedbygningen og kavalerfløjen, iskælderen (1779) og retiradebygningen (ca. 1780). Fredet 1918. Udvidet 1984, 1991 og 2017.*;Tromnæs Alléen 2 og 2 C-F, Guldborgsund, Danmark;;
Guldborgsund;Tunderup Strandvej 1;Karleby Præstegård;1950;1766;Classicism;Det trelængede bindingsværksanlæg (stuehus antagelig 1766-70, udhus ca. 1740). Fredet 1950.;Tunderup Strandvej 1, Guldborgsund, Danmark;54,7906460;12,0316190
Guldborgsund;Vennerslundsvej 15, 17 og 19;Vennerslund;1950;1845;Classicism;Den gamle hovedbygning (ca. 1770), den nye hovedbygning (1845 af O.M. Glahn). Fredet 1950.;Vennerslundsvej 15, 17 og 19, Guldborgsund, Danmark;;
Guldborgsund;Vestergade 15;Den tidl;1945;1786;Classicism;Latinskole, Nykøbing. Forhus med sidehus (1786). Fredet 1945.;Vestergade 15, Guldborgsund, Danmark;54,7427940;11,9534900
Guldborgsund;Vestergade 43;Vestergade 43, Stubbekøbing;1954;1847;Classicism;Forhuset (1847 vistnok af H. Thrane). Fredet 1954.*;Vestergade 43, Guldborgsund, Danmark;54,8901170;12,0382490
Guldborgsund;Adelgade 23;Adelgade 23, Nysted;1984;1870;Historicism;Forhuset (1870) og baghuset (1872). Fredet 1984.;Adelgade 23, Guldborgsund, Danmark;54,6682560;11,7287250
Guldborgsund;Bøtøgårdsvej 23;Bøtøgård Plantørbolig;1950;1880;Historicism;Plantørboligen (ca. 1880). Fredet 1950.;Bøtøgårdsvej 23, Guldborgsund, Danmark;54,6120090;11,9630600
Guldborgsund;Ejegodvej 4 A-B og 6;Ejegod Mølle, Nykøbing;1964;1850;Historicism;Vindmøllen, stuehuset samt udhus (ca. 1850). Fredet 1964. *;Ejegodvej 4 A-B og 6, Guldborgsund, Danmark;;
Guldborgsund;Havnegade 18;Orehoved Fyr;2002;1895;Historicism;Fyrtårnet (1895, forhøjet 1932) ved Orehoved Fyr. Fredet 2002.;Havnegade 18, Guldborgsund, Danmark;54,9576990;11,8526580
Guldborgsund;Lundbyvej 44;Lundby Mølle;1959;1856;Historicism;Vindmøllen (1856). Fredet 1959.*;Lundbyvej 44, Guldborgsund, Danmark;54,8649490;11,8337160
Guldborgsund;Møllesøvej 2;Bøtø Nor Pumpestation;1970;1871;Historicism;Pumpestationen (1871). Fredet 1970.*;Møllesøvej 2, Guldborgsund, Danmark;54,6825030;11,9086320
Guldborgsund;Ny Østergade 11;Nysted Vandtårn;2003;1912;Historicism;Vandtårnet (1912-13 af arkitekt Alf. Jørgensen og ingeniør Georg Jochimsen). Fredet 2003.;Ny Østergade 11, Guldborgsund, Danmark;54,6700170;11,7298570
Guldborgsund;Nystedvej 73;Fuglsang;1983;1868;Historicism;Hovedbygningen (1868-69 af J.G. Zinn), broen med de to gadelygter, havebroen, pavillonen, herskabsstalden samt de tre mure med porte nord for hovedbygningen. Fredet 1983, udvidet 2006.*;Nystedvej 73, Guldborgsund, Danmark;54,7220450;11,7975670
Guldborgsund;Orebygård 5;Orebygård;1985;1870;Historicism;Hovedbygningen (1870'erne af Ove Petersen med ældre kerne). Fredet 1985.;Orebygård 5, Guldborgsund, Danmark;;
Guldborgsund;Strandvejen 20;Røgehuset på Strandvejen 20, Nysted;1983;1871;Historicism;Røgehuset (1871). Fredet 1983.;Strandvejen 20, Guldborgsund, Danmark;54,6614330;11,7314480
Guldborgsund;Østergade 13;Østergade 13, Nysted;1984;1876;Historicism;Forhuset (1876). Fredet 1984.;Østergade 13, Guldborgsund, Danmark;54,7419330;11,9615310
Guldborgsund;Østergade 9;Østergade 9, Nysted;1984;1877;Historicism;Forhus og baghus (1877-78). Fredet 1984.;Østergade 9, Guldborgsund, Danmark;54,7421650;11,9610520
Guldborgsund;Østre Allé 2;Bispegården, Nykøbing;1977;1850;Historicism;Hovedbygningen (1850 af Gottlieb Bindesbøll) samt arkaden og den hermed forbundne, enetages bygning (1910). Fredet 1977.;Østre Allé 2, Guldborgsund, Danmark;54,7626160;11,8779840
Guldborgsund;Adelgade 80;Emil Aarestrups Hus, Nysted;1982;1700;Baroque and rococo;Forhus (1700-tallet, ombygget ca. 1800), sdr. sidehus med lude (ca. 1800) og nedre sidehus med lude (før 1791). Fredet 1982.*;Adelgade 80, Guldborgsund, Danmark;54,6653500;11,7306820
Guldborgsund;Bramsløkkevej 7;Bramsløkke;1918;1700;Baroque and rococo;Hovedbygningen (ca. 1700). Fredet 1918.;Bramsløkkevej 7, Guldborgsund, Danmark;54,7289570;11,6612650
Guldborgsund;Gammel Færgevej 6;Grønsund Færgegård 2;1950;1731;Baroque and rococo;Stuehus (1731 og senere) og rejsestalden (ca. 1860). Fredet 1950.;Gammel Færgevej 6, Guldborgsund, Danmark;54,8858290;12,1193050
Guldborgsund;Kraghave Gaabensevej 95 A og 97;Gammel Kirstineberg;1945;1700;Baroque and rococo;Hovedbygningen og østre sidelænge samt hegnsmure og portpiller mod Kraghave Gåbensevej (1700-tallet). Fredet 1945.;Kraghave Gaabensevej 95 A og 97, Guldborgsund, Danmark;54,7954850;11,8691990
Guldborgsund;Kringelborg Allé 11 (tidl;Grønsundsvej 123);1959;1700;Baroque and rococo;Kringelborg. Hovedbygningen (slutn. 1700-tallet). Fredet 1959.;Kringelborg Allé 11 (tidl, Guldborgsund, Danmark;;
Guldborgsund;Langgade 2, hj;af Færgestræde;1918;1700;Baroque and rococo;Czarens Hus, Nykøbing. Forhuset (ca. 1700). Fredet 1918.*;Langgade 2, hj, Guldborgsund, Danmark;;
Guldborgsund;Torkilstrupvej 10 A;Torkilstrup Mølle;1959;1743;Baroque and rococo;Stubmøllen (1743). Fredet 1959.;Torkilstrupvej 10 A, Guldborgsund, Danmark;54,8687570;11,9296150
Guldborgsund;Vestergade 16;Trojels Gård, Stubbekøbing;1919;1700;Baroque and rococo;Forhuset (1700-tallet). Fredet 1919.*;Vestergade 16, Guldborgsund, Danmark;54,7430520;11,9536480
Haderslev;Apotekergade 1;Apotekergade 1;1964;1600;Renaissance;Gavlhuset (ca. 1600). Fredert 1964.*;Apotekergade 1, Haderslev, Danmark;55,2491250;9,4873410
Haderslev;Hornsgårdsvej 7;Agerskovhuset;1997;1600;Renaissance;Gårdstuehuset (opført som bulhus i 1600-tallet og omsat i grundmur 1783). Fredet 1997.*;Hornsgårdsvej 7, Haderslev, Danmark;;
Haderslev;Lavgade 5-7;Haderslev Rådhus (tidl.);1990;1636;Renaissance;Det tidl. rådhus (1636-38, ombygget 1856 af L.A. Winstrup og senere). Fredet 1990.;Lavgade 5-7, Haderslev, Danmark;55,2479056;9,4890094
Haderslev;Naffet 24;Naffet 24;1971;1625;Renaissance;Forhuset (ca. 1625). Fredet 1971.*;Naffet 24, Haderslev, Danmark;55,2491650;9,4926980
Haderslev;Slotsgade 15;Slotsgade 15;1921;1632;Renaissance;Forhuset (1632 og senere) og de to i forlængelse af hinanden opførte sidehuse samt gårdens brolægning. Fredet 1921. Udvidet 1979.*;Slotsgade 15, Haderslev, Danmark;55,2502040;9,4900450
Haderslev;Slotsgade 20;Slotsgade 20;1945;1578;Renaissance;Gavlhuset med sidefløj og port (ca. 1578), udskud og sidehus i bindingsværk. Fredet 1945.*;Slotsgade 20, Haderslev, Danmark;55,2498010;9,4907590
Haderslev;Slotsgade 22;Slotsgade 22;1988;1600;Renaissance;Det nifags langhus (med bygningsdele og kælder før 1600, forhøjet ca. 1800). Fredet 1988.*;Slotsgade 22, Haderslev, Danmark;55,2497740;9,4909970
Haderslev;Slotsgade 23;Slotsgade 23;1921;1550;Renaissance;Forhuset (ca. 1550-70). Fredet 1921. Udvidet 1978.*;Slotsgade 23, Haderslev, Danmark;55,2499350;9,4905000
Haderslev;Slotsgade 31;Slotsgade 31;1921;1550;Renaissance;Gavlhuset med de dertil i forlængelse af hinanden opførte three sidehuse (ca. 1550-70) samt tværhuset. Fredet 1921. Udvidet 1978.*;Slotsgade 31, Haderslev, Danmark;55,2498730;9,4911130
Haderslev;Store Klingbjerg 2;Store Klingbjerg 2;1988;1600;Renaissance;Det ellevefags bindingsværkshus (med bygningsdele og to kældre før 1600, udv. 1774 og 1809). Fredet 1988.*;Store Klingbjerg 2, Haderslev, Danmark;55,2494190;9,4901470
Haderslev;Store Klingbjerg 7;Store Klingbjerg 7;1945;1600;Renaissance;Forhuset (1600-tallet, gavlkvist fra beg. af 1700-tallet, ombygget ca. 1830). Fredet 1945.*;Store Klingbjerg 7, Haderslev, Danmark;55,2495960;9,4900160
Haderslev;Sønderbro 3-5;Hertug Hans' Hospital;1921;1569;Renaissance;Hospitalet (1569, 1726 og 1771) med annekset (1787). Fredet 1921.*;Sønderbro 3-5, Haderslev, Danmark;55,2463784;9,4902238
Haderslev;Torvet 13;Torvet 13;1981;1633;Renaissance;Gavlhuset (ca.1633) med sidelænge langs Højgade (ca. 1750, ombygget 1835). Fredet 1981.*;Torvet 13, Haderslev, Danmark;55,2488780;9,4882750
Haderslev;Torvet 14, hj;af Lavgade;1971;1600;Renaissance;Torvet 14. Gavlhuset (1600-tallet). Fredet 1971.*;Torvet 14, hj, Haderslev, Danmark;;
Haderslev;Torvet 4;Torvet 4;1964;1600;Renaissance;Det 12 fag dybe gavlhus med den korte portlænge mod Torvet (ca. 1600). Fredet 1964.*;Torvet 4, Haderslev, Danmark;55,2489620;9,4876110
Haderslev;Torvet 5;Torvet 5;1921;1640;Renaissance;Gavlhuset med karnap (ca. 1640). Fredet 1921.*;Torvet 5, Haderslev, Danmark;55,2490290;9,4875040
Haderslev;Torvet 7;Torvet 7;1918;1600;Renaissance;Forhuset (1600-tallet). Fredet 1918.*;Torvet 7, Haderslev, Danmark;55,2491930;9,4877740
Haderslev;Vilstrup Præstevænge 21;Vilstrup Bullade;1968;1600;Renaissance;Bulladen (1600-tallet). Fredet 1968.*;Vilstrup Præstevænge 21, Haderslev, Danmark;55,1896550;9,5203540
Haderslev;Ørby 20;Ørby 20;1994;1641;Renaissance;Det fritliggende stuehus (midten af 1600-tallet), westlængen i bulkonstruktion (1641, flyttet i 1860) og østlængen i bulkonstruktion (1654, siden delvis omsat i grundmur). Fredet 1994.*;Ørby 20, Haderslev, Danmark;55,3027520;9,6249960
Haderslev;Apotekergade 11;Apotekergade 11;1964;1300;Medieval;Den middelalderlige kælder (1300-1400-tallet). Fredet 1964.;Apotekergade 11, Haderslev, Danmark;55,2495720;9,4867640
Haderslev;Slotsvej 54;Gram Slot;1924;1500;Medieval;Den trefløjede hovedbygning (østfløjen ca. 1500-50, sydfløjen ca. 1670, ombygget ca. 1750, vestfløjen ca. 1750, kælder formentlig ældre). Fredet 1924.*;Slotsvej 54, Haderslev, Danmark;55,2949750;9,0565600
Haderslev;Torvet 8;Torvet 8;1983;;Medieval;Resterne af den middelalderlige kælder. Fredet 1983.;Torvet 8, Haderslev, Danmark;55,2493970;9,4879590
Haderslev;Aastrup Allé 15;Åstrupgård;1954;1787;Classicism;Hovedbygningen (ca. 1787). Fredet 1954.*;Aastrup Allé 15, Haderslev, Danmark;55,2593730;9,5418840
Haderslev;Aastrupvej 11B (tidl;nr;1950;1800;Classicism;13). Aastrupvej 11B (tidl. nr. 13). Hovedbygningen (1800-tallet). Fredet 1950.*;Aastrupvej 11B (tidl, Haderslev, Danmark;;
Haderslev;Apotekergade 9 A;Hjorteapoteket;1971;1842;Classicism;Forhus (1842-43 af Paul Christiansen) og sidehus (1682 og senere). Fredet 1971.*;Apotekergade 9 A, Haderslev, Danmark;55,2494440;9,4869070
Haderslev;Badstuegade 16 A;Badstuegade 16 A;1921;1821;Classicism;Forhuset med de to sidefløje (1821). Fredet 1921.*;Badstuegade 16 A, Haderslev, Danmark;55,2487670;9,4901040
Haderslev;Gåskærgade 27 og 27 A;Gåskærgade 27-27 A;1988;1759;Classicism;Det tifags langhus (de tre østlige fag 1759 og de syv vestlige fag 1781). Fredet 1988.*;Gåskærgade 27 og 27 A, Haderslev, Danmark;;
Haderslev;Højgade 3;Højgade 3;1971;1795;Classicism;Forhuset (1795). Fredet 1971.*;Højgade 3, Haderslev, Danmark;55,2488250;9,4885460
Haderslev;Kvistrupvej 36;Amtsforstandergården;2000;1844;Classicism;Amtsforstandergårdens stuehus (1844). Fredet 2000.;Kvistrupvej 36, Haderslev, Danmark;55,2644630;9,6331560
Haderslev;Laurids Skausgade 8;Laurids Skausgade 8;1990;1837;Classicism;Forhuset og bagbygningen opført som fattiggård og sygehus (1837-38 af Paul Christiansen) samt mellembygningen (ombygget 1938). Fredet 1990.*;Laurids Skausgade 8, Haderslev, Danmark;;
Haderslev;Lavgade 12;Lavgade 12;1992;1812;Classicism;Det grundmurede gavlhus og sidehus (1812, de yderste tre fag i sidehuset 1863). Fredet 1992.*;Lavgade 12, Haderslev, Danmark;55,2880670;9,3434190
Haderslev;Lille Slagtergade 17, (tidl;Gåskærgade 66);1972;1760;Classicism;Lille Slagtergade 17. Forhuset (1760). Fredet 1972.*;Lille Slagtergade 17, (tidl, Haderslev, Danmark;;
Haderslev;Moltrup Landevej 75;Diddesminde;1989;1832;Classicism;Stuehuset (1832) med sammenbygget staldbygning (1840) og sammenbygget ladebygning (1901), samt den fritliggende ladebygning mod øst (1840) og den brolagte gårdsplads. Fredet 1989.*;Moltrup Landevej 75, Haderslev, Danmark;55,2820740;9,4636280
Haderslev;Moltrupvej 1;Moltrupvej 1;1988;1838;Classicism;Det tifags grundmurede langhus opført som skole (1838, udv. 1861). Fredet 1988.*;Moltrupvej 1, Haderslev, Danmark;55,2536330;9,4781550
Haderslev;Møllepladsen 2, hj;af Højgade;1971;1800;Classicism;Hiort Lorenzens Hus. Forhuset (ca. 1800). Fredet 1971.*;Møllepladsen 2, hj, Haderslev, Danmark;;
Haderslev;Møllepladsen 4;Haderslev Slotsvandmølle;1950;1827;Classicism;Det store hjørnehus ved Møllepladsen (1827). Fredet 1950.;Møllepladsen 4, Haderslev, Danmark;55,2479760;9,4892110
Haderslev;Naffet 2 A;Det gamle Amtskontor;1945;1800;Classicism;Forhuset (ca. 1800). Fredet 1945.*;Naffet 2 A, Haderslev, Danmark;55,2490270;9,4904450
Haderslev;Nørregade 4;Nørregade 4;1984;1781;Classicism;Gavlhuset (1781, ombygget ca. 1840). Fredet 1984.*;Nørregade 4, Haderslev, Danmark;55,2493840;9,4881890
Haderslev;Præstegade 12 A;Wilhelminenheim,Wilhelminen Schule (tidl.);1988;1829;Classicism;Det tifags grundmurede gavlhus opført som pigeskole (1829-30 af J.J. Wraae). Fredet 1988.;Præstegade 12 A, Haderslev, Danmark;55,2493710;9,4854060
Haderslev;Præstegade 14 A;Haderslev tidl;1950;1751;Classicism;Præstegård. Gavlhuset (1751). Fredet 1950.*;Præstegade 14 A, Haderslev, Danmark;55,2492670;9,4852450
Haderslev;Præstegade 9;Præstegade 9;1988;1799;Classicism;Det syvfags forhus mod kirkegården (før 1799, udv. 1808). Fredet 1988.;Præstegade 9, Haderslev, Danmark;55,2487760;9,4845590
Haderslev;Ribe Landevej 3;Haderslev Amtsgård;1971;1760;Classicism;Amtsgårdens hovedbygning (ca. 1760). Fredet 1971.*;Ribe Landevej 3, Haderslev, Danmark;55,2841450;9,0151020
Haderslev;Slotsgade 21;Slotsgade 21;1988;1821;Classicism;Det tolvfags grundmurede gavlhus (1821) med sidebygningen (ca. 1835). Fredet 1988.*;Slotsgade 21, Haderslev, Danmark;55,2499440;9,4904030
Haderslev;Slotsgade 27;Slotsgade 27;1989;1840;Classicism;Det grundmurede gavlhus (1840). Fredet 1989.*;Slotsgade 27, Haderslev, Danmark;55,2499160;9,4907050
Haderslev;Slotsgade 29;Slotsgade 29;1979;1816;Classicism;Forhuset (slutn. af 1500-tallet) med udbygning på bagsiden (1816), det med forhuset sammenbyggede sidehus (1852) samt baghuset (formentlig stald fra før 1708). Fredet 1979.*;Slotsgade 29, Haderslev, Danmark;55,2498930;9,4909350
Haderslev;Slotsgrunden 1;Slotsgrunden 1;1989;1834;Classicism;Hjørnehuset (1834 af Paul Christiansen). Fredet 1989.;Slotsgrunden 1, Haderslev, Danmark;55,2493290;9,4916370
Haderslev;Slotsgrunden 2;Slotsgrunden 2;1989;1834;Classicism;Det grundmurede gavlhus (1834, opført som sprøjtehus). Fredet 1989.;Slotsgrunden 2, Haderslev, Danmark;55,2493770;9,4916800
Haderslev;Slotsvej 48;Slotsvej 48;1986;1800;Classicism;Havehuset (beg. af 1800-tallet) og hegnsmuren. Fredet 1986.*;Slotsvej 48, Haderslev, Danmark;55,2940590;9,0546900
Haderslev;Slotsvej 51;Åhuset;1945;1800;Classicism;Beboelseshuset (ca. 1800). Fredet 1945.;Slotsvej 51, Haderslev, Danmark;55,2956450;9,0563610
Haderslev;Slotsvej 52;Slotskroen;1986;1800;Classicism;Hovedbygningen og rejsestald (midten af 1800-tallet). Fredet 1986.;Slotsvej 52, Haderslev, Danmark;55,2949690;9,0553100
Haderslev;Slotsvej 63 A-B;Teglmesterboligen og Teglværkshuset;1944;1800;Classicism;Det grundmurede stuehus*, staldlængen* og teglværkshuset af bindingsværk (ca. 1800). Fredet 1944.;Slotsvej 63 A-B, Haderslev, Danmark;55,2938735;9,0543945
Haderslev;Store Klingbjerg 5;Store Klingbjerg 5;1921;1799;Classicism;Forhuset (1799-1807 med genanvendelse af en gavlbjælke fra ca. 1625). Fredet 1921. Udvidet 1978.*;Store Klingbjerg 5, Haderslev, Danmark;55,2495120;9,4899690
Haderslev;Storegade 82;Storegade 82;1989;1834;Classicism;Det grundmurede forhus i to etager (1834). Fredet 1989.;Storegade 82, Haderslev, Danmark;55,2518350;9,4779910
Haderslev;Storegade 86;Christina Frederica Stiftelsen;1989;1839;Classicism;Det grundmurede ellevefags langhus i to etager (1839 af Paul Christiansen) med senere tilbygninger. Fredet 1989.*;Storegade 86, Haderslev, Danmark;55,2518890;9,4771230
Haderslev;Sønderballe Hoved 1;Sønderballe Hoved 1;1989;1800;Classicism;Det fjortenfags stuehus (ca. 1800). Fredet 1989.*;Sønderballe Hoved 1, Haderslev, Danmark;55,1404110;9,4854820
Haderslev;Vestergade 4;Vestergade 4;1989;1759;Classicism;"Det grundmurede otte fags forhus (1759 og senere; forhøjet 1913).Fredet 1989.*";Vestergade 4, Haderslev, Danmark;55,2524980;9,4813140
Haderslev;Øsby Nedergade 20;Øsby Præstegård;1954;1765;Classicism;Hovedbygning (1765) og den øst derfor liggende længe med konfirmandsal. Fredet 1954.;Øsby Nedergade 20, Haderslev, Danmark;55,2513260;9,6390520
Haderslev;Aarø 145;Brummersgård;1989;1860;Historicism;Det 13 fag lange grundmurede stråtækte stuehus (ca. 1860). Fredet 1989. Bulladen (opført ca. 1650, flyttet 1835 og 1999). Fredet 1950.;Aarø 145, Haderslev, Danmark;55,2603250;9,7375610
Haderslev;Christiansdalsvej 50;Christiansdals Vandkraftværk;2001;1911;Historicism;Vandkraftværket med tilhørende turbinekammer (1911 og udvidet 1920), slusen og dæmningen der opstemmer Christiansdal Elværksdam mod øst, den overdækkede kanal fra dammen til kraftværket, slusen og trykrøret fra Højkanalen til Kraftværket og den betonstøbte udløbskanal med broen samt funktionærboligen (antagelig 1911). Fredet 2001.;Christiansdalsvej 50, Haderslev, Danmark;;
Haderslev;Christiansfeldvej 4 A og B;Catharinaheim;1988;1896;Historicism;Boligfløjen med tilhørende pedelbolig og to vaskehuse (1896 af W. Voigt) samt pryd- og nyttehave. Fredet 1988.;Christiansfeldvej 4 A og B, Haderslev, Danmark;;
Haderslev;Gravene 8 og 8 A;Haderslev Posthus;2003;1926;Historicism;Haderslev Posthus (1926 af Vilhelm Petersen) bestående af posthus med bagbygning. Fredet 2003.;Gravene 8 og 8 A, Haderslev, Danmark;;
Haderslev;Gåskærgade 19B;Harmonien;1945;1850;Historicism;"Hovedbygningen med ""Hvide sal"" (ca. 1850). Fredet 1945.*";Gåskærgade 19B, Haderslev, Danmark;55,2525090;9,4850870
Haderslev;Gåskærgade 28;Den tidl;1954;1854;Historicism;Katedralskole. Forhuset og de to sidehuse (1854), muren mod Gåskærgade samt det toetages house med gymnastiksalen og det enetages hus med pedelboligen i gården (1854). Fredet 1954.*;Gåskærgade 28, Haderslev, Danmark;55,2528080;9,4860420
Haderslev;Gåskærgade 30;Gåskærgade 30;1988;1856;Historicism;Forhuset (1856). Fredet 1988.*;Gåskærgade 30, Haderslev, Danmark;55,2526500;9,4856740
Haderslev;Klostret 28;Klostret 28;1988;1853;Historicism;Det grundmurede toetages hus (1853). Fredet 1988.*;Klostret 28, Haderslev, Danmark;;
Haderslev;Moltrupvej 1 A;Sct;1994;1924;Historicism;Severin Skole. Den vinkelformede hovedbygning og den i vinkel hermed sammenbyggede sidebygning mod nord (1924 af Christian Fr.O. Hansen, sidebygning forlænget i 1954 af E. Bløcher) samt drikkevandsfontænen i skolegården og skolens interiørudsmykning (Kai Trier). Fredet 1994.;Moltrupvej 1 A, Haderslev, Danmark;55,2541520;9,4777450
Haderslev;Naffet 27;Naffet 27;1987;1852;Historicism;Forhuset (1852). Fredet 1987.*;Naffet 27, Haderslev, Danmark;55,2493280;9,4933560
Haderslev;Naffet 30;Naffet 30;1980;1851;Historicism;Forhuset (1851). Fredet 1980.;Naffet 30, Haderslev, Danmark;55,2491940;9,4932680
Haderslev;Sillerup Møllevej 35;Sillerup Mølle;1998;1859;Historicism;Vindmøllen (1859), det dermed sammenbyggede motorhus (1927) med hjælpemotor (1914) og stuehuset (1859), det fritliggende bagehus med bageovn (1859) samt stald- og ladebygningen (1859, udvidet 1928). Fredet 1998.;Sillerup Møllevej 35, Haderslev, Danmark;55,3105710;9,5764030
Haderslev;Skovbøllingvej 35;Skovbøllingvej 35;2005;1934;Historicism;Husmandsstedets stuehus, mellembygning og avlslænge (1934 af Peder Gram). Fredet 2005.;Skovbøllingvej 35, Haderslev, Danmark;55,3142380;9,5012920
Haderslev;Slagtergade 14;Slagtergade 14;1988;1852;Historicism;Det syvfags hjørnehus (1852). Fredet 1988.;Slagtergade 14, Haderslev, Danmark;55,2535500;9,4818180
Haderslev;Storegade 48;Storegade 48;1989;1881;Historicism;Hjørnehuset (1881). Fredet 1989.*;Storegade 48, Haderslev, Danmark;55,3197250;9,3012140
Haderslev;Storegade 56;Storegade 56;1988;1853;Historicism;Det lille femfags forhus (1853). Fredet 1988.;Storegade 56, Haderslev, Danmark;55,2522190;9,4807200
Haderslev;Storegade 65;Storegade 65;1989;1852;Historicism;Det grundmurede forhus i to etager (1852). Fredet 1989.*;Storegade 65, Haderslev, Danmark;55,2519620;9,4802230
Haderslev;Storegade 66;Storegade 66;1989;1865;Historicism;Det nifags grundmurede forhus (1865). Fredet 1989.*;Storegade 66, Haderslev, Danmark;55,2520790;9,4798460
Haderslev;Tørningvej 6 og 7;Tørning Mølle;1980;1907;Historicism;Tørning Mølle. Hovedbygningen (midten af 1700-tallet, ombygget ved midten af 1800-tallet). Herredsfogedens Hus (antagelig begyndelsen af 1700-tallet), den søndre staldlænge (slutningen af 1700-tallet) og selve vandmøllen (1907) samt møllebroen med stemmeværk og sluse, bagløbet to terrænspring, pionerbroen med stemmeværk, piller og rækværk, friløbet, mølledammen samt brolægningen på vejen ved og foran møllen og på gårdspladsen ved Tørning Mølle. Fredet 1980. * Udvidet 2011.;Tørningvej 6 og 7, Haderslev, Danmark;;
Haderslev;Ultangvej 26;Ultanggård;2013;1884;Historicism;Stuehuset (1884 af Alexander Wilhelm Prale). Fredet 2013.;Ultangvej 26, Haderslev, Danmark;55,2188550;9,6512800
Haderslev;Brogårdvej 4;Nybøl;1986;1700;Baroque and rococo;Stuehus og hesterundgang (slutn. af 1700-tallet). Fredet 1986.*;Brogårdvej 4, Haderslev, Danmark;55,2990710;8,9844240
Haderslev;Domkirkepladsen 1;Domkirkepladsen 1;1978;1700;Baroque and rococo;Forhus og sidehus (1700-tallet) (tidl. side- og tværhus til Torvet 7).Fredet 1978.;Domkirkepladsen 1, Haderslev, Danmark;55,2494750;9,4876670
Haderslev;Domkirkepladsen 3, (tidl;Smedegade 3);1971;1733;Baroque and rococo;Den gamle Latinskole. Skolebygningen (1733). Fredet 1971.;Domkirkepladsen 3, (tidl, Haderslev, Danmark;;
Haderslev;Klostret 23-25;Häger Stiftung;1988;1700;Baroque and rococo;"De to forhuse (nr. 23: beg. 1700-tallet, 1823, ca. 1850 og 1892; nr. 25: ca. 1750, 1853 og 1892). Fredet 1988.*";Klostret 23-25, Haderslev, Danmark;;
Haderslev;Naffet 14;Naffet 14;1989;1740;Baroque and rococo;Bindingsværksforhuset og bindingsværkssidehuset (ca. 1740). Fredet 1989.*;Naffet 14, Haderslev, Danmark;55,2491400;9,4918240
Haderslev;Sejlstensgyde 7, hj;af Havnevej;1945;1700;Baroque and rococo;Det Gamle Ridehus. Det gl. ridehus (1700-tallet). Fredet 1945.*;Sejlstensgyde 7, hj, Haderslev, Danmark;;
Haderslev;Slotsgade 24;Slotsgade 24;1989;1700;Baroque and rococo;Det ottefags langhus i to etager (ca. 1700, ombygget væsentligt 1853). Fredet 1989.;Slotsgade 24, Haderslev, Danmark;55,2497460;9,4912110
Haderslev;Badstuegade 14;Badstuegade 14;1972;;;Gavlhuset. Fredet 1972.*;Badstuegade 14, Haderslev, Danmark;55,2486550;9,4899800
Haderslev;Gammelting 1 og 2;Retsbygningen;1945;;;Forhuset. Fredet 1945.;Gammelting 1 og 2, Haderslev, Danmark;;
Haderslev;Jomfrugang 12;Jomfrugang 12;1971;;;Forhuset. Fredet 1971.*;Jomfrugang 12, Haderslev, Danmark;55,2492970;9,4859070
Haderslev;Nygårdvej 4;Nygård;1954;;;Hovedbygningen. Fredet 1954.*;Nygårdvej 4, Haderslev, Danmark;55,2721960;9,5727940
Haderslev;Præstegade 1 A, hj;af Jomfrugang;1971;;;Præstegade 1 A. Forhuset. Fredet 1971.*;Præstegade 1 A, hj, Haderslev, Danmark;;
Haderslev;Slotsvej 56 og 56 A;Avlsgården;1945;;;Stuehuset samt avlsgårdens nordlænge og de dermed sammenbyggede tre tværlænger. Fredet 1945.;Slotsvej 56 og 56 A, Haderslev, Danmark;;
Haderslev;Ørby 6;Ørby 6;1994;;;Den nordlige længe i gårdanlægget med bulkonstruktioner. Fredet 1994.;Ørby 6, Haderslev, Danmark;55,3016260;9,6251810
Halsnæs;Tollerupvej 2;Melby Kirkelade;1964;middelalder;Medieval;Kirkeladebygningen (middelalder). Fredet 1964.;Tollerupvej 2, Halsnæs, Danmark;55,9956500;11,9691320
Halsnæs;Amtsvejen 280 A og C;Grønnæssegård;1988;1777;Classicism;Hovedbygning, ladebygning, staldbygninger, garage og elevbygning (1777-1930) med gårdsplads og brolagte kørebaner samt Rorupladen (1926). Fredet 1988.*;Amtsvejen 280 A og C, Halsnæs, Danmark;;
Halsnæs;Arresødalvej 65;Arresødal, Frederik VI's vagthus;1950;1800;Classicism;Frederik VI's vagthus (beg. af 1800-tallet). Fredet 1950.;Arresødalvej 65, Halsnæs, Danmark;55,9782020;12,0323890
Halsnæs;Arresødalvej 99 A-D;Arresødal Kaserne;1950;1800;Classicism;Den tidl. kasernebygning syd for Arresø kanal (ca. 1800). Fredet 1950.;Arresødalvej 99 A-D, Halsnæs, Danmark;55,9824284;12,0288347
Halsnæs;Strandgade 12;Strandgade 12;1984;1763;Classicism;Forhuset (1763). Fredet 1984.*;Strandgade 12, Halsnæs, Danmark;55,9725160;12,0181880
Halsnæs;Strandgade 20;Strandgade 20;1985;1770;Classicism;Forhuset (ca. 1770). Fredet 1985.*;Strandgade 20, Halsnæs, Danmark;55,9723120;12,0167870
Halsnæs;Strandgade 22;Strandgade 22;1985;1770;Classicism;Forhuset (ca. 1770). Fredet 1985.*;Strandgade 22, Halsnæs, Danmark;55,9722840;12,0166030
Halsnæs;Torvet 1;Torvet 1;1919;1800;Classicism;Forhuset (ca. 1800). Fredet 1919.*;Torvet 1, Halsnæs, Danmark;55,9720570;12,0220740
Halsnæs;Torvet 6;Hotel Frederiksværk;1919;1804;Classicism;Forhuset (antagelig 1804). Fredet 1919.*;Torvet 6, Halsnæs, Danmark;55,9718590;12,0232510
Halsnæs;Hillerødvej 115;Birkely;1982;1856;Historicism;Stuehuset og de tre sammenbyggede længer (1856) samt gårdspladsen. Fredet 1982.*;Hillerødvej 115, Halsnæs, Danmark;55,9445560;12,0522660
Halsnæs;Knud Rasmussensvej 9A;Knud Rasmussens Hus;2026;1917;Historicism;Sommerhuset med garagebygning og vandpost (1917 af Helge Bojsen-Møller). Fredet 2026.;Knud Rasmussensvej 9A, Halsnæs, Danmark;55,9748610;11,8542200
Hedensted;Rosenvoldvej 21;Rosenvold;1918;1585;Renaissance;Hovedbygningen (1585, ombygget 1817). Fredet 1918.;Rosenvoldvej 21, Hedensted, Danmark;55,6721070;9,8228930
Hedensted;Palsgaardvej 2;Palsgaard;1939;1500;Medieval;Den trefløjede hovedbygning (ca. 1500, helt ombygget 1803-06 af Philip Lange). Fredet 1939.*;Palsgaardvej 2, Hedensted, Danmark;55,7452430;10,0238720
Hedensted;Bjerrevej 353;Den tidl;1995;1846;Classicism;Arrest. Hovedbygningen og den tilbageværende del af den første arrestbygning (1846) samt den nye arrestbygning (1911). Fredet 1995.*;Bjerrevej 353, Hedensted, Danmark;55,7852590;9,8534380
Hedensted;Bjerrevej 388;Kalsbøl;1990;1844;Classicism;Hovedbygningen (1844) og de to fritliggende sidefløje (1700-tallet) samt smedebygningen ved alléen. Fredet 1990.;Bjerrevej 388, Hedensted, Danmark;55,7388540;9,9299640
Hedensted;Fruensvej 15-17;Rask Hovedgård;1988;1840;Classicism;Hovedbygningen, østfløjen med to udløberfløje og vestfløjen (1840 med genanvendelse af ældre bygningsdele) samt voldstedet med grave og de to broer. Fredet 1988.*;Fruensvej 15-17, Hedensted, Danmark;;
Hedensted;Gammel Vejlevej 2;Williamsborg;1918;1774;Classicism;Hovedbygning med sidefløje (1774, sidefløjene lidt yngre). Fredet 1918.;Gammel Vejlevej 2, Hedensted, Danmark;55,7340850;9,7182320
Hedensted;Jensgårdvej 11;Jensgård;1986;1800;Classicism;Den trefløjede hovedbygning med udløberfløj mod vest (ca. 1750-1800), avlsgårdens øst- og vestlænge med portbygningen (1800-tallet) samt gårdspladsens brolægning. Fredet 1986.*;Jensgårdvej 11, Hedensted, Danmark;55,8029250;10,0310490
Hedensted;Lhombrevej 4;Skerrildgård;1945;1766;Classicism;Hovedbygningen (1766) med sidefløj samt hegnsmur og portpiller. Fredet 1945.;Lhombrevej 4, Hedensted, Danmark;55,7422060;9,8763290
Hedensted;Bjerrevej 412;Bjerrevej 412;1996;1850;Historicism;Den trelængede gård (ca. 1850) samt den brostensbelagte gårdsplads med kastanietræet. Fredet 1996.;Bjerrevej 412, Hedensted, Danmark;55,7231460;9,9304050
Hedensted;Tønballevej 1;Tønballegård;1987;1887;Historicism;Hovedbygningen og den trelængede avlsgård (1887-88 af Hector Estrup). Fredet 1987. *;Tønballevej 1, Hedensted, Danmark;55,8119150;10,0521290
Hedensted;Aale Bygade 28;Åle Præstegård;1974;1672;Baroque and rococo;Den gamle præstebolig (1672 og senere). Fredet 1974.*;Aale Bygade 28, Hedensted, Danmark;55,8872110;9,5642490
Helsingør;Kongensgade 2 B, C og D;Kongensgade 2 B, C og D;1919;1600;Renaissance;Bindingsværksbygning mod gaden med den toetages udbygning mod gården (ca. 1600). Fredet 1919. *;Kongensgade 2 B, C og D, Helsingør, Danmark;;
Helsingør;Sankt Annagade 11;Sankt Annagade 11;1919;1620;Renaissance;Forhuset og de to sidebygninger (1620). Fredet 1919.*;Sankt Annagade 11, Helsingør, Danmark;;
Helsingør;Stengade 20 og Skyttenstræde 12;Iver Pedersens Gård;1919;1600;Renaissance;Forhus og sidehus (ca. 1600). Fredet 1919.*;Stengade 20 og Skyttenstræde 12, Helsingør, Danmark;;
Helsingør;Stengade 29 A;Knud Andersens Gård;1919;1645;Renaissance;Forhus og hermed sammenbygget toetages sidehus samt bindingsværksudhus (1645). Fredet 1919.*;Stengade 29 A, Helsingør, Danmark;56,0335410;12,6101730
Helsingør;Stengade 40 og Strandgade 49;Joachim Langes Gård og Hans Pipers Gård;1919;1604;Renaissance;Forhus mod Stengade 40 (1604) med tilstødende nordre sidebygning samt forhus mod Strandgade 49 (1633, facaden 1780) med tilstødende sidebygning. Fredet 1919.;Stengade 40 og Strandgade 49, Helsingør, Danmark;;
Helsingør;Stengade 56;Stengade 56;1999;1600;Renaissance;Forhuset (ca. 1600, ombygget 1777) med sidehuset (ca. 1530, udvidet 1600 og ombygget 1845) samt baghuset (ca. 1830) og den mellem bygningerne liggende brolagte gård. Fredet 1999.*;Stengade 56, Helsingør, Danmark;56,0345970;12,6129070
Helsingør;Stengade 72-74;Leyell'ernes Gårde;1918;1551;Renaissance;"Forhus med to sidehuse samt tilbygninger til østre sidehus (nr. 72: muligvis fra 1551, ombygget i slutningen af 1700-tallet; nr. 74: ca. 1500). Fredet 1918.";Stengade 72-74, Helsingør, Danmark;56,0352904;12,6145231
Helsingør;Stengade 76;David Hansens Gård;1918;1579;Renaissance;Forhuset med sidehus og dettes tilbyggede trappehus (1579, kælder middelalderlig). Fredet 1918.*;Stengade 76, Helsingør, Danmark;56,0351880;12,6144270
Helsingør;Strandgade 27;Ankeret;1950;1577;Renaissance;Forhuset (1577). Fredet 1950.*;Strandgade 27, Helsingør, Danmark;56,0327130;12,6104400
Helsingør;Strandgade 43;Rosen;1964;1600;Renaissance;Forhuset (1600-tallet og senere). Fredet 1964.*;Strandgade 43, Helsingør, Danmark;56,0331810;12,6113060
Helsingør;Strandgade 53;Strandgade 53;1932;1637;Renaissance;Forhusene mod Strandgade og den dermed sammenbyggede sidefløj i gården (1637). Fredet 1932.*;Strandgade 53, Helsingør, Danmark;56,0337230;12,6123090
Helsingør;Strandgade 55 A-B;Jacob Willumsens Gård;1918;1592;Renaissance;Forhus med sidehus og baghus (1592). Fredet 1918.*;Strandgade 55 A-B, Helsingør, Danmark;56,0338017;12,6127491
Helsingør;Strandgade 70;Rådmand Davids Hus;1919;1600;Renaissance;Forhuse af bindingsværk (1600-tallet med udbygning på bagsiden ca. 1867) og grundmur (ca. 1780). Fredet 1919.*;Strandgade 70, Helsingør, Danmark;56,0338200;12,6129520
Helsingør;Strandgade 85-87;Den Fenwickske Gård;1918;1600;Renaissance;Forhus (1600-tallet, ombygget og forhøjet, antagelig 1759-60) med sidefløje (østre ca. 1500, vestre ca. 1600). Fredet 1918.*;Strandgade 85-87, Helsingør, Danmark;56,0338017;12,6127491
Helsingør;Strandgade 91 A-C;Rasmussens Gård;1918;1580;Renaissance;"Forhus (ca. 1580, forhøjet 1637 og i slutningen af 1700-tallet) med sidebygning og alt fast inventar i stueetagens butik med baglokale samt i ""Skipperstuen"" Fredet 1918.*";Strandgade 91 A-C, Helsingør, Danmark;56,0329162;12,6109561
Helsingør;Baggesensvej 1-5 og 2-8;Romerhusene, Baggesensvej;1987;1957;Modernism;Gårdhusene med tilhørende gårdhaver og hegnsmure (1957-61 af Jørn Utzon). Fredet 1987. (*: Baggesensvej 1, 3, 5, 6 og 8).;Baggesensvej 1-5 og 2-8, Helsingør, Danmark;;
Helsingør;Bøssemagergade 64;Espansiva-Huset;2024;1970;Modernism;Villa med garage, havemure, gårdhave og betonstensbelægninger (1970 af Jørn Utzon). Fredet 2024.;Bøssemagergade 64, Helsingør, Danmark;56,0648480;12,5507510
Helsingør;Carl Plougsvej 11-59;Romerhusene, Carl Plougsvej;1987;1957;Modernism;Gårdhusene med tilhørende gårdhaver og hegnsmure (1957-61 af Jørn Utzon). Fredet 1987. (*: Carl Plougsvej 37, 41, 43, 45, 47, 49, 51, 53, 55, 57 og 59).;Carl Plougsvej 11-59, Helsingør, Danmark;;
Helsingør;Erling Jensens Vej 1 (tidl;Gl Hellebækvej 70);2011;1969;Modernism;Lo-skolen. Lo-skolen med omgivelser (1969 med tilbygninger 1974-1987 af arkitekterne Karen og Ebbe Clemmensen samt Jarl Heger og af landskabsarkitekt Agnete Muusfeldt). Fredet 2011.;Erling Jensens Vej 1 (tidl, Helsingør, Danmark;;
Helsingør;Hauchsvej 2-6 og 9-15;Romerhusene, Hauchsvej;1987;1957;Modernism;Gårdhusene med tilhørende gårdhaver og hegnsmure (1957-61 af Jørn Utzon). Fredet 1987. (*: Hauchsvej 2, 4, 6, 11 og 15).;Hauchsvej 2-6 og 9-15, Helsingør, Danmark;;
Helsingør;Holger Drachmannsvej 2-14 og 1-11;Romerhusene, Holger Drachmannsvej;1987;1957;Modernism;Gårdhusene med tilhørende gårdhaver og hegnsmure (1957-61 af Jørn Utzon). Fredet 1987. (*: Holger Drachmannsvej 1, 2, 3, 4, 5, 6, 7, 8, 10, 11, 12, 14).;Holger Drachmannsvej 2-14 og 1-11, Helsingør, Danmark;;
Helsingør;Kingosvej 85-99;Romerhusene, Kingosvej;1987;1957;Modernism;Gårdhusene med tilhørende gårdhaver og hegnsmure (1957-61 af Jørn Utzon). Fredet 1987.;Kingosvej 85-99, Helsingør, Danmark;56,0384547;12,5798954
Helsingør;Murergade 7 (tidl;Trækbanen 2);1999;1966;Modernism;Plejehjemmet Hammershøj. Højhuset (1966 af Birger Schmidt efter skitseprojekt af Jørn Utzon). Fredet 1999.;Murergade 7 (tidl, Helsingør, Danmark;;
Helsingør;Sveasvej 21;Sveasvej 21 , villaer;2005;1952;Modernism;De to sammenbyggede villaer med tilhørende terrasser og havemure (1952 og 1959, begge af Jørn Utzon) samt den forbindende glasgang og overdækningen mellem villa og garage og arealet derunder. Fredet 2005.;Sveasvej 21, Helsingør, Danmark;56,0619020;12,5606560
Helsingør;Hestemøllestræde 3 A-C;Karmeliterklostret;1950;1450;Medieval;De tre klosterfløje og søndre korsgang (ca. 1450-1500) samt hospitalsforstanderens bolig nord herfor, novicehus og kapel øst for klostrets østfløj og portpartiet ved klosterkirkens sydøstlige hjørne. Fredet 1950. Udvidet 1985.*;Hestemøllestræde 3 A-C, Helsingør, Danmark;56,0365573;12,6135308
Helsingør;Kronborg 1;Kronborg Slot;1918;1426;Medieval;Slottet (1426, stærkt ombygget og udvidet 1577-85 af Hans van Paeschen og Anthonis van Obbergen) med samtlige fæstningsværker og de deri liggende ældre bygninger. Fredet 1918.;Kronborg 1, Helsingør, Danmark;56,0396760;12,6180750
Helsingør;Sankt Anna Gade 6 A;Buxtehudehuset;1950;1500;Medieval;Forhus med sidehus (ca. 1500, ombygget i 1800-tallet). Fredet 1950.*;Sankt Anna Gade 6 A, Helsingør, Danmark;;
Helsingør;Sankt Annagade 36, hj;af Hestemøllestræde;1918;1516;Medieval;Karmeliterhuset. Karmeliterhuset (sydfløjens østlige del 1516 ff., forhøjet 1632, sydfløjens vestlige del, Herluf Trolles hus, 1550-61 muligvis af Matheus Rubensaadt, forhøjet ca. 1590, vestfløjen Peder Brahes hus, 1590'erne) samt hegnsmuren omkring haveanlægget.Fredet 1918. Udvidet 1985.;Sankt Annagade 36, hj, Helsingør, Danmark;;
Helsingør;Sankt Annagade 40 A-B;Karmeliterklosteret, Helsingør;1985;1500;Medieval;Den nordlige udløberfløj på Karmeliterklosteret (beg. af 1500-tallet, ombygget 1900-07), den vest for beliggende bindingsværksbygning (ca. 1650, ombygget ca. 1700, 1904 og 1980) og hegnsmurene i ejennemmens skel mod vest og syd. Fredet 1985.;Sankt Annagade 40 A-B, Helsingør, Danmark;;
Helsingør;Stengade 54 og Bramstræde 4 A;Troels Lunds Gård;1919;1500;Medieval;Forhus med to sidehuse og baghus (ca. 1500, stærkt ombygget 1810-30). Fredet 1919.;Stengade 54 og Bramstræde 4 A, Helsingør, Danmark;;
Helsingør;Stengade 70;Stengade 70;1919;1500;Medieval;Forhus (ca. 1500) med sidelænge (hhv. 1525 og 1642). Fredet 1919.*;Stengade 70, Helsingør, Danmark;56,0350280;12,6140910
Helsingør;Strandgade 77;Det gamle Apotek og Johan Kruses Gård;1918;1500;Medieval;"Bebyggelsen mod Strandgade, Brostræde og Færgestræde (den østlige del af forhuset ca. 1500; sidelænge mod Færgestræde fra ca. 1500-tallets slutning; hjørnebygning mod Brostræde opført 1642).Fredet 1918.*";Strandgade 77, Helsingør, Danmark;56,0344550;12,6141820
Helsingør;Bjergegade 11, hj;af Sankt Olaigade;1945;1800;Classicism;Bjergegade 11. Bygningerne mod Bjergegade og Sankt Olaigade (ca. 1800). Fredet 1945.*;Bjergegade 11, hj, Helsingør, Danmark;;
Helsingør;Bøssemagergade 21;Hellebæk Hammermølle;1960;1765;Classicism;Stuehuset og vandmøllen (1765). Fredet 1960.;Bøssemagergade 21, Helsingør, Danmark;56,0652180;12,5539170
Helsingør;Bøssemagergade 60;Bøssemagergade 60, Hellebæk;2017;1800;Classicism;Administratorboligen, bestående af hovedbygning (ca. 1800) og tværbygning (ca. 1850), med have. Fredet 2017.*;Bøssemagergade 60, Helsingør, Danmark;56,0653940;12,5515210
Helsingør;Caroline Mathildesvej 1;Caroline Mathildesvej 1;1987;1750;Classicism;Forhuset og sidehuset (ca. 1750). Fredet 1987.;Caroline Mathildesvej 1, Helsingør, Danmark;;
Helsingør;Caroline Mathildesvej 2;Probermesterens Hus, Hellebæk;1950;1750;Classicism;Forhuset (ca. 1750, ombygget ca. 1800), de to udhuse (ca. 1850) samt den brolagte gårdsplads mellem bygningerne. Fredet 1950. Udvidet 1989.;Caroline Mathildesvej 2, Helsingør, Danmark;;
Helsingør;Gurreholmvej 6;Fairy Hill;1959;1820;Classicism;Hovedbygningen (1820 ff.). Fredet 1959.*;Gurreholmvej 6, Helsingør, Danmark;56,0053020;12,5128280
Helsingør;Gurrevej 447;Valdemarslund;1982;1800;Classicism;Stuehuset og de to udhuslænger (beg. af 1800-tallet, hovedbygningen forlænget ca. 1850) samt havehuset. Fredet 1982.*;Gurrevej 447, Helsingør, Danmark;56,0188090;12,4961770
Helsingør;Kongensgade 12 B;Den gamle Latinskole;1970;1769;Classicism;Det ellevefags forhus (1769 og senere). Fredet 1970.*;Kongensgade 12 B, Helsingør, Danmark;56,0375840;12,6106780
Helsingør;Lappen 1;Lappen 1;1954;1800;Classicism;Forhuset (ca. 1800). Fredet 1954.*;Lappen 1, Helsingør, Danmark;56,0414110;12,6047390
Helsingør;Lappen 14;Lappen 14;1973;1843;Classicism;Forhuset (1843, forhøjet i 1870'erne). Fredet 1973.;Lappen 14, Helsingør, Danmark;56,0423470;12,6037590
Helsingør;Lappen 16;Lappen 16;1974;1843;Classicism;Forhuset (1843, forhøjet 1870 og senere). Fredet 1974.*;Lappen 16, Helsingør, Danmark;56,0424080;12,6036750
Helsingør;Lappen 18;Lappen 18;1970;1797;Classicism;Forhus (1797-98) og sidehus (mellem 1801 og 1811). Fredet 1970.*;Lappen 18, Helsingør, Danmark;56,0424740;12,6035780
Helsingør;Lappen 24;Lappen 24;1972;1770;Classicism;Forhuset (ca. 1770, facaden grundmuret og forhøjet i 1820'rne, bagsiden forhøjet ca. 1867). Fredet 1972.*;Lappen 24, Helsingør, Danmark;56,0426830;12,6032790
Helsingør;Lappen 26;Lappen 26;1972;1770;Classicism;Forhuset (ca. 1770, facaden grundmuret in 1820'rne, forhøjet ca. 1880). Fredet 1972.*;Lappen 26, Helsingør, Danmark;56,0427210;12,6032200
Helsingør;Lappen 6;Lappen 6;1973;1800;Classicism;Forhuset (1800-tallet). Fredet 1973.*;Lappen 6, Helsingør, Danmark;56,0418520;12,6044530
Helsingør;Nordre Strandvej 140;Nordre Strandvej 140;1986;1810;Classicism;Bindingsværkshuset (1810). Fredet 1986.;Nordre Strandvej 140, Helsingør, Danmark;56,0750100;12,5482340
Helsingør;Sankt Annagade 27;Sankt Annagade 27;1971;1826;Classicism;Forhuset og de to sidehuse (1826). Fredet 1971.*;Sankt Annagade 27, Helsingør, Danmark;;
Helsingør;Sankt Annagade 41;Sankt Annagade 41;1993;1761;Classicism;Det toetages forhus med heltag og det dermed sammenbyggede sidehus med halvtag (begge fra 1780'erne) samt det toetages baghus med heltag (1761). Fredet 1993.*;Sankt Annagade 41, Helsingør, Danmark;;
Helsingør;Sankt Olai Gade 12-14;Sankt Olai Gade 12-14;1975;1782;Classicism;"De to forhuse (nr. 12: mellem 1782 og 1791; nr. 14: 1806). Fredet 1975.*";Sankt Olai Gade 12-14, Helsingør, Danmark;;
Helsingør;Sankt Olaigade 49;Sankt Olaigade 49;1919;1784;Classicism;Forhus og sidehus (1784). Fredet 1919.*;Sankt Olaigade 49, Helsingør, Danmark;;
Helsingør;Sankt Olaigade 55, hj;af Sophie Brahes Gade;1945;1800;Classicism;Sankt Olaigade 55. Hjørnehuset (1800-tallet). Fredet 1945.*;Sankt Olaigade 55, hj, Helsingør, Danmark;;
Helsingør;Sophie Brahesgade 6;Sophie Brahesgade 6;1919;;Classicism;Forhuset (klassicisme) med sidehus. Fredet 1919.*;Sophie Brahesgade 6, Helsingør, Danmark;;
Helsingør;Stengade 26;L.F;1919;1791;Classicism;Tegners Gård. Forhuset og den dertil stødende smalle sidefløj (1791).Fredet 1919.*;Stengade 26, Helsingør, Danmark;56,0333080;12,6101280
Helsingør;Stengade 46 A;Det Svenske Konsulat;1918;1784;Classicism;Forhuset (ca. 1784, muligvis af Carl Frederik Adelcrantz). Fredet 1918.*;Stengade 46 A, Helsingør, Danmark;56,0341350;12,6118030
Helsingør;Stengade 48-50;Putschers Gård og Rasmus Regelsens Gård;1919;1752;Classicism;"Bebyggelsen mod Stengade, de to sidehuse i hele deres længde samt det fritliggende hus bagest i gården (nr. 48: ""Putschers Gård"", 1752; nr. 50 ""Rasmus Regelsens Gård"", 1639, 1700-tallet; østlænge i gården ca. 1650). Fredet 1919.*";Stengade 48-50, Helsingør, Danmark;56,0346797;12,6129713
Helsingør;Stengade 66 og Gammel Færgestræde 5 A;Oxernes Gård;1918;1750;Classicism;"Bebyggelsen mod Stengade og Færgestræde (forhuset for størstedelens vedkommende fra ca. 1750 og senere; gavlen ca. 1460, antagelig istandsat 1517). Fredet 1918.*";Stengade 66 og Gammel Færgestræde 5 A, Helsingør, Danmark;;
Helsingør;Stengade 81 A;Trentwedels Gård;1919;1770;Classicism;Forhuset (1770) samt det sydvestre sidehus (1810-11, forhøjet 1847). Fredet 1919.*;Stengade 81 A, Helsingør, Danmark;56,0357380;12,6154030
Helsingør;Stengade 83 A;Ostens Gård;1918;1769;Classicism;Forhuset (1769-70). Fredet 1918.*;Stengade 83 A, Helsingør, Danmark;56,0358330;12,6157170
Helsingør;Stengade 84 og Sophie Brahes Gade 3 A;Dodts Gård;1919;1783;Classicism;Forhuse mod Stengade og Sophie Brahes Gade samt trappehus mod syd (1783). Fredet 1919.*;Stengade 84 og Sophie Brahes Gade 3 A, Helsingør, Danmark;;
Helsingør;Stjernegade 31, hj;af J.L;1945;1800;Classicism;Tvedes Vej. Stjernegade 31 og J.L. Tvedes Vej 1. Bygningen på hj. af J.L. Tvedes Vej og det dermed sammenbyggede hus ud mod Stjernegade (ca. 1800). Fredet 1945.*;Stjernegade 31, hj, Helsingør, Danmark;;
Helsingør;Strandgade 29;Strandgade 29;1950;1761;Classicism;Forhuset og den dette nærmest værende del af sidehuset (1761). Fredet 1950. *;Strandgade 29, Helsingør, Danmark;56,0327940;12,6104960
Helsingør;Strandgade 45;Strandgade 45;1932;1800;Classicism;Det toetages hjørnehus mod Strandgade og Grollowstræde (ca. 1800). Fredet 1932.*;Strandgade 45, Helsingør, Danmark;56,0332330;12,6113990
Helsingør;Strandgade 52 og Jernbanevej 10 B;Hans Meinertsens Gård;1919;1781;Classicism;Forhuset med de to sidehuse og baghus (1781). Fredet 1919.*;Strandgade 52 og Jernbanevej 10 B, Helsingør, Danmark;;
Helsingør;Strandgade 71;Strandgade 71;1983;1846;Classicism;Forhus og sidehus (1846-47) samt baghus (før 1771, ombygget ca. 1850 og 1973). Fredet 1983.*;Strandgade 71, Helsingør, Danmark;56,0342420;12,6136490
Helsingør;Strandgade 93 A-D;Det Classenske Palæ;1918;1791;Classicism;Forhus med sidehus og baghus (1791-93 af C.F. Harsdorff og A.C. Wilcken). Fredet 1918.*;Strandgade 93 A-D, Helsingør, Danmark;;
Helsingør;Strandgade 95 A og Sophie Brahesgade 1 C;Stephen Hansens Palæ;1919;1759;Classicism;Forhus (1759-61 af Philip de Lange) og baghus samt mur mod Sophie Brahesgade (ca. 1840). Fredet 1919.*;Strandgade 95 A og Sophie Brahesgade 1 C, Helsingør, Danmark;;
Helsingør;Svingelport 7 A-B;Spæths Gård;1919;1761;Classicism;Den treetages bygning med hejsekvist (1761-70). Fredet 1919.;Svingelport 7 A-B, Helsingør, Danmark;56,0322401;12,6085807
Helsingør;Svingelport 8 A;I.C;1945;1791;Classicism;Tegners Gård. Den toetages hovedbygning med frontispice, beliggende langs Svingelport, med den i sydwest i vinkel sammenbyggede enetages sidebygning (1791) samt den i nordøst, ligeledes i vinkel sammenbyggede enetages sidebygning med portåbning to Svingelport (1800). Fredet 1945.;Svingelport 8 A, Helsingør, Danmark;56,0310050;12,6081550
Helsingør;Bragesvej 1-79;Gurrevejsstiftelsen;1995;1919;Historicism;Etageboligbebyggelsen bestående af tre karréer (1919-21 af Poul Holsøe). Fredet 1995*.;Bragesvej 1-79, Helsingør, Danmark;56,0370026;12,5963412
Helsingør;Gammel Strandvej 410 B;Tibberup Mølle;1950;1870;Historicism;Vindmøllen (1870). Fredet 1950.*;Gammel Strandvej 410 B, Helsingør, Danmark;55,9788200;12,5485740
Helsingør;Havnegade /Kongekajen;Fairbairns svingkran;2013;1862;Historicism;Svingkranen (1862 af ingeniør William Fairbairn) med granitfundament. Fredet 2013.;Havnegade /Kongekajen, Helsingør, Danmark;;
Helsingør;Havnepladsen 1 og Strandgade 72;Toldkammeret, Helsingør;1979;1891;Historicism;Den trefløjede toldkammerbygning (1891 af J.D. Herholdt), den samtidige mur ud mod Strandgade samt gårdspladsen med dens belægning. Fredet 1979. Udvidet 1997.;Havnepladsen 1 og Strandgade 72, Helsingør, Danmark;;
Helsingør;Jernbanevej 7;Helsingør Posthus;1990;1890;Historicism;Posthuset (1890-91 af N.P. Holsøe). Fredet 1990.*;Jernbanevej 7, Helsingør, Danmark;56,0331410;12,6131960
Helsingør;Jernbanevej 9 (tidl;11);1990;1890;Historicism;Ilgodspakhuset. Ilgodspakhuset (1890-91 af N.P. Holsøe). Fredet. 1990.*;Jernbanevej 9 (tidl, Helsingør, Danmark;;
Helsingør;Lappen 10 A-B;Lappen 10 A-B;1973;1850;Historicism;"De to forhuse (nr. 10A: ca. 1850; nr. 10B: 1775). Fredet 1973.*";Lappen 10 A-B, Helsingør, Danmark;56,0423371;12,6035784
Helsingør;Lappen 22;Lappen 22;1972;1871;Historicism;Forhuset (1871). Fredet 1972.;Lappen 22, Helsingør, Danmark;56,0426360;12,6033490
Helsingør;Lappen 8;Lappen 8;1973;1851;Historicism;Forhuset (1851, forhøjet 1869). Fredet 1973.*;Lappen 8, Helsingør, Danmark;56,0419940;12,6042600
Helsingør;Marienlyst Allé 32;Marienlyst Slot;1918;1920;Historicism;Hovedbygningen og muren mod Lappen (fuldstændigt ombygget 1759-62 af Nicolas-Henri Jardin) samt haveanlægget (1920 af G.N. Brandt) med havemuren (1608, ombygget 1922), den tidligere portnerbolig (ca. 1755), de to træbroer, de to trapper i skrænten, de fire vædderhovedvaser (nyhugget 1988), puttivasen (nyhugget 1988) og de fire æggevaser (antagelig ca. 1765). Fredet 1918. Udvidet 2001.;Marienlyst Allé 32, Helsingør, Danmark;56,0420060;12,6020330
Helsingør;Marienlyst Allé 7;Marienlyst Allé 7;1996;1907;Historicism;Villaen (1907 af Povl Baumann). Fredet 1996.*;Marienlyst Allé 7, Helsingør, Danmark;56,0385810;12,6057500
Helsingør;Nordre Strandvej 230 A;Rytterhuset;1997;1899;Historicism;Sommerhuset (1899 af Martin Nyrop), annekset, brændeskuret, atelieret (før 1903, formentlig af Martin Nyrop), garagen (1919), pavillonen (1918 af Martin Nyrop) og badebroen med hus (1924) samt gårdindhegningen og stakittet mod vejen (Martin Nyrop). Fredet 1997.*;Nordre Strandvej 230 A, Helsingør, Danmark;56,0823760;12,5290990
Helsingør;Stationspladsen 1, (tidl;Jernbanevej 1);1990;1890;Historicism;Helsingør Station. Helsingør Stations hovedbygning og de til perronanlæggene hørende perrontage inkl. disses støbejernsophæng og de bærende søjler (1890-91 af N.P. Holsøe og Heinrich Wenck). Fredet 1990.*;Stationspladsen 1, (tidl, Helsingør, Danmark;;
Helsingør;Valnøddevænget 10;Valnøddevænget 10;1988;1918;Historicism;Villaen med gårdsplads, terrasse, haveanlæg og tilkørselsvej (1918 af Kay Fisker). Fredet 1988.*;Valnøddevænget 10, Helsingør, Danmark;56,0197790;12,5917220
Helsingør;Anna Queens Stræde 2, tidl;Gyldenstræde 2;1919;1700;Baroque and rococo;Anna Queens Stræde 2. Sidelænge mod Anna Queens Stræde (ca. 1700). Fredet 1919.*;Anna Queens Stræde 2, tidl, Helsingør, Danmark;;
Helsingør;Bjergegade 30 A og C;Den Eckhardtske Stiftelse;1919;1700;Baroque and rococo;Forhuset og den bagved liggende bindingsværksbygning (muligvis fra ca. 1700, antagelig ombygget 1781). Fredet 1919.*;Bjergegade 30 A og C, Helsingør, Danmark;;
Helsingør;Bøssemagergade 24-28;Bøssemagergade 24-28, Hellebæk;1950;1700;Baroque and rococo;Forhuset, udhuset og vinkelhuset (1700-tallet). Fredet 1950.*;Bøssemagergade 24-28, Helsingør, Danmark;56,0687845;12,5550793
Helsingør;Bøssemagergade 30 A-B og 32 A-B;Bøssemagergade 30 A-B og 32 A-B, Hellebæk;1950;1700;Baroque and rococo;Forhuset (1700-tallet). Fredet 1950.*;Bøssemagergade 30 A-B og 32 A-B, Helsingør, Danmark;;
Helsingør;Bøssemagergade 34 A-B og 36 A-B;Bøssemagergade 34 A-B og 36 A-B, Hellebæk;1950;1700;Baroque and rococo;Forhuset (1700-tallet). Fredet 1950.*;Bøssemagergade 34 A-B og 36 A-B, Helsingør, Danmark;;
Helsingør;Bøssemagergade 38-54;Bøssemagergade 38-54, Hellebæk;1950;1700;Baroque and rococo;Forhuset samt de tre bagved liggende baghuse (1700-tallet). Fredet 1950.*;Bøssemagergade 38-54, Helsingør, Danmark;56,0687845;12,5550793
Helsingør;Bøssemagergade 56 A-C;Bøssemagergade 56 A-C, Hellebæk;1950;1700;Baroque and rococo;Forhuset (1700-tallet). Fredet 1950.*;Bøssemagergade 56 A-C, Helsingør, Danmark;56,0641650;12,5500009
Helsingør;Bøssemagergade 58 A-C;Bøssemagergade 58 A-C, Hellebæk;1950;1700;Baroque and rococo;Forhuset (1700-tallet). Fredet 1950.*;Bøssemagergade 58 A-C, Helsingør, Danmark;;
Helsingør;Hestemøllestræde 2 B-C;Hestemøllestræde 2 B-C;1981;1736;Baroque and rococo;Huset på hjørnet af Kirkestræde og Hestemøllestræde og sidelængen langs Hestemøllestræde (før 1736, forhøjet før 1761). Fredet 1981.*;Hestemøllestræde 2 B-C, Helsingør, Danmark;56,0365573;12,6135308
Helsingør;Lappen 12;Lappen 12;1970;1736;Baroque and rococo;Forhuset (før 1736). Fredet 1970.;Lappen 12, Helsingør, Danmark;56,0422820;12,6038260
Helsingør;Lappen 30;Lappen 30;1972;1736;Baroque and rococo;Forhus og sidehus (før 1736, grundmuret efter 1873). Fredet 1972.*;Lappen 30, Helsingør, Danmark;56,0428330;12,6030540
Helsingør;Lappen 32;Lappen 32;1972;1736;Baroque and rococo;Forhuset (før 1736, grundmuret ca. 1827, kvist ca. 1841). Fredet 1972.*;Lappen 32, Helsingør, Danmark;56,0428910;12,6029640
Helsingør;Lappen 36;Lappen 36;1972;1736;Baroque and rococo;Forhuset (før 1736, facaden grundmuret ca. 1827). Fredet 1972.;Lappen 36, Helsingør, Danmark;56,0429980;12,6027890
Helsingør;Nordre Strandvej 129;Hellebækgård;1918;1748;Baroque and rococo;Den trefløjede hovedbygning (1748 formentlig af Philip de Lange). Fredet 1918.*;Nordre Strandvej 129, Helsingør, Danmark;56,0713100;12,5531910
Helsingør;Sankt Olaigade 9;Sankt Olaigade 9;1945;1700;Baroque and rococo;Forhus og baghus med trappehus (1700-tallet). Fredet 1945.*;Sankt Olaigade 9, Helsingør, Danmark;;
Helsingør;Sophie Brahesgade 5 A-B, hj;af Stengade;1945;1700;Baroque and rococo;De Mezas Gård. Forhus med to sidehuse og baghus (1700-tallet). Fredet 1945.*;Sophie Brahesgade 5 A-B, hj, Helsingør, Danmark;;
Helsingør;Stengade 22 A;Milans Gård;1919;1695;Baroque and rococo;Forhuset og den dertil stødende sidefløj i dens hele længde langs grundens sydvestre grænse (1695). Fredet 1919.*;Stengade 22 A, Helsingør, Danmark;56,0331930;12,6098900
Helsingør;Stengade 31 A og D;Skrivergården;1945;1700;Baroque and rococo;Forhus, sidehus og baghus (1700-tallet). Fredet 1945.*;Stengade 31 A og D, Helsingør, Danmark;;
Helsingør;Stengade 64;Nicolai Dahls Gård;1918;1739;Baroque and rococo;Forhus, sidehus og baghus (1739). Fredet 1918.*;Stengade 64, Helsingør, Danmark;56,0348680;12,6135730
Helsingør;Stengade 68;Stengade 68;1919;1740;Baroque and rococo;"Bebyggelsen mod Stengade og Færgestræde (forhuset ca. 1740; sidelænge mod Færgestræde ca. 1600). Fredet 1919.*";Stengade 68, Helsingør, Danmark;56,0350040;12,6139130
Helsingør;Stengade 78;Stengade 78;1945;1700;Baroque and rococo;Forhuset og sidehuset i hele dettes længde (1700-tallet). Fredet 1945*.;Stengade 78, Helsingør, Danmark;56,0352460;12,6145770
Helsingør;Stengade 82 A;Lütkens Gård;1945;1700;Baroque and rococo;Forhuset (1700-tallet). Fredet 1945.*;Stengade 82 A, Helsingør, Danmark;56,0353480;12,6148360
Helsingør;Strandgade 1;Jens Linds Hus;1945;1700;Baroque and rococo;Forhuset (1700-tallet). Fredet 1945.*;Strandgade 1, Helsingør, Danmark;56,0318740;12,6090550
Helsingør;Strandgade 31;Strandgade 31;1950;1700;Baroque and rococo;Forhus og dertil stødende sidehus (formentlig 1700-tallet). Fredet 1950.*;Strandgade 31, Helsingør, Danmark;56,0328250;12,6106400
Helsingør;Strandgade 75;Strandgade 75;1918;1700;Baroque and rococo;Bebyggelsen mod Strandgade og Brostræde samt sidehuse mod vest og nord (1700-tallet). Fredet 1918.*;Strandgade 75, Helsingør, Danmark;56,0343730;12,6139970
Helsingør;Strandgade 81-83;Kircks Gård;1919;1736;Baroque and rococo;Forhus og mur med port (1736) mod Strandgade, sidehus (1642) og baghus med tværbygning mod Færgestræde. Fredet 1919.*;Strandgade 81-83, Helsingør, Danmark;56,0338017;12,6127491
Helsingør;Bjergegade 32;Bjergegade 32;1932;;;Forhuset. Fredet 1932.*;Bjergegade 32, Helsingør, Danmark;56,0373350;12,6104210
Helsingør;Bøssemagergade 19;Proberhuset, Hellebæk;1959;;;De to sammenbyggede længer. Fredet 1959.;Bøssemagergade 19, Helsingør, Danmark;56,0677200;12,5546360
Helsingør;Carl Plougsvej, Kingosvej, Gurrevej;Romerhusenes Friarealer;1987;;;Friarealer med beplantning og tilhørende sø samt tilkørselsveje, pladser og stier. Fredet 1987.;Carl Plougsvej, Kingosvej, Gurrevej, Helsingør, Danmark;;
Helsingør;Sankt Annagade 38;Sankt Annagade 38;1985;;;Hegnsmurene west for klostret. Fredet 1985.;Sankt Annagade 38, Helsingør, Danmark;;
Helsingør;Sankt Annagade 8;Sankt Annagade 8;1950;;;Forhuset. Fredet 1950.*;Sankt Annagade 8, Helsingør, Danmark;;
Helsingør;Sankt Olaigade 51-53;Sankt Olaigade 51-53;1932;;;Det ud mod hjørnet af Kirkestræde og Sankt Olaigade beliggende sammenbyggede kompleks. Fredet 1932.;Sankt Olaigade 51-53, Helsingør, Danmark;;
Helsingør;Sophie Brahesgade 2, hj. af Stengade;;1932;;;Sophie Brahesgade 2. Forhus, sidehus og baghus. Fredet 1932.;Sophie Brahesgade 2, hj, Helsingør, Danmark;;
Helsingør;Stengade 58 A-C;Stengade 58;2011;;;Forhus, sidehus, baghus og gårdsplads. Fredet 2011.;Stengade 58 A-C, Helsingør, Danmark;;
Herning;Herregårdsparken 1 (tidl;Viborgvej 72);1918;1580;Renaissance;Herningsholm. Hovedbygningen (ca. 1580 og senere). Fredet 1918.*;Herregårdsparken 1 (tidl, Herning, Danmark;;
Herning;Birk Centerpark 311;De Geometriske Haver;2014;1945;Modernism;Det selvstændige landskabsarkitektoniske værk ”De Geometriske Haver” (1945 af landskabsarkitekt C. Th. Sørensen, anlagt 1983) samt den ovale skovlysning med tilhørende egeskovsbryn. Fredet 2014;Birk Centerpark 311, Herning, Danmark;56,1313620;9,0325120
Herning;Højskolevej 11;Herning Højskole;2018;1962;Modernism;Herning Højskole, bestående af det samlede bygningsanlæg (1962, af Tyge Arnfred og Viggo Møller Jensen samt landskabsarkitekterne C. Th. Sørensen og Ole Nørgård) og de senere bygninger: teaterbygningen (1979), musikbygningen (1980) og den tilbyggede lærerbolig (1985) samt det omgivende areal på matrikel 4c, Birk By. Fredet 2018.*;Højskolevej 11, Herning, Danmark;56,1334620;9,0155000
Herning;Uldjydevej 3;Angligården, Herning Kunstmuseum;1995;1966;Modernism;"Den tidl. fabriksbygning med billedkunstnerisk udsmykning samt den indre gård, poppellunden, parkeringspladsen og skulpturparken. (1966 af C.F. Møller og C.Th. Sørensen; billedkunstnerisk udsmykning af Carl-Henning Pedersen og Paul Gadegaard). Fredet 1995.";Uldjydevej 3, Herning, Danmark;56,1279985;9,0471982
Herning;Møltrupvej 70 (tidl;50);1939;1777;Classicism;Møltrup. Den trelængede hovedbygning (1777). Fredet 1939.*;Møltrupvej 70 (tidl, Herning, Danmark;;
Herning;Avlumvej 5;Missionshuset Nasaret;1996;1889;Historicism;Missionshuset (1889). Fredet 1996.;Avlumvej 5, Herning, Danmark;56,2471720;8,8785280
Herning;Østergade 9;Tinghuset;1982;1893;Historicism;Den tofløjede bygning i to etager (1893 af Claudius August Wiinholt og Andreas Hagerup). Fredet 1982.;Østergade 9, Herning, Danmark;56,1363310;8,9768990
Herning;Sindinggårdvej 21;Sindinggård;1939;1730;Baroque and rococo;Stuehusets hovedlænge (ca. 1730, nuværende skikkelse ca. 1837). Fredet 1939.*;Sindinggårdvej 21, Herning, Danmark;56,2091050;8,8626550
Hillerød;Frederiksborg Slot 1;Frederiksborg Slot;1918;1561;Renaissance;"Slottet (nordfløjen, ""Kongefløjen"": 1602-05; galleriet foran: 1619-21 af Hans II van Steenwinckel; vestfløjen, ""Kirkefløjen"": 1606-16; østfløjen, ""Prinsessefløjen"": 1608-15; den lave sydfløj: 1609, ombygget 1619-21 af Hans II van Steenwinckel; løngangen og audienshuset: 1613 ff. af Lorenz van Steenwinckel; porttårnet: 1618-23; ""amtmandsboligen"" og ""kancelliet"" på den mellemste slotsholm: 1613-14; på den forreste holm ""Herluf Trolles tårn"": 1561, de to runde tårne 1562, og Badstuen: 1580). Fredet 1918.";Frederiksborg Slot 1, Hillerød, Danmark;55,9342010;12,2996100
Hillerød;Københavnsvej 34 A-B;Carlsberg;1945;1750;Classicism;Hovedbygningen (ca. 1750 og senere). Fredet 1945.*;Københavnsvej 34 A-B, Hillerød, Danmark;55,9210517;12,3314582
Hillerød;Møllestræde 4;Lowzons Gård;1950;1760;Classicism;Hovedbygningen (ca. 1760). Fredet 1950.*;Møllestræde 4, Hillerød, Danmark;55,9312050;12,2984780
Hillerød;Ny Harløsevej 11-13 A-B;Skævinge Præstegård;1971;1846;Classicism;Den firelængede præstegård (1846-52), gårdspladsen med brolægning, træ og græsplæne. Fredet 1971. Udvidet 1986.*;Ny Harløsevej 11-13 A-B, Hillerød, Danmark;;
Hillerød;Nødebovej 77;Skovridergården;1950;1800;Classicism;Hovedbygningen, de to stråtækte længer og udhuset (beg. af 1800-tallet). Fredet 1950.;Nødebovej 77, Hillerød, Danmark;55,9889790;12,3449500
Hillerød;Roskildevej 58 A;Favrholm;1964;1804;Classicism;Hovedbygningen, nordfløjen og forbindelsesbygningen (1804-06). Fredet 1964. *;Roskildevej 58 A, Hillerød, Danmark;55,9061930;12,2829982
Hillerød;Søndre Jernbanevej 4;Frederiksborg tidl;1945;1834;Classicism;Statsskole. Hovedbygningen (1834 af Jørgen Hansen Koch). Fredet 1945.*;Søndre Jernbanevej 4, Hillerød, Danmark;55,9289000;12,3041310
Hillerød;Kannikegade 2;Hillerød Præstegård;1979;1850;Historicism;Præstegårdsbygningen (ca. 1850 med tøndehvælvet renæssancekælder) samt det om haven liggende stendige. Fredet 1979.;Kannikegade 2, Hillerød, Danmark;55,9290780;12,3050980
Hillerød;Batzkes Bakke 1;Batzkes Hus;1924;1720;Baroque and rococo;Hovedhuset (1720 af Johan Cornelius Krieger, som gartnerbolig for slottet). Fredet 1924.*;Batzkes Bakke 1, Hillerød, Danmark;55,9361530;12,3073320
Hillerød;Frederiksværksgade 2 A;Annaborg;1945;1700;Baroque and rococo;Hovedbygningen (1700-tallet). Fredet 1945.;Frederiksværksgade 2 A, Hillerød, Danmark;55,9350840;12,2965260
Hillerød;Frederiksværksgade 23;Frederiksværksgade 23;1919;1700;Baroque and rococo;Forhuset, de to sidelænger (1700-tallet) og den brolagte gårdsplads. Fredet 1919.*;Frederiksværksgade 23, Hillerød, Danmark;55,9353780;12,2933460
Hillerød;Frederiksværksgade 39;Stutmesterens Hus;1919;1721;Baroque and rococo;Forhuset (1721 muligvis af Johan Cornelius Krieger). Fredet 1919. *;Frederiksværksgade 39, Hillerød, Danmark;55,9361660;12,2910200
Hillerød;Gadevangsvej 109B;Det Norske Hus;1977;;;Det norske hus. Fredet 1977.;Gadevangsvej 109B, Hillerød, Danmark;55,9594040;12,2789630
Hjørring;Bøgstedvej 170;Bøgsted;1918;1500;Medieval;Hovedbygningens nordre og vestre fløj (nordfløjen 1500, ombygget 1791), den stenpikkede gårdsplads og indkørsel, de omgivende borner forbundet med kæder samt den formodede karpedam. Fredet 1918. Udvidet 2003.*;Bøgstedvej 170, Hjørring, Danmark;57,4714590;10,1035100
Hjørring;Børglum Klostervej 255 A;Børglum Kloster;1918;1220-1500;Medieval;Den trefløjede hovedbygning (ca. 1220-1500, ombygget 1750 af Lauritz de Thurah). Fredet 1918.*;Børglum Klostervej 255 A, Hjørring, Danmark;57,3689050;9,7989310
Hjørring;Oddenvej 31;Odden Hovedgård;1918;1455;Medieval;Hovedbygningens sydfløj (1455), østfløj (1520) og vestfløj (1800-tallets slutn.) samt det lave hus ved østfløjens nordgavl (1800-tallet), brolægningen på gårdspladsen og tilkørselsvejen samt hegnsmuren langs gårdspladsens nordside. Fredet 1918. Udvidet 1987.*;Oddenvej 31, Hjørring, Danmark;57,5374620;10,0935060
Hjørring;Fuglsigvej 161;Fuglsig;1939;1770;Classicism;Det trefløjede gårdanlæg med udløberfløj (hovedbygningens bindingsværkdel med rorokostuen ca. 1770), den brolagte gårdsplads og opkørslen med borner. Fredet 1939. Udvidet 1982.*;Fuglsigvej 161, Hjørring, Danmark;57,4306310;10,0219730
Hjørring;Nørregade 35;Nørregade 35;1965;1793;Classicism;Forhuset (muligvis 1793 og senere, sygehus 1822-32). Fredet 1965.;Nørregade 35, Hjørring, Danmark;57,4632890;9,9827560
Hjørring;Skolegade 8;Borgerskolen;1976;1840;Classicism;Den gamle skolebygning (ca. 1840). Fredet 1976.*;Skolegade 8, Hjørring, Danmark;57,4604420;9,9826470
Hjørring;Søndergade 9;Søndergade 9;1979;1800;Classicism;Forhuset (midten af 1800-tallet). Fredet 1979.;Søndergade 9, Hjørring, Danmark;57,4596860;9,9849050
Hjørring;Torvet 6;Hjørring Rådhus;1945;1838;Classicism;Rådhuset (1838). Fredet 1945.*;Torvet 6, Hjørring, Danmark;57,4613260;9,9838150
Hjørring;Vestergade 1;Provstegården;1919;1773;Classicism;Forhuset (1773-74) og sidehuset opført som lade og stald (beg. af 1800-tallet, delvis genopbygget ca. 1860). Fredet 1919. Udvidet 1976.*;Vestergade 1, Hjørring, Danmark;57,4613910;9,9827910
Hjørring;Vestergade 8;Vestergade 8;1992;1828;Classicism;Det cirkulære lysthus med pyramidetag (opført mellem 1828 og 1837). Fredet 1992.*;Vestergade 8, Hjørring, Danmark;57,4615930;9,9809900
Hjørring;Amtmandstoften 1;Amtmandsboligen, Hjørring;2010;1910;Historicism;Amtmandsboligen (1910 af Hack Kampmann), kontorfløjen mod vest samt forpladsen med to træer, fem borner og forbindende kæder, de to portpiller med tilhørende murstykker ved den østlige domestikfløj samt haven, herunder lysthus og pergola. Fredet 2010;Amtmandstoften 1, Hjørring, Danmark;57,4580620;9,9887950
Hjørring;Brinck Seidelinsgade 10;Hjørring Kunstmuseum;1988;1926;Historicism;Museumsbygningen med trappe, havemur og haveanlæg (1926 af Jens Jacobsen). Fredet 1988.;Brinck Seidelinsgade 10, Hjørring, Danmark;;
Hjørring;Havnegade 2;Hirtshals Kro;1982;1850;Historicism;Den gamle længe med facade mod havnepladsen (ca. 1850 og senere). Fredet 1982.;Havnegade 2, Hjørring, Danmark;57,5913500;9,9571320
Hjørring;Hørmestedvej 130;Høgholt;1988;1850;Historicism;Hovedbygningen med tårn og sidefløje samt gårdspladsen og vejdæmning med balustrader (1850-90). Fredet 1988.*;Hørmestedvej 130, Hjørring, Danmark;57,4533940;10,2250060
Hjørring;Jernbanegade 6;Sindal gamle Postkontor;1997;1911;Historicism;Postkontoret (tidl.) (1911 af Hack Kampmann). Fredet 1997.;Jernbanegade 6, Hjørring, Danmark;57,4588690;9,9865500
Hjørring;Nørre Torv 10-15;Nørre Torv 10-15;1965;1854;Historicism;"De three forhuse (1854), hjørnebygningen (1857) og de to baghuse (nr. 11: ca. 1860; nr. 13: 1858, 1866 og 1878). Fredet 1965.";Nørre Torv 10-15, Hjørring, Danmark;57,4640894;9,9823370
Hjørring;Nørregade 12;Nørregade 12, Løkken;1979;1850;Historicism;Stuehuset (ca. 1850). Fredet 1979.*;Nørregade 12, Hjørring, Danmark;57,5897100;9,9574940
Hjørring;Sømærkevej;Løkken Båke;1997;1884;Historicism;Sømærket (1884). Fredet 1997.;Sømærkevej, Hjørring, Danmark;57,5928723;10,1827544
Hjørring;Vrejlev Kloster 3A (tidl;Vrejlev Klostervej 805 A, 800 og Hovedgaden 195);1918;1918;Historicism;Vrejlev Kloster. Hovedbygningens nordfløj (ca. 1500) samt vestfløjen (ca. 1500, forlænget ca. 1760, ombygget 1918) med tårn og udløberfløj (1918 af Charles Jensen). Fredet 1918. Udvidet 1982.*;Vrejlev Kloster 3A (tidl, Hjørring, Danmark;;
Hjørring;Baggesvognvej 499;Baggesvogn;1951;1744;Baroque and rococo;Den trelængede hovedbygning (1744 på kældre fra ca. 1550-1600, midtfløjens bindingsværk skalmuret ca. 1850, sidelængerne ca. 1900) (fredet 1951), dæmningen over voldgraven med vangemurene, murpillerne og de to hundehuse (alt sidstnævnte fra midten af 1700-tallet) samt gårdspladsen på voldstedet. Fredet 1951. Udvidet 1999.;Baggesvognvej 499, Hjørring, Danmark;;
Hjørring;Stensbæk 2;Stensbæk;1945;1744;Baroque and rococo;Hovedbygningen (1744). Fredet 1945.*;Stensbæk 2, Hjørring, Danmark;57,5526470;10,2189100
Holbæk;Kirkestræde 2 B;Kapellanboligen;1980;1600;Renaissance;Det 10 fag lange, enetages bindingsværkshus umiddelbart op til Sankt Nikolaj kirkegård (ca. 1600). Fredet 1980.;Kirkestræde 2 B, Holbæk, Danmark;55,7164010;11,7140690
Holbæk;Løvenborg Allé 30;Løvenborg;1918;1630;Renaissance;"Den trefløjede hovedbygning med hjørnetårne (1630'rne, moderniseret i 1700-tallet; tilbygning til sydfløj 1853; trappetårn mellem syd- og vestfløjen fra 1890'erne). Fredet 1918.";Løvenborg Allé 30, Holbæk, Danmark;55,6828290;11,5878330
Holbæk;Mørkøvvej 15;Kongsdal;1918;1598;Renaissance;Den trefløjede hovedbygning (1598). Fredet 1918.;Mørkøvvej 15, Holbæk, Danmark;55,6092485;11,5724263
Holbæk;Nykøbingvej 84 og 84 A-B;Hagestedgård;1918;1555;Renaissance;Hovedbygningen (kældermure og nederste del af tårn fra ca. 1555, bindingsværk fra 1748, tårn ombygget fra 1862), de to pavilloner mod nord, de fire bindingsværkslænger øst for gårdspladsen, de bygningerne forbindende hegnsmure samt omgivende brolægning. Fredet 1918. Udvidet 1978.*;Nykøbingvej 84 og 84 A-B, Holbæk, Danmark;;
Holbæk;Ringstedvej 50;Torbenfeld;1918;1600;Renaissance;"Hovedbygningen (sydfløjen ombygget middelalderhus, forlængelse og det ottekantede tårn fra 1600-tallet, ombygget 1767 og ca. 1900; østfløj fra 1577, ombygget 1767 og ca. 1900; nordfløj fra 1767, ombygget ca. 1900). Fredet 1918.";Ringstedvej 50, Holbæk, Danmark;55,6385730;11,5177710
Holbæk;Vognserup 3;Vognserup;1918;1559;Renaissance;Hovedbygningen (ca. 1559-75). Fredet 1918.*;Vognserup 3, Holbæk, Danmark;55,7084800;11,5582540
Holbæk;Observator Gyldenkernes Vej 3-15;Brorfelde Observatorium;2010;1953;Modernism;Brorfelde Observatoriet, bestående af de fire stjernekikkertbygninger, værkstedsbygningen, hovedbygningen med overdækket parkering, de fem tjenesteboliger samt det tilhørende vejanlæg og de arkitektonisk bearbejdede cirkulære jordvolde med de dobbelte hækrækker omkring boligerne (1953-1962, arkitekt Kaj Gottlob og havearkitekt Georg Georgsen). Fredet 2010.;Observator Gyldenkernes Vej 3-15, Holbæk, Danmark;55,6238716;11,6658710
Holbæk;Seminarieparken 2 og 9;Holbæk Seminarium;2010;1965;Modernism;Holbæk Seminarium (1965 af Gehrdt Bornebusch, Max Brüel og Jørgen Selchau) bestående af seminariebygninger, funktionærboliger, kollegium med diverse tilføjelser og med omgivelser. Fredet 2010.;Seminarieparken 2 og 9, Holbæk, Danmark;;
Holbæk;Klosterstræde 7;Sortebrødreklosteret;1918;1300;Medieval;Sortebrødreklosterets vestfløj (1300-tallet) og sydfløj (1300-tallet, ombygget 1783, 1863 og 1916). Fredet 1918. Udvidet 1985.;Klosterstræde 7, Holbæk, Danmark;55,7172159;11,7129987
Holbæk;Præstevænget 2;Hjembæk Kirkelade;1964;senmiddelalder;Medieval;Kirkeladebygningen (senmiddelalder og senere). Fredet 1964.;Præstevænget 2, Holbæk, Danmark;55,5890100;11,6577770
Holbæk;Aggersvoldvej 21;Aggersvold;1944;1833;Classicism;Hovedbygningen (1833-35, ombygget 1919 og 1979). Fredet 1944.;Aggersvoldvej 21, Holbæk, Danmark;55,6890610;11,4282720
Holbæk;Eriksholmvej 40;Eriksholm;1918;1788;Classicism;Hovedbygning bestående af hovedhus, to sidefløje og to forbindelsesbygninger mellem hovedhus og sidefløje (1788). Fredet 1918.;Eriksholmvej 40, Holbæk, Danmark;55,6818680;11,7934730
Holbæk;Holbækvej 1;Undløse Enkesæde;1978;1846;Classicism;Forhuset (1846), baghuset og brolægningen på gårdspladsen mellem de to bygninger. Fredet 1978.;Holbækvej 1, Holbæk, Danmark;55,6061870;11,5832530
Holbæk;Klosterstræde 18;Holbæk Rådhus (tidl.);1977;1844;Classicism;Rådhusbygning med tilbygning og sidebygning (1844 af Frederik Ferdinand Friis). Fredet 1977.*;Klosterstræde 18, Holbæk, Danmark;55,7163740;11,7125890
Holbæk;Knabstrup Møllebakke 4-6;Dorthealyst;1945;1799;Classicism;Det samledi gårdanlæg bestående af hovedbygningen, de to sidebygninger med forbindende mure, den østlige sidelænge med udbygning og den vestlige sidelænge, begge i bindingsværk, samt den tværliggende westlænge i bindingsværk med udløberfløj (1799-1802 af Philip Lange). Fredet 1945.*;Knabstrup Møllebakke 4-6, Holbæk, Danmark;55,6598327;11,5640625
Holbæk;Møllebakken 2;Nørre Jernløse Mølle;1982;1800;Classicism;Vindmøllen (flyttet fra Københavns Nørre Vold i slutn. af 1800-tallet). Fredet 1982.;Møllebakken 2, Holbæk, Danmark;55,6634630;11,6219170
Holbæk;Tuse Byvej 100 (tidl;Kalundborgvej 256);1950;1755;Classicism;Den tidl. Kro ved kirken. Den sekstenfags bindingsværkslænge (1755, afkortet i 1962). Fredet 1950.;Tuse Byvej 100 (tidl, Holbæk, Danmark;;
Holbæk;Bakkekammen 23;Bakkekammen 23;1991;1912;Historicism;Det U-formede bygningsanlæg bestående af en villa med garagefløj, en udhusfløj inkl. drivhus og et fritstående vinkelformet udhus samt de to mure mellem sidstnævnte bygning og garagefløjen (1912, det fritliggende udhus 1920, af Ivar Bentsen). Fredet 1991. Udvidet 1993.*;Bakkekammen 23, Holbæk, Danmark;55,7167340;11,7349170
Holbæk;Bakkekammen 40;Bakkekammen 40;1993;1917;Historicism;Hovedhus, udhus, garage og havepavillon (1917 af Ivar Bentsen og Marius Pedersen) samt haveanlægget med to havelåger mod syd og mod west (1914 og 1938 af Valdemar Fabricius Hansen). Fredet 1993. Udvidet 2016 *;Bakkekammen 40, Holbæk, Danmark;55,7178700;11,7350700
Holbæk;Diget 24;Diget 24;1991;1922;Historicism;Den grundmurede villa (1922 af Ivar Bentsen). Fredet 1991.;Diget 24, Holbæk, Danmark;55,7113350;11,7192620
Holbæk;Grydebjergvej 9;Skamstrup Præstegård;1990;1858;Historicism;Hovedbygningen (1858) med de to små sidehuse (1960'erne) samt de to lindetræer ved indgangspartiet. Fredet 1990.;Grydebjergvej 9, Holbæk, Danmark;55,6210120;11,4882210
Holbæk;Hovedgaden 36;Nordvestsjællands Elektricitetsværk;1991;1913;Historicism;Det tidl. elektricitetsværk med tilhørende smøre- og værkstedshal, de to bygninger med henholdsvis tidl. direktør- og regnskabsførerboliger, funktionærboliger m.v. samt vaskehus og den havelignende gårdsplads (1913 af Ivar Bentsen). Fredet 1991.;Hovedgaden 36, Holbæk, Danmark;55,6034550;11,5863020
Holbæk;Kasernevej 43 og 77 (tidl;Anders Larsensvej 1);2002;1913;Historicism;Holbæk Kaserne. Eksercerhuset og Ridehuset (1913 af Olaf Petri og Egil Fischer) på Holbæk Kaserne. Fredet 2002.;Kasernevej 43 og 77 (tidl, Holbæk, Danmark;;
Holbæk;Knabstrupvej 51;Knabstrup;1978;1861;Historicism;Hovedbygningen (1861 af Vilhelm Dahlerup) med de tre sammenbyggede bindingsværkssidelænger (1600-tallet) samt havemur med portal mod west. Fredet 1978.*;Knabstrupvej 51, Holbæk, Danmark;55,6524890;11,5664880
Holbæk;Roskildevej 17 C;Roskildevej 17 C;1991;1914;Historicism;Det trefløjede nyklassicistiske bygningsanlæg (1914 af Ivar Bentsen, opført som alderdomshjem). Fredet 1991.;Roskildevej 17 C, Holbæk, Danmark;55,7094450;11,7198600
Holbæk;Rådhuspladsen 1;Holbæk 3;2011;1909;Historicism;Rådhus. Holbæk rådhus med arrest og murene omkring anlægget (1909-1911, af arkitekt Vilh. Fischer og arkitekt og maler Jens Møller-Jensen). Fredet 2011.;Rådhuspladsen 1, Holbæk, Danmark;;
Holbæk;Ahlgade 32, Bysøstræde 1 og Bagstræde 1;Elefantapoteket;1986;1700;Baroque and rococo;Forhus mod Ahlgade (ca. 1600, ombygget 1847, udvidet mod gården 1889), toetages sidefløj mod Bysøstræde (1700-tallet, ombygget 1857), enetages bygning i forlængelse heraf, toetages sidefløj mod øst (1889) samt ishuset på hjørnet af Bysøstræde og Bagstræde (1867). Fredet 1986.*;Ahlgade 32, Bysøstræde 1 og Bagstræde 1, Holbæk, Danmark;;
Holbæk;Bukkerupvej 14;Soderup Hospital;1964;1700;Baroque and rococo;Hospitalsbygningen (midt. af 1700-tallet). Fredet 1964.;Bukkerupvej 14, Holbæk, Danmark;55,5821753;11,7833158
Holbæk;Kalundborgvej 58 B;Søndersted Stubmølle;1964;1700;Baroque and rococo;Stubmøllen (ca. 1700, flyttet 1875 og 1938). Fredet 1964.;Kalundborgvej 58 B, Holbæk, Danmark;55,7125926;11,6667269
Holbæk;Klosterstræde 16;Holbæk Museum;1918;1669;Baroque and rococo;Museet (1669-70) samt den fra Algade nr. 1 flyttede bindingsværksgård (1660). Fredet 1918.*;Klosterstræde 16, Holbæk, Danmark;55,7165720;11,7126660
Holbæk;Præstevænget 4;Hjembæk Præstegård;1945;1700;Baroque and rococo;Stuehuset med udbygning mod nord samt længerne i syd og west (ca. 1700). Fredet 1945.*;Præstevænget 4, Holbæk, Danmark;55,7130240;11,7413260
Holbæk;Tåstrupvej 54;Store Tåstrup Præstegård;1950;1701;Baroque and rococo;Den trelængede hovedbygning (1701 og senere). Fredet 1950.;Tåstrupvej 54, Holbæk, Danmark;55,5530520;11,7109140
Holbæk;Bakkekammen 45;Bakkekammen 45;2006;;;Villaen Bakkekammen 45 med garage, forbindelsesmur og forhave med de dobbelte hækrækker og grusarealer. Fredet 2006*;Bakkekammen 45, Holbæk, Danmark;55,7181140;11,7331150
Holstebro;Holstebrovej 38;Rydhave;1918;1550;Renaissance;Østre fløj (ca. 1550, ombygget 1656 og 1794), nordre fløj med tårn (tårnet middelalder) og vestre fløj (ca. 1520-30) samt muren mellem tårn og vestfløj. Fredet 1918.*;Holstebrovej 38, Holstebro, Danmark;56,4530100;8,7613760
Holstebro;Vembvej 31-43;Nørre Vosborg;1918;1532;Medieval;De fire fløje og porten omkring borggården (østre hus (1532 ff., gavlene 1857), søndre hus (1838), vestre hus (ca. 1750), nordre hus (ca. 1640)). Voldanlægget (1500-tallet) og broen over voldgraven (beg. af 1800-tallet), hegnsmuren langs indkørslen (1800-tallet), belægningerne på broen, i indkørslen og i borggården, kapellet i haven (1800-tallet), avlsgårdens nordre længe (slutn. af 1700-tallet) med sammenbyggede længer mod nord, søndre længe (efter brand, 1950) samt porttårnet (1790) med hegnsmure (1800-tallet). Fredet 1918. Udvidet 1987.*;Vembvej 31-43, Holstebro, Danmark;56,3690956;8,5670940
Holstebro;Bukdalvej 52;Borbjerg Holmgård, Den tidl;1945;1750;Classicism;Præstegård. Hovedbygningen med sidefløj (ca. 1750). Fredet 1945.;Bukdalvej 52, Holstebro, Danmark;56,4182080;8,7526090
Holstebro;Handbjerg Hovgårdvej 5;Handbjerg Hovgård;1950;1775;Classicism;Den trelængede hovedbygning (1775), den senere opførte tilbygning til hovedbygningens nordlænge, med halv kælder, samt gårdspladsens ti lindetræer langs hovedbygningens facader. Fredet 1950. Udvidet 1995.*;Handbjerg Hovgårdvej 5, Holstebro, Danmark;;
Holstebro;Nørregade 25;Holstebro Råd- og arresthus;1959;1846;Classicism;Rådhuset med arresthus (1846 af N.S. Nebelong). Fredet 1959.;Nørregade 25, Holstebro, Danmark;56,3601170;8,6171930
Holstebro;Sønderlandsgade 46;Bomhuset ved Sønderlandsgade;1924;1794;Classicism;Bomhuset (1794). Fredet 1924.;Sønderlandsgade 46, Holstebro, Danmark;56,3542510;8,6179560
Holstebro;Udstrupvej 3;Udstrup;1939;1784;Classicism;Den trefløjede hovedbygning (1784). Fredet 1939.*;Udstrupvej 3, Holstebro, Danmark;56,3038350;8,2248620
Holstebro;Østergade 35-37;Nyboes Gård;1964;1793;Classicism;Forhuset (1793). Fredet 1964.*;Østergade 35-37, Holstebro, Danmark;56,3581088;8,6192902
Holstebro;Stationsvej 15;Holstebro Station;1992;1904;Historicism;Hovedbygningen og perrontag (1904 af Heinrich Wenck). Fredet 1992.;Stationsvej 15, Holstebro, Danmark;56,3653540;8,6208400
Horsens;Boller Slotsvej 20;Boller;1918;1550;Renaissance;Den firefløjede hovedbygning (nordfløjen ca. 1550, østfløjen 1588, ombygget og vest- og sydfløjen opført 1759, kældrene ældre). Fredet 1918.*;Boller Slotsvej 20, Horsens, Danmark;55,8378160;9,8966840
Horsens;Mattrupvej 3;Mattrup;1918;1578;Renaissance;Den trefløjede hovedbygning (1578, ombygget ca. 1760 og senere).Fredet 1918. *;Mattrupvej 3, Horsens, Danmark;55,9240510;9,5418800
Horsens;Stenkærvej 7;Urup;1918;1592;Renaissance;Den trefløjede hovedbygning (1592, stærkt ombygget og reduceret ca. 1810, østfløjen delvis fra før 1581). Fredet 1918.*;Stenkærvej 7, Horsens, Danmark;55,9482170;9,7774090
Horsens;Andreas Flensborgs Gade, Kongensgade og Claus Cortsens Gade;Vitus Bering Parken;2014;1957;Modernism;Det selvstændige landskabsarkitektoniske værk Vitus Bering Parken med skulpturer (1957 af landskabsarkitekt C. Th. Sørensen). Fredet 2014.;Andreas Flensborgs Gade, Kongensgade og Claus Cortsens Gade, Horsens, Danmark;;
Horsens;Bisgårdsvej 2;Tamdrup Bisgård;1973;1784;Classicism;Stuehuset i syd med sidefløje i øst og vest samt en tilbygning to østfløjen (1784), agerumsladen i nord (1784) med dens forlængelser to begge sider (ca. 1895) og de hertil opførte sidelænger i vest og øst (ca. 1895 og ca. 1910) samt den brolagte gårdsplads. Fredet 1973.*;Bisgårdsvej 2, Horsens, Danmark;55,8873230;9,7369090
Horsens;Føvlingvej 14;Anneksgården;1986;1844;Classicism;Den firelængede gård (stuehuset 1844, østlængen 1890, nordlængen 1844, vestlængen 1600-tallet) med brolagt gårdsplads.Fredet 1986.*;Føvlingvej 14, Horsens, Danmark;55,9372030;9,6196040
Horsens;Hospitalsgade 6;Hospitalsgade 6;1919;1768;Classicism;Forhuset og det dermed sammenbyggede sidehus (1768, gadefacaden ca. 1860). Fredet 1919. Udvidet 1985.*;Hospitalsgade 6, Horsens, Danmark;55,8616060;9,8453970
Horsens;Julianelystvej 1 og 1 A;Julianelyst;1924;1792;Classicism;Hovedbygningen med sidefløje, de to staldlænger i øst og vest samt resterne af sydlængen (1792-93 af Anders Kruuse). Fredet 1924.;Julianelystvej 1 og 1 A, Horsens, Danmark;;
Horsens;Klostermøllevej 48 A, B og D;Klostermølle;1989;1800;Classicism;Vandmøllen med to tilbygninger, den gamle hovedbygning (ca. 1800), den nye hovedbygning (ca. 1872), staldbygningen og tørreladen. Fredet 1989.;Klostermøllevej 48 A, B og D, Horsens, Danmark;;
Horsens;Nørregade 21 A;Anders Kruuses egen gård;1919;1786;Classicism;Forhuset (1786 af Anders Kruuse).Fredet 1919.;Nørregade 21 A, Horsens, Danmark;55,8628790;9,8502930
Horsens;Nørregade 31;Flensborgs Enkebolig;1918;1790;Classicism;Forhuset (1790 af Anders Kruuse). Fredet 1918.*;Nørregade 31, Horsens, Danmark;55,8627570;9,8510060
Horsens;Oensvej 1;Hatting Præstegård;1945;1790;Classicism;Stuehuset (1790). Fredet 1945.;Oensvej 1, Horsens, Danmark;55,8538620;9,7634300
Horsens;Schüttesvej 4-6;Bygholm;1918;1775;Classicism;Hovedbygningen samt de to vinkelformede sidefløje (1775 af Anders Møller). Fredet 1918*;Schüttesvej 4-6, Horsens, Danmark;55,8721870;9,8240379
Horsens;Serridslevgårdvej 25;Serridslevgård;1918;1777;Classicism;Den trefløjede hovedbygning (1777 af Anders Kruuse). Fredet 1918.;Serridslevgårdvej 25, Horsens, Danmark;55,9018650;9,9240300
Horsens;Smedegade 49 B;Smedegade 49 B;1991;1817;Classicism;Bindingsværkspakhuset i to etager (1817). Fredet 1991.*;Smedegade 49 B, Horsens, Danmark;55,8651560;9,8472700
Horsens;Smedegade 91 C;Generalsgården;1919;1816;Classicism;Forhuset (1816 af J.J. Høffner). Fredet 1919.*;Smedegade 91 C, Horsens, Danmark;55,8678020;9,8456510
Horsens;Smedetorvet 1, 2A, 3, 4, 5, 8, 10 (tidl;Smedetorvet 2);1919;1756;Classicism;Knud Monbergs Gård. Forhuset (1756) samt gårdens bebyggelse langs skellet to mnr. 106a, 107, 108a, 110g, f, h, m og n. Fredet 1919. Udvidet 1978.*;Smedetorvet 1, 2A, 3, 4, 5, 8, 10 (tidl, Horsens, Danmark;;
Horsens;Søndergade 32;Søndergade 32;1919;1772;Classicism;Forhuset (1772). Fredet 1919. *;Søndergade 32, Horsens, Danmark;55,8617110;9,8494410
Horsens;Søndergade 41 og 41 A;Brænderigården;1919;1779;Classicism;Forhus (1779 af Anders Kruuse) med bindingsværkssidelænger.Fredet 1919.*;Søndergade 41 og 41 A, Horsens, Danmark;;
Horsens;Åboulevarden 85 A, hj;af Badstuestræde;1919;1760;Classicism;Åboulevarden 85 A. Pakhus (ca. 1760). Fredet 1919.*;Åboulevarden 85 A, hj, Horsens, Danmark;;
Horsens;Emil Møllersgade 41;Trævarefabrikken Bastian;1988;1875;Historicism;De to fritliggende bygninger (opført 1875 af Jens Chr. Clausen), maskin- og kedelhuset med skorsten (opført 1875 af Jens Chr. Clausen), den bagved liggende fløj (opført 1896 og udvidet 1911 af Viggo Norn), tværfløjen (opført 1911 og udvidet 1936 af Viggo Norn) og sydfløjen (opført 1936 af Viggo Norn). Fredet 1988.*;Emil Møllersgade 41, Horsens, Danmark;;
Horsens;Fuglsbjergvej 9;Fuglsbjergvej 9;1997;1850;Historicism;Den firelængede bondegård bestående af stuehuset (slutn. af 1700-tallet), ko- og hestestalden (1850, 1930), svinestalden (ca. 1900) og laden (ca. 1800) samt den brostensbelagte gårdsplads. Fredet 1997.*;Fuglsbjergvej 9, Horsens, Danmark;55,8882860;9,9315690
Horsens;Havnen 1;Horsens Toldkammer;1995;1911;Historicism;Toldkammerbygningen med gårdsplads og den omkransende mur inkl. murpiller (1911-13 af Hack Kampmann). Fredet 1995.*;Havnen 1, Horsens, Danmark;55,8588320;9,8593180
Horsens;Rådhusgade 3-5;Horsens Ting- og Arresthus;2008;1902;Historicism;Det trefløjede anlæg, Horsens Ting- og Arresthus, Rådhusgade 3-5, Horsens Kommune (1902 af Hector Estrup). Fredet 2008. *;Rådhusgade 3-5, Horsens, Danmark;55,8614918;9,8480574
Horsens;Søndergade 26;Horsens gamle Rådhus;1985;1854;Historicism;Rådhusbygningen (1854-55 af Hans Chr. Zeltner). Fredet 1985.;Søndergade 26, Horsens, Danmark;55,8616850;9,8483840
Horsens;Bygaden 70;Stensballegård;1918;1692;Baroque and rococo;Hovedbygningen med to vinkelbyggede sidefløje (hovedfløjen 1692, sidefløjene 1693 af Ernst Brandenburger). Fredet 1918.;Bygaden 70, Horsens, Danmark;55,8758715;9,9294678
Horsens;Overbyvej 5;Overby Rytterskole;1989;1722;Baroque and rococo;Rytterskolen (1722). Fredet 1989.*;Overbyvej 5, Horsens, Danmark;55,9565800;9,8975780
Horsens;Søndergade 12;Helms' Apotek;1918;1736;Baroque and rococo;Forhuset (1736) og det vestlige sidehus (1743) (begge formentlig af Johann Gottfried Hödrich) samt de tre sammenbyggede østvendte sidehuse, de to baghuse, det vestvendte udhus, portmuren og gårdens pigstensbelægning. Fredet 1918. Udvidet 2000.*;Søndergade 12, Horsens, Danmark;55,8617530;9,8466270
Horsens;Søndergade 17;Lichtenbergs Gård, nu Jørgensens Hotel;1918;1744;Baroque and rococo;Forhuset (1744 af Nicolaus Hinrich Rieman). Fredet 1918.*;Søndergade 17, Horsens, Danmark;55,8620830;9,8475100
Horsens;Tyrrestrupvej 41;Tyrrestrup;1918;1720;Baroque and rococo;Den trefløjede hovedbygning med udløberfløj på midtfløjen (ca. 1720, kældrene 1500-tallet). Fredet 1918.*;Tyrrestrupvej 41, Horsens, Danmark;55,8964400;9,9684070
Horsens;Vesterby 1 (tidl;Vesterby 3);1985;1741;Baroque and rococo;Vesterby 1 (tidl. Vesterby 3). Stuehuset (1741). Fredet 1985.;Vesterby 1 (tidl, Horsens, Danmark;;
Horsens;Åboulevarden 121;Åboulevarden 121;1919;1739;Baroque and rococo;Forhuset (ca. 1870) med porten (1739).Fredet 1919. Udvidet 1978.*;Åboulevarden 121, Horsens, Danmark;55,8602170;9,8559220
Horsens;Hospitalsgade 10;Horsens almindelige Hospital;1919;;;Hospitalets gamle fløj langs gaden. Fredet 1919.*;Hospitalsgade 10, Horsens, Danmark;55,8613380;9,8453550
Hørsholm;Piniehøj 20;Piniehøj 20, villa;2005;1962;Modernism;Villaen med tilhørende havemur og grusbelagt indkørsel og forplads (1962 af Hanne og Poul Kjærholm). Fredet 2005.;Piniehøj 20, Hørsholm, Danmark;55,8730770;12,5527620
Hørsholm;Rungsted Strandvej 68;Rungsted Strandvej 68;1989;1958;Modernism;Enfamiliehuset og tilhørende haveanlæg (1958 af Halldor Gunnløgsson). Fredet 1989.*;Rungsted Strandvej 68, Hørsholm, Danmark;55,8757350;12,5494180
Hørsholm;Folehavevej 125 A-B;Folehavegård;1945;1770;Classicism;Hovedbygningen (ca. 1770), laden med hestegang (ca. 1850) samt forpagterboligen med tilbygget stald (ca. 1870). Fredet 1945.*;Folehavevej 125 A-B, Hørsholm, Danmark;55,8685239;12,5422468
Hørsholm;Gammel Hovedgade 2;Fuglsangshus, Slotsgartnerens Hus;1950;1764;Classicism;Bindingsværksbygningen (1764, flyttet og genopført 1979-80). Fredet 1950.*;Gammel Hovedgade 2, Hørsholm, Danmark;55,8760550;12,4974550
Hørsholm;Gammel Hovedgade 5;Gammel Hovedgade 5;1950;1800;Classicism;Forhuset (beg. af 1800-tallet). Fredet 1950.*;Gammel Hovedgade 5, Hørsholm, Danmark;55,8761660;12,4971250
Hørsholm;Gammel Hovedgade 7;Gammel Hovedgade 7;1950;1812;Classicism;Forhuset (efter 1812).Fredet 1950.*;Gammel Hovedgade 7, Hørsholm, Danmark;55,8763250;12,4971530
Hørsholm;Landsbyen 6;Tingstedgård;1988;1759;Classicism;Den firelængede gård (stuehuset 1759, ombygget før 1834) og den brolagte gårdsplads. Fredet 1988.*;Landsbyen 6, Hørsholm, Danmark;55,8729130;12,4324880
Hørsholm;Lyngsø Allé 3, tidl;Fabriksvej 6;1982;1803;Classicism;Usserød Klædefabrik. Nord for Fabriksvej: de tre fløje (1803, 1860 og 1950) omkring gårdspladsen, de to sammenbyggede bygninger mod vest (1868 og 1864), den østlige, fritliggende vinkelbygning (1889) samt det tidl. maskin- og kedelhus (1888) og den tidl. skæreri- og væveribygning (1939) beliggende nord for de tre fløje omkring gårdspladsen. Syd for Fabriksvej: forbygningen (1865) over for gårdspladsen. Fredet 1982. Udvidet 1987.*;Lyngsø Allé 3, tidl, Hørsholm, Danmark;;
Hørsholm;Mortenstrupvej 75;Mortenstrupgård;2010;1800;Classicism;Mortenstrupgård, bestående af stuehuset og de dermed tre sammenbyggede længer (sidst i 1700-tallet til 1855), de to fritliggende udhuse (1800-tallet og 1952) samt den brolagte gårdsplads, den stensatte mødding, stensætningen omkring haven samt blodbøgen. Fredet 2010.;Mortenstrupvej 75, Hørsholm, Danmark;55,8844510;12,4845970
Hørsholm;Sdr;Jagtvej;1918;1766;Classicism;Stolberg-monumentet. Monumentet (1766 af Nicolas-Henri Jardin, fornyet 1895). Fredet 1918.;Sdr, Hørsholm, Danmark;55,8752930;12,5023064
Hørsholm;Usserød Kongevej 120;Den tidl;1990;1792;Classicism;Lægebolig. Beboelseshuset (1792, ombygget ca. 1840). Fredet 1990.*;Usserød Kongevej 120, Hørsholm, Danmark;55,8931840;12,4941430
Hørsholm;Dreyersvej 9;Dreyersvej 9 , villa;2006;1938;Historicism;Villaen (1938 af Steen Eiler Rasmussen). Fredet 2006*;Dreyersvej 9, Hørsholm, Danmark;55,8874630;12,5401340
Hørsholm;Rungsted Strandvej 302;Mikkelgård;1989;1915;Historicism;Den firelængede hovedbygning med tilhørende terrasse, gårdsplads og bro (1915 af Povl Baumann). Fredet 1989.*;Rungsted Strandvej 302, Hørsholm, Danmark;55,9111870;12,5242950
Hørsholm;Folehavevej 13 og 17;Magasinet;1918;1713;Baroque and rococo;Det store magasin (1713) og de to staldbygninger (1739 af Lauritz de Thurah). Fredet 1918.*;Folehavevej 13 og 17, Hørsholm, Danmark;55,8765240;12,5020740
Hørsholm;Folehavevej 19-23;Kavalerbygningen;1918;1721;Baroque and rococo;Kavalerbygningen (1721, ca. 1740 muligvis af Lauritz de Thurah).Fredet 1918*.;Folehavevej 19-23, Hørsholm, Danmark;55,8707215;12,5206317
Hørsholm;Rungsted Strandvej 109 og 111;Rungstedlund, Rungsted gamle Kro;1964;1680;Baroque and rococo;Den enetages vinkelbygning og dermed sammenbyggede toetages bygning (1680, ombygget 1800-tallet). Fredet 1964.*;Rungsted Strandvej 109 og 111, Hørsholm, Danmark;;
Hørsholm;Rungsted Strandvej 219 og 221;Sophienberg;1964;1744;Baroque and rococo;Hovedbygningen (1744-46 af Niels Eigtved, reduceret omkr. 1800) samt haveanlægget med den markerede akse, bøgehækkene, søjletaksen og to parklinde, den gamle kastanieallé mod nord samt den omgivende mur og de seks lindetræer på det skrånende areal mod Øresund. Fredet 1964. Udvidet 1986.*;Rungsted Strandvej 219 og 221, Hørsholm, Danmark;;
Hørsholm;Søndre Jagtvej 1;Hørsholm Præstegård;1974;1720;Baroque and rococo;Stuehuset (1720'rne, de tre østligste fag ca. 1880) og udhuset mod gaden. Fredet 1974.*;Søndre Jagtvej 1, Hørsholm, Danmark;55,8754770;12,5028630
Hørsholm;Søndre Jagtvej 2;Hørsholm Egns Museum;1974;1723;Baroque and rococo;Museumsbygningen (opført 1723 som forpagterbolig efter tegning af kronprins Christian (VI)). Fredet 1974.;Søndre Jagtvej 2, Hørsholm, Danmark;55,8752270;12,5028160
Hvidovre;Gammel Køge Landevej 580 og 580 A;Avedøre Flyveplads (tidl.);1987;1917;Historicism;De to træhangarer (1917) og de ti motorprøvestande (1943). Fredet 1987. Udvidet 1998.;Gammel Køge Landevej 580 og 580 A, Hvidovre, Danmark;;
Hvidovre;Hvidovre Kirkeplads 1;Hvidovre Rytterskole;1950;1720;Baroque and rococo;Rytterskolebygningen (1720'rne og senere). Fredet 1950.*;Hvidovre Kirkeplads 1, Hvidovre, Danmark;55,6566920;12,4727480
Ikast-Brande;Tarpvej 27;Branduhre Mølle;1964;1843;Classicism;Vindmøllen (1843). Fredet 1964.;Tarpvej 27, Ikast-Brande, Danmark;55,9283350;9,0615280
Ikast-Brande;Remmevej 18;Højris;1939;1700;Baroque and rococo;Hovedbygningen med sidefløje i nordøst og nordvest (slutn. 1700-tallet). Fredet 1939.;Remmevej 18, Ikast-Brande, Danmark;56,1386460;9,1785490
Ishøj;Thorsbrovej 22;Barfredshøj;1978;1847;Classicism;Hovedbygningen (1847 af G.F. Hetsch). Fredet 1978.*;Thorsbrovej 22, Ishøj, Danmark;55,6215300;12,2225890
Jammerbugt;Fredensdal 6-10;Bratskov;1918;1550;Renaissance;Hovedbygningen (ca. 1550, tårnet senere) med sidelænger (nordre sidelænge 1700-tallet, søndre sidelænge ca. 1820) og den øst herfor liggende voldgrav. Fredet 1918.*;Fredensdal 6-10, Jammerbugt, Danmark;57,1076293;9,5173875
Jammerbugt;Kammerherrensvej 62;Birkelse;1918;1550;Renaissance;Alle hovedbygningens og ladegårdens ældre bygninger omkring den store gårdsplads (hovedbygningen ca. 1550-80, helt ombygget i 1820'rne). Fredet 1918.*;Kammerherrensvej 62, Jammerbugt, Danmark;57,1504480;9,7067190
Jammerbugt;Kokkedalsvej 17;Kokkedal;1918;1550;Renaissance;Den trefløjede hovedbygning (ca. 1550, nordfløjen ombygget og trappetårnet opført ca. 1600) og omgivende voldgrave. Fredet 1918.*;Kokkedalsvej 17, Jammerbugt, Danmark;57,0643740;9,4796790
Jammerbugt;Strandvejen 4;Kancelligården;1930;1600;Renaissance;Hovedbygning og bindingsværksudhus (1600-1700-tallet). Fredet 1930.*;Strandvejen 4, Jammerbugt, Danmark;57,1326940;9,4630500
Jammerbugt;Klim Strandvej 68;Klim Kalkværk;1997;1946;Modernism;Kalkværket (1946). Fredet 1997.*;Klim Strandvej 68, Jammerbugt, Danmark;57,1038240;9,1704160
Jammerbugt;Vestre Skovvej 1;Oxholm;1950;middelalder;Medieval;Hovedbygningens søndre og vestre fløj (middelalder). Fredet 1950.;Vestre Skovvej 1, Jammerbugt, Danmark;57,0629870;9,5732200
Jammerbugt;Høkervej 2;Strandingskroen;1959;1838;Classicism;Nordfløj (1838), sydfløj (1844), østfløj og vestfløj omkring gårdspladsen. Fredet 1959.*;Høkervej 2, Jammerbugt, Danmark;57,2518800;9,5829410
Jammerbugt;Grønnestrandsvej 228;Grønnestrand Vindmølle;1986;1886;Historicism;Vindmøllen (1886). Fredet 1986.;Grønnestrandsvej 228, Jammerbugt, Danmark;57,1407260;9,2828220
Jammerbugt;Sandagervej 49 i Fjerritslev;Sandagervej 49;2008;1909;Historicism;Den tidligere herredsfogedbolig (1909 af Hother Paludan). Fredet 2008. *;Sandagervej 49 i Fjerritslev, Jammerbugt, Danmark;57,0897492;9,2717483
Jammerbugt;Sandagervej i Fjerritslev;Sandagervej 52;2008;1909;Historicism;Ting- og Arresthuset (1909 af Victor Nyebølle). Fredet 2008;Sandagervej i Fjerritslev, Jammerbugt, Danmark;57,0897492;9,2717483
Jammerbugt;Slettestrandvej 158;Slettestrand Redningsstation;1995;1936;Historicism;Redningsstationen (1936). Fredet 1995.;Slettestrandvej 158, Jammerbugt, Danmark;57,1547240;9,3660450
Jammerbugt;Svinkløvvej 547;Svinkløvvej 547;1987;1917;Historicism;Sommerhuset (1917 af Ejnar Packness). Fredet 1987.;Svinkløvvej 547, Jammerbugt, Danmark;57,1502410;9,3251970
Jammerbugt;Østerbyvej 1;Præstegårdsladen i Østerby;1992;1850;Historicism;Den fritliggende præstegårdslade (ca. 1850). Fredet 1992.;Østerbyvej 1, Jammerbugt, Danmark;57,0573470;9,6089280
Kalundborg;Aagaardsvej 11 og 11 B-C;Aagaard;1945;1605;Renaissance;Hovedbygningen (søndre sidefløj 1605, sydlige del af midterfløj 1645, siden udvidet mod vest, midterfløjens midterparti fra 1700-tallet, midterfløjens nordlige del og nordfløj fra 1911). Fredet 1945.*;Aagaardsvej 11 og 11 B-C, Kalundborg, Danmark;;
Kalundborg;Adelgade 13;Adelgade 13;1918;1600;Renaissance;Forhuset (1600-tallet, ombygget i 1870'erne og 1979). Fredet 1918.;Adelgade 13, Kalundborg, Danmark;55,6804420;11,0820590
Kalundborg;Adelgade 17;Schou's Hus;1918;1600;Renaissance;Forhuset (beg. af 1600-tallet, ombygget 1979). Fredet 1918.*;Adelgade 17, Kalundborg, Danmark;55,6804230;11,0817330
Kalundborg;Adelgade 18;Adelgade 18;1981;1645;Renaissance;Forhuset (ca. 1645, senere ombygget) og haverummet med det gamle morbærtræ.Fredet 1981.*;Adelgade 18, Kalundborg, Danmark;55,6808840;11,0810790
Kalundborg;Adelgade 19;Adelgade 19;1918;1600;Renaissance;Forhuset (beg. af 1600-tallet).Fredet 1918.;Adelgade 19, Kalundborg, Danmark;55,6804070;11,0814840
Kalundborg;Adelgade 23;Lindegården;1918;1600;Renaissance;"Længerne omkring de to gårdspladser (længe mod Adelgade ca. 1600; vestenden deraf med riddersalen 1755-61; magasinlænge i vest 1755; mellembygningens østlige del ca. 1600; østlængen 1620-50 og staldlænge mod syd 1755; østlænge i baggården 1785-86). Fredet 1918.*";Adelgade 23, Kalundborg, Danmark;55,6810030;11,0797730
Kalundborg;Adelgade;Vor Frue Kirkes Plads;2011;1953;Modernism;Det selvstændige landskabsarkitektoniske værk Vor Frue Kirkes Plads (1953 af landskabsarkitekt C.Th. Sørensen). Fredet 2011.;Adelgade, Kalundborg, Danmark;55,6808669;11,0807967
Kalundborg;Gl;Røsnæsvej 9;2009;1961;Modernism;Gl. Røsnæsvej 9. Villaen (1961-62 af Erik Chr. Sørensen) med nære omgiveler. Fredet 2009.*;Gl, Kalundborg, Danmark;55,6807898;11,0819046
Kalundborg;J;Hagemann-Petersens Allé 11;2013;1977;Modernism;"Kalundborghallerne. Kalundborghallerne (1977 af Friis &amp; Moltke) med omgivelser af landskabsarkitekt Sven Hansen. Omgivelserne omfatter matr.nr. 13f indtil mødet med matr.nr. 73e, herunder alle træer, borner, brolægning og nedgangen til tunnelen, samt brolægningen på matr.nr. 13g og 30a. Hertil kommer det brostensbelagte fortov mod Munkesøgade. Fredet 2013.";J, Kalundborg, Danmark;55,6833793;11,0993619
Kalundborg;Adelgade 15;Adelgade 15;1919;1500;Medieval;Forhuset (formentlig 1500-tallet, ombygget 1979).Fredet 1919.*;Adelgade 15, Kalundborg, Danmark;55,6804250;11,0819160
Kalundborg;Adelgade 6;Den gamle Bispegård;1918;middelalder;Medieval;Forhuset med sidehus (middelalder). Fredet 1918.*;Adelgade 6, Kalundborg, Danmark;55,6807050;11,0822290
Kalundborg;Adelgade 8;Kalundborg gamle Rådhus;1918;middelalder;Medieval;Forhuset (middelalder, rådhus 1539-1854). Fredet 1918.;Adelgade 8, Kalundborg, Danmark;55,6807660;11,0819220
Kalundborg;Mastrupvej 4 A;Sejerø Kirkelade;1983;middelalder;Medieval;Kampestensbygningen ved kirkegårdsmurens østside (middelalder). Fredet 1983.;Mastrupvej 4 A, Kalundborg, Danmark;55,8818130;11,1432410
Kalundborg;Præstegade 14;Den gamle Latinskole;1954;;Medieval;"Det middelalderlige stenhus (opr. kirkelade ""Dronning Margrethes vognport""). Fredet 1954.*";Præstegade 14, Kalundborg, Danmark;55,6802310;11,0812960
Kalundborg;Præstegade 18;Den gamle Rektorbolig, nu ligkapel;1954;senmiddelalder;Medieval;Det grundmurede house, der indgår i kirkegårdsmuren (senmiddelalder). Fredet 1954.*;Præstegade 18, Kalundborg, Danmark;55,6803630;11,0808160
Kalundborg;Præstegade 23;Præstegade 23;1918;;Medieval;Det middelalderlige stenhus (opr. præstegård). Fredet 1918.;Præstegade 23, Kalundborg, Danmark;55,6801250;11,0811370
Kalundborg;Svallerup Bygade 3A;Svallerup Kirkelade;1964;senmiddelalder;Medieval;Kirkeladebygningen (senmiddelalder). Fredet 1964.*;Svallerup Bygade 3A, Kalundborg, Danmark;55,6063230;11,1788240
Kalundborg;Hovedgaden 52 A;Løve Herreds Tinghus;1945;1838;Classicism;Tinghuset (1838 af C.F. Hansen, senere ombygget). Fredet 1945.*;Hovedgaden 52 A, Kalundborg, Danmark;55,5117780;11,2908800
Kalundborg;Klosterparkvej 7-9;Kålund Kloster;1924;1752;Classicism;Hovedbygningen (1752, formentlig af Johan Christian Conradi, genopbygget efter brand 1975). Fredet 1924.;Klosterparkvej 7-9, Kalundborg, Danmark;55,6877417;11,0884789
Kalundborg;Kragerupgårdsvej 33;Kragerupgård;1918;1801;Classicism;Den trefløjede hovedbygning (1801-02). Fredet 1918.;Kragerupgårdsvej 33, Kalundborg, Danmark;55,5098740;11,3781890
Kalundborg;Lindegade 6;Apoteket;1919;1764;Classicism;Forhuset (vestre del ca. 1764, antagelig af Philip Hartmann). Fredet 1919.*;Lindegade 6, Kalundborg, Danmark;55,6810850;11,0870010
Kalundborg;Sankt Jørgensbjerg 1;Accisseboden;1918;1796;Classicism;Accisseboden (1796). Fredet 1918.;Sankt Jørgensbjerg 1, Kalundborg, Danmark;;
Kalundborg;Skansevej 10;Skansevej 10;1987;1777;Classicism;Det firelængede gårdanlæg med have, stengærde, hække og træer samt den brolagte gårdsplads (stuehus 1777, nordlænge og østlænge formentlig ældre). Fredet 1987.;Skansevej 10, Kalundborg, Danmark;55,5240080;11,1089780
Kalundborg;Skansevej 11;Mortensgård;1982;1800;Classicism;Det trelængede gårdanlæg (beg. af 1800-tallet). Fredet 1982.*;Skansevej 11, Kalundborg, Danmark;55,5235470;11,1104920
Kalundborg;Strandvejen 38;Strandvejen 38;1969;1750;Classicism;Den firelængede gård (stuehuset og portfløj mod syd ca. 1750-60, vestlænge ca. 1870'erne og nordlænge 1912). Fredet 1969.*;Strandvejen 38, Kalundborg, Danmark;55,5260460;11,1114900
Kalundborg;Strandvejen 52;Hans Petersens Gård;1983;1800;Classicism;Den firelængede gård (ca. 1800). Fredet 1983.;Strandvejen 52, Kalundborg, Danmark;55,5249790;11,1104390
Kalundborg;Torvet 12;Gyths Gård;1918;1834;Classicism;Forhuset samt sidelængerne mod Adelgade og Munkesøgade (1834). Fredet 1918. Udvidet 1973.*;Torvet 12, Kalundborg, Danmark;55,6806120;11,0831800
Kalundborg;Knudstrupvej 4 A;Løve Mølle;1978;1880;Historicism;Vindmøllen (1880). Fredet 1978.*;Knudstrupvej 4 A, Kalundborg, Danmark;55,4757861;11,2419758
Kalundborg;Kordilgade 13;Kordilgade 13;1990;1850;Historicism;Forhus (1850), sidehus (1850 og senere), baghus (ca. 1650) samt det lille udhus bag baghuset og gårdspladsen med pæretræet i skel mod nr. 15. Fredet 1990.*;Kordilgade 13, Kalundborg, Danmark;55,6805620;11,0889300
Kalundborg;Selchausdalvej 4;Selchausdal;1978;1857;Historicism;Den trefløjede hovedbygning (1857 af J.D. Herholdt, istandsat 1941 af Axel Maar). Fredet 1978.;Selchausdalvej 4, Kalundborg, Danmark;55,5840550;11,3268090
Kalundborg;Østergade 4;VP-Hallen;2012;1942;Historicism;Badmintonhallen og det dermed sammenbyggede forhus (1942 af H. Steudel og J. Knudsen Pedersen samt civilingeniør Villum Kann Rasmussen). Fredet 2012.;Østergade 4, Kalundborg, Danmark;55,7195720;11,3814670
Kalundborg;Adelgade 10;Adelgade 10;1918;1700;Baroque and rococo;Forhuset (1700-tallet). Fredet 1918.*;Adelgade 10, Kalundborg, Danmark;55,6807990;11,0816940
Kalundborg;Asnæs Skovvej 16, tidl;Asnæsvej 16;1971;1745;Baroque and rococo;Sneglehøj. Højen med iskælder (1745). Fredet 1971.;Asnæs Skovvej 16, tidl, Kalundborg, Danmark;;
Kalundborg;Kordilgade 1-3;Ole Lunds Gård;1918;1700;Baroque and rococo;De to sammenbyggede forhuse mod Kordilgade og det med Kordilgade 1 sammenbyggede portfag mod Møllestræde samt det med Kordilgade 3 sammenbyggede sidehus ind mod gården (alle bygninger 1700-tallet, forhus og sidehus Kordilgade 3 genopbygget efter brand 1981). Fredet 1918.*;Kordilgade 1-3, Kalundborg, Danmark;55,6799991;11,0909795
Kalundborg;Lerchenborg 1;Lerchenborg;1918;1740;Baroque and rococo;Hovedbygningen med sidefløje (1740'rne formentlig under medvirken af Niels Eigtved) og de hermed sammenbyggede længer mod staldgården, de to T-formede bygninger mellem staldgård og ladegård samt alle bygninger omkring ladegården, endvidere slotsparkens lindeallésystem og lindebuehækkene med statuer. Fredet 1918 Udvidet 1954, 1971 og 1986.*;Lerchenborg 1, Kalundborg, Danmark;55,6536440;11,0798120
Kalundborg;Lindegade 1;Lindegade 1;1918;1681;Baroque and rococo;Forhuset (1681). Fredet 1918.*;Lindegade 1, Kalundborg, Danmark;55,6809230;11,0870670
Kalundborg;Lindegade 3;Lindegade 3;1918;1681;Baroque and rococo;Forhuset (ca. 1681). Fredet 1918.*;Lindegade 3, Kalundborg, Danmark;55,6809610;11,0866930
Kalundborg;Møllestræde 2;Møllestræde 2;1984;1700;Baroque and rococo;Længen med facade langs Møllestræde, nordgavl til Møllebakken og sydgavl sammenbygget med naboejendommens portfag (1700-tallet). Fredet 1984.*;Møllestræde 2, Kalundborg, Danmark;55,6811070;11,0877380
Kalundborg;Skansevej 4;Reersø Museum;1950;1700;Baroque and rococo;Bindingsværkslængen (1700-tallet). Fredet 1950.;Skansevej 4, Kalundborg, Danmark;55,5240780;11,1097930
Kerteminde;Bogensøvej 306;Bogensøgård;1990;1600;Renaissance;De to fritliggende længer (det fireogtyvefags stuehus i bindingsværk fra midten af 1600-tallet, ombygget i beg. af 1800-tallet, granitstensavlslængen 1863) og den herimellem beliggende pigstensbelægning. Fredet 1990.*;Bogensøvej 306, Kerteminde, Danmark;55,5377880;10,6321950
Kerteminde;Kølstrup Bygade 25 A og B;Kølstrup Præstegård;1945;1600;Renaissance;Det firelængede anlæg med udbygninger (1600-1700-tallet og 1785). Fredet 1945.;Kølstrup Bygade 25 A og B, Kerteminde, Danmark;;
Kerteminde;Langegade 8;Kerteminde Museum;1918;1630;Renaissance;Forhuset (1630). Fredet 1918.*;Langegade 8, Kerteminde, Danmark;55,4496520;10,6579250
Kerteminde;Mesinge Bygade 57;Mesinge Kirkelade;1918;1580;Renaissance;Hospitalsbygningen (opr. kirkelade ca. 1580, ombygget til hospital ca. 1680 og senere).Fredet 1918.*;Mesinge Bygade 57, Kerteminde, Danmark;55,5015130;10,6489130
Kerteminde;Skovsbovej 155;Skovsbo;1918;1572;Renaissance;Den trefløjede hovedbygning (1572-79). Fredet 1918.;Skovsbovej 155, Kerteminde, Danmark;55,3934130;10,6323170
Kerteminde;Strandgade 3;Toldboden;1919;1590;Renaissance;Forhuset (ca. 1590, 1735). Fredet 1919.;Strandgade 3, Kerteminde, Danmark;55,4489130;10,6585110
Kerteminde;Ulriksholmvej 96;Ulriksholm;1918;1636;Renaissance;"Hovedbygningen (den lave fløj 1636; den høje 1646; tårnet forhøjet i slutn. af 1700-tallet). Fredet 1918.";Ulriksholmvej 96, Kerteminde, Danmark;55,4230030;10,5697620
Kerteminde;Kertemindevejen 23;Selleberg;1996;1958;Modernism;Stuehuset (midten af 1600-tallet, ombygget ca. 1780), tårnbygningen (1958 med bygningsdele fra 1845) og mejeribygningen (1854). Fredet 1996.;Kertemindevejen 23, Kerteminde, Danmark;55,3927580;10,5448560
Kerteminde;Bøgebjergvej 445;Bøgebjerg;1950;1845;Classicism;Hovedbygningen (1845) og bindingsværkslængen nordvest derfor (ca. 1700). Fredet 1950.;Bøgebjergvej 445, Kerteminde, Danmark;55,5429690;10,6876430
Kerteminde;Fynshovedvej 322;Dalby Præstegård;1945;1843;Classicism;Stuehuset (1843). Fredet 1945.;Fynshovedvej 322, Kerteminde, Danmark;55,5187070;10,6575060
Kerteminde;Fynshovedvej 417;Scheelenborg;1950;1843;Classicism;Hovedbygningen (1843) med grave (middelalder) og vognbygningen ved landevejen. Fredet 1950.;Fynshovedvej 417, Kerteminde, Danmark;55,5356000;10,6471430
Kerteminde;Hverringevej 206;Hverringe;1918;1785;Classicism;Den trefløjede hovedbygning (ca. 1785-90), den stensatte borgbanke, herunder gårdspladsen samt voldgraven med bro og den stensatte sydvestlige bred. Fredet 1918, udvidet i 2007.;Hverringevej 206, Kerteminde, Danmark;55,4798890;10,6993600
Kerteminde;Langegade 5-7, Vestergade 1 A-B, Sønderstræde;Andresens Gård;1985;1847;Classicism;Hjørnehuset mod Langegade og Vestergade (1847, forhøjet 1902), forhuset mod Vestergade med sidehus (1847), forhuset mod Sønderstræde (1645), sidehuset i skel mod mnr. 193 (slutn. af 1800-tallet), gavlhuset mod Langegade (før 1645), forhuset mod Langegade (1828) samt brolægningen på gårdspladsen og indkørsel. Fredet 1985.*;Langegade 5-7, Vestergade 1 A-B, Sønderstræde, Kerteminde, Danmark;;
Kerteminde;Lundsgårdsvej 6;Lundsgård;1918;1765;Classicism;Hovedbygningen (1765 af Georg Dietrich Tschierske). Fredet 1918.;Lundsgårdsvej 6, Kerteminde, Danmark;55,4406560;10,6731770
Kerteminde;Præstegade 5B-C, Muusgården 1-11 (ulige nr.) og 2-24 (lige nr.);Muusgården;1919;1820;Classicism;Det firefløjede bygningsanlæg (ca. 1820 og senere), det mod vest sammenbyggede forhus (ca. 1810) og den mod syd sammenbyggede lagerbygning (ca. 1900), de brolagte gårdspladser og havemuren. Fredet 1919. Udvidet 1986.*;Præstegade 5B-C, Muusgården 1-11 (ulige nr.) og 2-24 (lige nr.), Kerteminde, Danmark;;
Kerteminde;Rønninge Bygade 26;Rønninge Bygade 26;1990;1810;Classicism;Det trelængede gårdanlæg (stuehuset 1810, længerne 1850). Fredet 1990.*;Rønninge Bygade 26, Kerteminde, Danmark;55,3437450;10,6074320
Kerteminde;Sarumgårdsvej 4 og 6;Klarskov;1939;1793;Classicism;Hovedbygningen (1793, istandsat efter brand 1823), den trelængede avlsgård, vognremisen og smedien. Fredet 1939.;Sarumgårdsvej 4 og 6, Kerteminde, Danmark;;
Kerteminde;Vestergade 12 A;Vestergade 12 A;1986;1800;Classicism;Forhuset og sidehuset (ca. 1800) samt gårdspladsen. Fredet 1986.*;Vestergade 12 A, Kerteminde, Danmark;55,4520340;10,6432491
Kerteminde;Viby Bygade 12;Sognefogedgården;1990;1840;Classicism;Det firelængede, sammenbyggede gårdanlæg (stuehuset 1730-40, forlænget 1840-44 med otte fag og i 1882 med to fag, østlængen (1840), sydlængen (1825) og vestlængen (beg. af 1800-tallet)), den brolagte gårdsplads, stengærdet i kløvet kamp omkring haven mod nord samt de to stensatte brønde nord for gården. Fredet 1990.* Udvidet 2008.;Viby Bygade 12, Kerteminde, Danmark;55,4976270;10,6863740
Kerteminde;Viby Bygade 13;Johannes Poulsens Gård;1989;1800;Classicism;Det firelængede gårdanlæg (beg. af 1800-tallet) og den brolagte gårdsplads. Fredet 1989.*;Viby Bygade 13, Kerteminde, Danmark;55,4977460;10,6857170
Kerteminde;Viby Bygade 16;Viby Bygade 16;1990;1826;Classicism;Det lille sammenbyggede, firelængede gårdanlæg (1826 med senere ombygninger), den brolagte gårdsplads, stengærdet af marksten mod vejen ud for haven og den stensatte brønd nord for gården. Fredet 1990. Udvidet 2008.;Viby Bygade 16, Kerteminde, Danmark;55,4978990;10,6863440
Kerteminde;Viby Bygade 21;Viby Hospital;1978;1785;Classicism;Den tidl. hospitalsbygning (1785). Fredet 1978.*;Viby Bygade 21, Kerteminde, Danmark;55,4983130;10,6862700
Kerteminde;Måle Bygade 23;Målegården;2003;1943;Historicism;Husmandsstedet (1943 af Knud Lehn Petersen), bestående af stuehuset, mellembygningen, den vinkelformede avlslænge, møddingspladsen og træet på gårdspladsen. Fredet 2003.;Måle Bygade 23, Kerteminde, Danmark;55,4912480;10,7192580
Kerteminde;Møllebakken 9;Svanemøllen;1959;1853;Historicism;Vindmøllen (1853). Fredet 1959.*;Møllebakken 9, Kerteminde, Danmark;55,4559810;10,6608020
Kerteminde;Rødsbækvej 36;Viby Mølle;1959;1869;Historicism;Vindmøllen (1869). Fredet 1959.*;Rødsbækvej 36, Kerteminde, Danmark;55,4965820;10,6810390
Kerteminde;Søgårdsvej 10;Rønningesøgård;1918;1859;Historicism;"Hovedbygningen (østfløjen 1596; vestfløjen, der er senere, er ombygget 1757) og gravkapellet (1859 af Frederik Vilhelm Tvede).Fredet 1918. Udvidet 1990.";Søgårdsvej 10, Kerteminde, Danmark;55,3378900;10,6310440
Kerteminde;Revninge Bygade 119;Revninge Hospital;1946;1736;Baroque and rococo;Hospitalsbygningen (1736). Fredet 1946.*;Revninge Bygade 119, Kerteminde, Danmark;55,4161100;10,6607950
Kerteminde;Langegade 12 og Strandgade 9;Langegade 12 og Strandgade 9;1919;;;Forhuset mod Langegade med sidehus, forhus mod Strandgade med sidehus samt gårdspladsens brolægning. Fredet 1919.*;Langegade 12 og Strandgade 9, Kerteminde, Danmark;;
København;Amagertorv 27;Amagertorv 27;1989;1536;Renaissance;Bygningsdele i kælder fra før 1536. Fredet 1989.;Amagertorv 27, København, Danmark;55,6785670;12,5770700
København;Amagertorv 6;Den gamle Borgmestergård;1918;1616;Renaissance;Forhuset (1616). Fredet 1918.*;Amagertorv 6, København, Danmark;55,6789520;12,5790370
København;Børsgade 2;Børsen;1918;1619;Renaissance;Børsbygningen (1619-31 af Lorenz van Steenwinckel og Hans II van Steenwinckel) indbefattet rampen (fra 1745 af Niels Eigtved) med Neptun- og Mercurstatuerne (af Johan Christoph Petzold). Fredet 1918.*;Børsgade 2, København, Danmark;55,6755620;12,5840870
København;Christianshavns Vold og Grave, herunder Christianshavns Voldgade 50, 52 og 54, Krudtløbsvej 8, Langebrogade 4 og 10, Refshalevej 110 samt Torvegade 75 og 79.Christianshavns Vold og Grave;Fæstningsanlægget med grave og jordværker samt alle herpå liggende vejanlæg (1618 af Johan Semp, udvidet og ændret i 1670'erne samt 1685 og følgende år af Gottfried Hoffmann);1918;1618;Renaissance;"Følgende på fæstningen stående bygninger: bindingsværkshuset delvist med træbeklædning (opført 1861) og det grundmurede hus (opført 1800),* begge på Quinti Lynette; krudttårnet i Charlotte Amalies Bastion (1744-45 af C.E.D. von Oetken); Lille Mølle på Løvens Bastion (ca. 1800 og senere, møllekroppen demonteret 1897); Amagerports vagt (1718-20); Amagerbros Ravelins Bomhus (1728); krudttårn i Enhjørnings Bastion (ca. 1750); magasinbygning i Kalvebods Bastion (1800) og vagtbygningen (ca. 1750). Fredet 1918.";Christianshavns Vold og Grave, herunder Christianshavns Voldgade 50, 52 og 54, Krudtløbsvej 8, Langebrogade 4 og 10, Refshalevej 110 samt Torvegade 75 og 79.Christianshavns Vold og Grave, København, Danmark;;
København;Delfingade 2-56 m.fl;adresser;1918;1631;Renaissance;"Nyboder. Delfingade 2-56, Elsdyrgade 1-49, Fredericiagade 54-74, Gammelvagt 2-6, Gernersgade 2-18, Haregade 1-22, Hjertensfrydsgade 1-17, Krokodillegade 2-22, Olfert Fischersgade 19-43, Sankt Paulsgade 18-40, Store Kongensgade 107-151, Suensonsgade 1-52, 54, 56, 58, 60, 62, 64 og 66, Svanegade 1-25 Tigergade 1-14, Vildandegade 1-12: de gule toetages længer (1631-48, ombyggede fra enetages huse og for størstepartens vedkommende nybyggede ca. 1750 og 1785-95). Sankt Paulsgade 20-40; enetages længe (1631-48, formentlig af Hans II van Steenwinckel og Leonhard Blasius). Den gamle Vagt (1787 af Peter Meyn). Haregade 23-35 (fortløbende numre) samt Kronprinsessegade 80, Gernersgade 24-46 (lige numre) samt Kronprinsessegade 78, Gernersgade 15-33 (ulige numre) samt Sankt Pauls Plads 12 og Borgergade 107, Rævegade 1-10 (fortløbende numre) samt Sankt Pauls Plads 10 og Borgergade 105, Rævegade 11-20 (fortløbende numre) samt Sankt Pauls Plads 8 og Borgergade 103, Sankt Paulsgade 13-33 (ulige numre) samt Sankt Pauls Plads 4 og Borgergade 99, Olfert Fischersgade 14-34 (lige numre) samt Sankt Pauls Plads 2 og Borgergade 97 samt det omgivende areal afgrænset af gaderne: Gernersgade, Borgergade, Haregade, Kronprinsessegade, Suensonsgade, Rigensgade, Østervoldgade, Store Kongensgade og den enetages stok: Sankt Pauls Plads 6 og Sankt Paulsgade 20-34 med tilhørende gade- og gårdrum samt arealet omkring de fire stokke afgrænset af Olfert Fischers Gade, Gammelvagt, Fredericiagade og Borgergade, matr.nr. 641a-d, 715a-g, 717a-b, 718b, 721, 720, Sankt Annæ Vester Kvarter. Fredet 1918. Udvidet 2006 og 2021.";Delfingade 2-56 m.fl, København, Danmark;;
København;Fredericiagade 86 A;Fredericiagade 86 A;1950;1600;Renaissance;Forhuset (1600-tallets slutning). Fredet 1950.*;Fredericiagade 86 A, København, Danmark;55,6876620;12,5839010
København;Fredericiagade 88;Fredericiagade 88;1950;1600;Renaissance;Forhus og sidehus mod mnr. 452 (1600-tallets slutning). Fredet 1950.;Fredericiagade 88, København, Danmark;55,6877960;12,5837490
København;Fredericiagade 92;Fredericiagade 92;1950;1600;Renaissance;Forhuset (1600-tallets slutning). Fredet 1950.*;Fredericiagade 92, København, Danmark;55,6877990;12,5834090
København;Frederiksholms Kanal 29, hj;af Christians Brygge;1945;1616;Renaissance;"Christian IV's Bryghus. Bryghusbygningen (opført 1616-18 på skansemure formentlig fra 1607-09; genopført og istandsat efter brande 1632 og 1767). Fredet 1945.*";Frederiksholms Kanal 29, hj, København, Danmark;;
København;Gammeltorv;Caritasbrønden;1918;1607;Renaissance;"Springvandet med underliggende brøndkammer (1607-09 af Peter Hoffmann, springvandsfiguren af Statius Otto; ombygget 1784-85, muligvis efter tegning af Georg Erdman Rosenberg, brønden overhvælvet af Henrich Brandemann, soklen under kummen stammer fra denne ombygning; radikalt ændret 1890-92 af Ludvig Fenger). Fredet 1918.";Gammeltorv, København, Danmark;55,6781401;12,5720766
København;Heibergsgade 9;Den Gule Længe;1992;1592;Renaissance;Længen, som udgør resterne af den tidl. reberbane (1592-94, ombygget 1858 og indrettet to professorbolig af Christian Hansen) og det dermed sammenbyggede tidl. sejl- og garnmagasin (1580, afkortet og forhøjet). Fredet 1992.*;Heibergsgade 9, København, Danmark;55,6795801;12,5885633
København;Kongens Nytorv 2, hj;af Bredgade og Store Strandstræde;1918;1600;Renaissance;Kanneworffs Hus. Hjørnebygning (1600-tallet, ombygget ca. 1790). Fredet 1918.;Kongens Nytorv 2, hj, København, Danmark;;
København;Købmagergade 52 A;Rundetårn;1932;1637;Renaissance;Det runde tårn tilbygget Trinitatis kirke (1637-42 af Hans II van Steenwinckel, Jørgen Scheffel og Leonhard Blasius, restaureret 1952 af Thomas Havning). Fredet 1932.*;Købmagergade 52 A, København, Danmark;55,6813390;12,5757720
København;Lille Strandstræde 14 A;Brigadér Hallings Gård;1918;1600;Renaissance;Forhus med trappehus af bindingsværk og det hermed sammenbyggede fire fag lange sidehus mod sydøst (1600-tallet, ombygget 1773-76 formentlig af Hans Næss). Fredet 1918.*;Lille Strandstræde 14 A, København, Danmark;55,6808980;12,5899080
København;Magstræde 17-19 og Nybrogade 30;Magstræde 17-19 og Nybrogade 30;1945;1600;Renaissance;"Magstræde 17-19: de to gavlhuse (1600-tallet); Nybrogade 30; forhus med trappehus (1740-80, ombygget 1845). Fredet 1945.*";Magstræde 17-19 og Nybrogade 30, København, Danmark;;
København;Magstræde 20;Magstræde 20;1945;1600;Renaissance;Forhus (1600-tallet, forhøjet og grundmuret 1730-68) med trappehus (1768) og baghus (1600-tallet, forhøjet efter 1728). Fredet 1945.*;Magstræde 20, København, Danmark;55,6762650;12,5749710
København;Nikolaj Plads 10;Nikolaj Tårn;1950;1582;Renaissance;"Tårnet (1582-ca. 1600; spiret 1907-09). Fredet 1950.";Nikolaj Plads 10, København, Danmark;55,6787910;12,5814740
København;Nyhavn 15;Nyhavn 15;1945;1600;Renaissance;Forhuset (1600-tallet, forhøjet med en etage 1851). Fredet 1945.*;Nyhavn 15, København, Danmark;55,6805570;12,5889720
København;Nyhavn 21 og Lille Strandstræde 4;Nyhavn 21 og Lille Strandstræde 4;1945;1600;Renaissance;Forhus (1600-tallet, forhøjet med en etage 1793), trappehus (1850) og baghus (1748), forhus mod Lille Strandstræde (1789) med tilbygning (1843). Fredet 1945.*;Nyhavn 21 og Lille Strandstræde 4, København, Danmark;;
København;Nyhavn 3;Nyhavn 3;1945;1600;Renaissance;Forhuset (1600-tallet, ombygget 1738, 1776 og 1852) samt trappehuset (ca. 1800). Fredet 1945. Udvidet 1990.*;Nyhavn 3, København, Danmark;55,6807700;12,5881710
København;Nyhavn 5;Nyhavn 5;1945;1600;Renaissance;Forhuset (1600-tallet, ombygget og forhøjet ca. 1790 og 1843) med side- og baghus. Fredet 1945.*;Nyhavn 5, København, Danmark;55,6807300;12,5883190
København;Nyhavn 7;Nyhavn 7;1945;1600;Renaissance;Forhuset (1600-tallet, ombygget og forhøjet 1846), baghuset og det mellemliggende trappehus, der omslutter den lille trekantede gård. Fredet 1945. Udvidet 1983.*;Nyhavn 7, København, Danmark;55,6806771;12,5884595
København;Pilestræde 42-44;Pilestræde 42-44;1985;1610;Renaissance;"De two forhuse (dele af Christian IV's gjethus 1610; 42: genopført 1735, forhøjet mellem 1770 og 1798, facaden 1854 og 1897; 44: istandsat 1728, forhøjet 1785 og 1829, facaden 1829). Fredet 1985.*";Pilestræde 42-44, København, Danmark;55,6818075;12,5777928
København;Rigsdagsgården 7 A (og 5 B) og Proviantpassagen 1 (tidl;Rigsdagsgården 9);1944;1598;Renaissance;"Proviantgården. Proviantgården (generalstaben) med vagtbygningen ved Generalstabsporten (1598-1611, rimeligvis af Christian IV; Vagten 1818). Fredet 1944.";Rigsdagsgården 7 A (og 5 B) og Proviantpassagen 1 (tidl, København, Danmark;;
København;Sankt Annæ Gade 4;Sankt Annæ Gade 4;1950;1622;Renaissance;Toetages forhus på 12 fag (ca. 1622-24). Fredet 1950.*;Sankt Annæ Gade 4, København, Danmark;55,6741570;12,5908580
København;Sankt Peders Stræde 2;Petri Kirke;1985;1631;Renaissance;Kirkebygningen med tårnet (ca. 1450-1500 og later), nordre korsfløj (1631 og 1691), søndre korsfløj (1634), begravelseskapellerne ved skibets nordvestre hjørne (1648 og 1658-59), store gravkapel (1681-83 af Hans III van Steenwinckel) samt hegnsmure og porte mod Nørregade, Sankt Peder Stræde, Larslejstræde og tilstødende ejendomme mod sydwest og nord. Fredet 1985.;Sankt Peders Stræde 2, København, Danmark;55,6798730;12,5708630
København;Store Kannikestræde 2;Regensen;1918;1623;Renaissance;"Det firefløjede anlæg (fløjen mod Store Kannikestræde 1623-28, efter brand 1728 istandsat 1749, en etage påbygget 1777; Krystalgadefløjen 1731; Kirkefløjen 1743, buegangen 1906-09). Fredet 1918.";Store Kannikestræde 2, København, Danmark;55,6810270;12,5754080
København;Strandgade 14, hj;af Torvegade;1918;1640;Renaissance;"Den Rohdeske Gård. Hjørnebygningen (ca. 1640; svungne gavle erstattet af to etager og frontoner 1785 og 1792) og baghuset. Fredet 1918.*";Strandgade 14, hj, København, Danmark;;
København;Strandgade 22;Cort Adelers Gård;1918;1630;Renaissance;"Forhus med sidelænge (ca. 1630, ombygget 1670, forhøjet 1769; sidelænge 1769) samt hegnsmuren*. Fredet 1918.";Strandgade 22, København, Danmark;55,6737900;12,5896880
København;Strandgade 26;Behagens Gård;1918;1626;Renaissance;Alle på grunden stående bygninger samt mur mod mnr. 413 og de to murede piller i sydøstre del af gården (to gavlhuse fra 1626 sammenbygget og forhøjet 1769). Fredet 1918.*;Strandgade 26, København, Danmark;55,6740030;12,5900600
København;Strandgade 28-30 og Wildersgade 41-43;Sigvert Grubbes Gård;1918;1622;Renaissance;"Gavlhuset nr. 28, ""Sigvert Grubbes gård"" (1622), den bag dette liggende otte fags bindingsværksbygning, det med dettes østhjørne sammenbyggede sidehus og det hermed sammenbyggede forhus nr. 41 mod Wildersgade; forhuset nr. 30 mod Strandgade (ca. 1635, porten fra 1710) og de med dette sammenbyggede to lige lange sidehuse (det nordøstre 1636, det sydvestre 1709-13) samt hegnsmurene; endvidere forhuset nr. 43 mod Wildersgade med den korte sidefløj (1829) og det hermed sammenbyggede treetages pakhus (ca. 1800). Fredet 1918.*";Strandgade 28-30 og Wildersgade 41-43, København, Danmark;;
København;Strandgade 32, hj;af Sankt Annæ Gade;1918;1624;Renaissance;Mikkel Vibes Gård. Forhus mod Strandgade (formentlig 1624, ny etageinddeling mellem 1816 og 1839) og Sankt Annæ Gade (ca. 1622-24) samt det sydligst på grunden beliggende baghus. Fredet 1918.*;Strandgade 32, hj, København, Danmark;;
København;Strandgade 40;Strandgade 40;1945;1600;Renaissance;Forhuset (1600-tallet og 1780). Fredet 1945.*;Strandgade 40, København, Danmark;55,6747920;12,5913100
København;Strandgade 42;Strandgade 42;1945;1600;Renaissance;Forhus med sidehus (1600-tallet og 1780-1800). Fredet 1945.*;Strandgade 42, København, Danmark;55,6748410;12,5913940
København;Strandgade 44 A, B, og H, hj;af Bådsmandsstræde;1945;1630;Renaissance;Irgens Gård, Den gamle Artillerikaserne. De to forhuse med port mod Strandgade, forhusbebyggelsen mod Bådsmandsstræde, forhus mod Wildersgade med sidehus, pakhus og fritliggende hus i gården (ca. 1630, ca. 1664, ombygget 1775 og senere). Fredet 1945.*;Strandgade 44 A, B, og H, hj, København, Danmark;;
København;Torvegade 22;Torvegade 22;1950;1600;Renaissance;Forhus og hermed sammenbygget sidehus samt baghus af samme højde som sidehus (1600-tallet og senere). Fredet 1950.*;Torvegade 22, København, Danmark;55,6732670;12,5893920
København;Tøjhusgade 3;Tøjhuset;1918;1598;Renaissance;Tøjhusbygningen (1598-1611 af Christian IV og Berendt Petersen). Fredet 1918.;Tøjhusgade 3, København, Danmark;55,6748370;12,5796280
København;Øster Voldgade 4 A;Rosenborg;1918;1606;Renaissance;"Slottet (1606-17 af Christian IV og muligvis Willum Cornelissen; trappetårnet 1633-34 muligvis af Hans II van Steenwinckel), portbygningen (ca. 1610 med tilbygninger i sydvest og nordøst ca. 1680), kommandantboligen (1760-63 af Jacob Fortling) samt murene med tilhørende port (1672 af Lambert van Haven) og den nordøstlige, tidl. staldbygning mod gaden. Fredet 1918.*";Øster Voldgade 4 A, København, Danmark;55,6862040;12,5764810
København;Østergade 15;Karel van Manders Gård;1918;1600;Renaissance;Forhuse til Østergade (1600-tallets midte, forhøjet med en etage 1918) og Lille Kongensgade (1600-tallets midte og 1877-79) samt mellemliggende sidebygninger og tværhuset. Fredet 1918.*;Østergade 15, København, Danmark;55,6798600;12,5833870
København;Bredgade 74;Hegnsmur;1965;1986;Modernism;Hegnsmur mod Bredgade, hegnsmur i nordskel samt brolægningen. Fredet 1965. Udvidet 1986.;Bredgade 74, København, Danmark;55,6871570;12,5929550
København;Dronningens Tværgade 32-44 og Borgergade 17;Prinsessegården, del af Dronningegården;1995;1956;Modernism;Det vinkelformede etageboligbyggeri samt pladsen afgrænset af bebyggelsen Dronningens Tværgade og Adelgade (1956-58 af Kay Fisker, C.F. Møller og Eske Kristensen). Fredet 1995.*;Dronningens Tværgade 32-44 og Borgergade 17, København, Danmark;;
København;Dronningens Tværgade 46-50;Kongegården, del af Dronningegården;1995;1954;Modernism;Det vinkelformede etageboligbyggeri samt pladsen afgrænset af bebyggelsen Dronningens Tværgade og Adelgade (1954-56 af Kay Fisker, C.F. Møller og Eske Kristensen). Fredet 1995.*;Dronningens Tværgade 46-50, København, Danmark;55,6844735;12,5840166
København;Enghavevej 40;Folkets Hus;1995;1953;Modernism;Forsamlingsbygningen (1953-56 af Vilhelm Lauritzen, gavlmosaik af Dan Sterup-Hansen). Fredet 1995.*;Enghavevej 40, København, Danmark;55,6679960;12,5442460
København;Hammerichsgade 1-5;SAS Royal Hotel og den tidligere airterminal;2024;1956;Modernism;SAS Royal Hotel og den tidligere air-terminal bestående af højhuset, den lave horisontale bygning med læsserampe og det omgivende fortov med glasbyggesten (1956-1960 af Arne Jacobsen). Fredet 2024.*;Hammerichsgade 1-5, København, Danmark;55,6754628;12,5634749
København;Havnegade 5;Danmarks Nationalbank;2009;1965;Modernism;Danmarks Nationalbank samt det kileformede fortovsanlæg mod Havnegade (1965-1978, af Arne Jacobsen). F. 2009.;Havnegade 5, København, Danmark;55,6762670;12,5863410
København;Kalkbrænderiløbskaj 2;Paustians Hus;2012;1987;Modernism;Paustians Hus (1987 Jørn Utzon, med tilbygning fra 2010 af Kim Utzon) bestående af møbelhus med tilbygning, restaurantbygninger samt omgivende arealer. Fredet 2012. *;Kalkbrænderiløbskaj 2, København, Danmark;55,7128060;12,5912620
København;Københavns Havn;Langebro;2007;1954;Modernism;Langebro med brotårnet, bropiller og ramper (1954 af Kaj Gottlob), beliggende mellem H.C.Andersens Boulevard og Amager Boulevard, umatrikuleret areal i Københavns Havn, Københavns Kommune. Fredet 2007.;Københavns Havn, København, Danmark;;
København;Købmagergade 52A;Trinitatis Kirkeplads;2020;1984;Modernism;Det selvstændige landskabsarkitektoniske værk Trinitatis Kirkeplads bestående af den flisebelagte plads, trappeanlæg med rampe, skulptur, konsoller, monument for Johan Herman Wessel og Carl Ewald, gravsten, ligsten, gitter, træer, arkade, lamper (1984 af Sven-Ingvar Andersson og Steen Høyer samt Inger og Johannes Exner). Fredet 2020;Købmagergade 52A, København, Danmark;55,6813390;12,5757720
København;Langelinie 10;Langelinie Pavillonen;2006;1956;Modernism;Langeliniepavillonen med terrasse og trapper samt mure (1956 af Nils og Eva Koppel). Fredet 2006.;Langelinie 10, København, Danmark;55,6912560;12,5984290
København;Randbølvej 13;Randbølvej 13;2022;1949;Modernism;Villa (1949 af Edvard Heiberg) med have og redskabsskur (1949 af C.Th. Sørensen). Fredet 2022;Randbølvej 13, København, Danmark;55,6889430;12,5000490
København;Sjællandsbroen;Manøvrehuset på Sjællandsbroen;2007;1958;Modernism;Manøvrehuset på Sjællandsbroen (1958-59 af Niels Rohweder) umatrikuleret areal, Københavns Kommune. Fredet 2007.;Sjællandsbroen, København, Danmark;55,6463669;12,5424994
København;Skindergade 5;Skindergade 5;1992;1976;Modernism;Forhuset (1976 af Erik Korshagen). Fredet 1992.*;Skindergade 5, København, Danmark;55,6807350;12,5760840
København;Valkendorfsgade 23;Helligåndshuset;1984;1470;Medieval;Helligåndshuset (ca. 1470, restaureret og ombygget af H.B. Storck 1894-96). Fredet 1984.;Valkendorfsgade 23, København, Danmark;55,6792330;12,5763650
København;Vingårdstræde 6;Kong Hans' Vingård;1918;1400;Medieval;Det middelalderlige house (1400-tallet, forhøjet med to etager 1783-84, nuværende facade fra 1796) samt det tilstødende hus med port vest herfor (1830-31). Fredet 1918.*;Vingårdstræde 6, København, Danmark;55,6787740;12,5839960
København;Admiralgade 17;Admiralgade 17;1945;1797;Classicism;Pakhuset (1797). Fredet 1945.*;Admiralgade 17, København, Danmark;55,6780490;12,5818910
København;Admiralgade 19;Admiralgade 19;1945;1796;Classicism;Forhus med side- og baghus (1796-97). Fredet 1945.;Admiralgade 19, København, Danmark;55,6779630;12,5819780
København;Admiralgade 20;Buurmesters Gaard;1959;1797;Classicism;Forhuset og baghuset (1797-98 af Ernst Burmeister). Fredet 1959. Udvidet 1988.*;Admiralgade 20, København, Danmark;55,6779580;12,5817120
København;Admiralgade 21, hj;af Dybensgade;1945;1798;Classicism;Admiralgade 21. Hjørnehuset (1798-99). Fredet 1945.*;Admiralgade 21, hj, København, Danmark;;
København;Admiralgade 22;Admiralgade 22;1959;1845;Classicism;Forhuset og de to sidehuse (1845-46) samt brolægningen i gården. Fredet 1959. Udvidet 1988.*;Admiralgade 22, København, Danmark;55,6778460;12,5818250
København;Admiralgade 23, hj;af Dybensgade;1945;1800;Classicism;Admiralgade 23. Hjørnebygningen (1800). Fredet 1945.;Admiralgade 23, hj, København, Danmark;;
København;Admiralgade 25, hj;af Laksegade;1939;1797;Classicism;Admiralgade 25. Hjørnebygningen (1797-98). Fredet 1939.*;Admiralgade 25, hj, København, Danmark;;
København;Admiralgade 28, hj;af Boldhusgade;1950;1798;Classicism;Admiralgade 28 (tidl. Boldhusgade 1). Den gamle hjørneejendoms forhuse (1798-99 af Philip Lange og L.L. Thrane). Fredet 1950.;Admiralgade 28, hj, København, Danmark;;
København;Amager Strandvej 110;Krudthuset, Amager Strandvej 110;1984;1799;Classicism;Krudthuset (1799 af Wilhelm von Huth og Ernst Peymann). Fredet 1984.*;Amager Strandvej 110, København, Danmark;55,6606170;12,6327260
København;Amagertorv 1, hj;af Højbro Plads og Læderstræde;1983;1796;Classicism;Amagertorv 1. Hjørnehuset (1796-97, ombygget 1854 af Christian Tybjerg). Fredet 1983.*;Amagertorv 1, hj, København, Danmark;;
København;Amagertorv 29;Det Petersenske Jomfrukloster;1926;1768;Classicism;Forhuset mod Amagertorv (1768-69 af C.F. Harsdorff, brændt 1795 og genrejst 1797-98 af Joseph Guione, forhøjet med en etage 1880). Fredet 1926.*;Amagertorv 29, København, Danmark;55,6785630;12,5768410
København;Amaliegade 11;Amaliegade 11;1978;1754;Classicism;Forhuset (1754-55 af Niels Eigtved, tredje etage forhøjet og fjerde påbygget 1771-72) med sidehus (1874) og de to mellembygninger (1753). Fredet 1978.*;Amaliegade 11, København, Danmark;55,6827800;12,5919470
København;Amaliegade 12;Amaliegade 12;1918;1753;Classicism;Forhuset (1753-55 af Niels Eigtved). Fredet 1918.;Amaliegade 12, København, Danmark;55,6825940;12,5922990
København;Amaliegade 13;Amaliegade 13;1918;1808;Classicism;Forhus (opført 1755, øverste etage forhøjet, frontispice og mansardtag påbygget før 1783) med sidehus (1808, forkortet 1960). Fredet 1918. Udvidet 1951.*;Amaliegade 13, København, Danmark;55,6829110;12,5920550
København;Amaliegade 14;Amaliegade 14;1918;1755;Classicism;Forhus og sidehus (1755 af Niels Eigtved). Fredet 1918. Udvidet 1951.*;Amaliegade 14, København, Danmark;55,6827220;12,5924020
København;Amaliegade 15-17;Amaliegade 15-17;1918;1754;Classicism;Forhuse og sidehuse (1754-56 af Niels Eigtved som to symmetriske huse, nr. 15 forhøjet) samt baghusene. Fredet 1918. Udvidet 1978.*;Amaliegade 15-17, København, Danmark;55,6824408;12,5919131
København;Amaliegade 16;Amaliegade 16;1918;1756;Classicism;Forhus og dertil stødende sidehus (1756-57 af Lauritz de Thurah). Fredet 1918. Udvidet 1951.*;Amaliegade 16, København, Danmark;55,6824408;12,5919131
København;Amaliegade 18 og Toldbodgade 43 D;Det Gule Palæ;1918;1842;Classicism;Det Gule Palæ, forhuset (opført 1764 af Nicolas-Henri Jardin på ældre fundamenter), Amaliegade 18 og det bagved liggende hus, Gardestalden, Toldbodgade 43D (1842 af Jørgen Hansen Koch) samt mur og port (1890) mod Toldbodgade. Fredet 1918. Udvidet 2012.;Amaliegade 18 og Toldbodgade 43 D, København, Danmark;;
København;Amaliegade 21 A-C;Morten Farums Gård;1918;1785;Classicism;De to mellembygninger (den forreste fra 1751, den bageste fra 1785-86) samt den forbindende sidebygning (1785-86). Fredet 1918. Udvidet 1951.;Amaliegade 21 A-C, København, Danmark;55,6856567;12,5945742
København;Amaliegade 22;Amaliegade 22;1945;1846;Classicism;Forhus med sidehus (ca. 1750 af Niels Eigtved, ombygget 1845-46) og baghus (1846). Fredet 1945. Udvidet 1988.*;Amaliegade 22, København, Danmark;55,6848570;12,5941680
København;Amaliegade 23-25;Fødselsstiftelsen (tidl.);1918;1750;Classicism;"Nr. 23 sdr. del: forhus (1750-52 formentlig af Niels Eigtved), sidehus og tværhus (1750-52) samt sidehus og baghus; nr. 23 ndr. del: for- og sidehus (1787 af Joseph Guione), gangfløjen (1845) og havehuset (1792); nr. 25: for-, side- og tværhus (1755-57 af Lauritz de Thurah, senere forhøjet), mansardsidehuset med tværhus (ombygget 1845-48), baghuset og matriklens haveanlæg samt de to brolagte gårde, der hører til nr. 25 og de brolagte områder imellem for- og tværhusene af nr. 23. Fredet 1918. Udvidet 2017 *";Amaliegade 23-25, København, Danmark;55,6856567;12,5945742
København;Amaliegade 27;Søndre Pavillon ved Kunstindustrimuseet (Amaliegade);1944;1755;Classicism;Pavillonbygningen med mure og gitter i tilslutning til denne (1755-57 af Lauritz de Thurah) samt den omgivende brolægning. Fredet 1944. Udvidet 1986.*;Amaliegade 27, København, Danmark;55,6858420;12,5944770
København;Amaliegade 31;Nordre Pavillon ved Kunstindustrimuseet (Amaliegade);1939;1755;Classicism;Pavillonbygningen med mure og gitter i tilslutning til denne (1755-57 af Lauritz de Thurah) samt den omgivende brolægning. Fredet 1939. Udvidet 1986.*;Amaliegade 31, København, Danmark;55,6862970;12,5948650
København;Amaliegade 37;Amaliegade 37;1951;1781;Classicism;Forhuset og det dertil stødende smalle sidehus (1781-82 af C.F. Harsdorff, portfløjen tilbygget 1921). Fredet 1951.*;Amaliegade 37, København, Danmark;55,6869890;12,5954490
København;Amaliegade 4;Amaliegade 4;1950;1828;Classicism;Forhus, sidehus og baghus omkring den første gård (1828-29). Fredet 1950.*;Amaliegade 4, København, Danmark;55,6819060;12,5918530
København;Amaliegade 41;Amaliegade 41;1951;1782;Classicism;Forhus og de dertil stødende sidehuse med samme gesimshøjde som forhuset (sydlige del med firefags forhus opført 1782-83 af C.F. Harsdorff, resten opf. 1788 af Frederik Beckmann). Fredet 1951.*;Amaliegade 41, København, Danmark;55,6873000;12,5956440
København;Amaliegade 43;Amaliegade 43;1918;1790;Classicism;Forhus med dertil stødende sidehus på seks fag (påbegyndt ca. 1790 af Johan Martin Quist, fuldført 1792-93 af Andreas Hallander). Fredet 1918. Udvidet 1951.*;Amaliegade 43, København, Danmark;55,6874290;12,5958060
København;Amaliegade 45;Amaliegade 45;1918;1788;Classicism;Forhus med dertil stødende sidehus (1788-91 af Andreas Hallander, facaden fra 1801 formentlig af J.H. Rawert). Fredet 1918. Udvidet 1951. *;Amaliegade 45, København, Danmark;55,6875830;12,5959290
København;Amaliegade 47;Amaliegade 47;1945;1790;Classicism;Forhus med sidehus (1790 af Andreas Hallander). Fredet 1945.*;Amaliegade 47, København, Danmark;55,6877030;12,5960580
København;Amaliegade 49 og Esplanaden 48;Amaliegade 49;1926;1788;Classicism;Forhusene mod Esplanaden og Amaliegade (1788 af Andreas Hallander). F. 1926.*;Amaliegade 49 og Esplanaden 48, København, Danmark;;
København;Amaliegade 8;Amaliegade 8;1918;1785;Classicism;Forhus med smigfag og hertil stødende syvfags sidehus (1785 af Andreas Pfützner). Fredet 1918.*;Amaliegade 8, København, Danmark;55,6822090;12,5919780
København;Amaliegade 9 og 9 B;Den Collinske Gård;1918;1751;Classicism;Det tilbagetrukne forhus (1751-52, frontispice erstattet med nuværende kvist mellem 1768 og 1801) med tilstødende sidehus på seks fag og smedejernsgitter med sandstenspiller (ca. 1800) mod Amaliegade samt baghuset. Fredet 1918.*;Amaliegade 9 og 9 B, København, Danmark;;
København;Amalienborg;Amalienborg;1918;1760;Classicism;"De fire palæer med sidebygninger og pavilloner af Niels Eigtved m.fl. (sydlige palæ, """"Schacks palæ"""", opført 1750-56; østlige palæ, """"Brockdorffs palæ"""", opført 1750-60; nordlige palæ, """"Levetzaus palæ"""", opført 1750-60, hovedbygningens facade ændret omkring de opr. indgangsporte til vestibulen 1794; vestlige palæ, """"Moltkes palæ"""", senere """"Chr. VII's palæ"""", opført 1750-54; samtlige mellembygninger mod pladsen forhøjet med en etage omkring 1794); kolonnaden (tilbygget 1794 af C.F. Harsdorff); volieren bag """"Chr. VII's palæ"""" (1760'erne af Nicolas-Henri Jardin) samt staldbygninger mod Fredericiagade (ca. 1800). Fredet 1918.";Amalienborg, København, Danmark;55,6839601;12,5930781
København;Amalienborg Plads;Frederik V's rytterstatue;1918;1752;Classicism;Rytterstatuen (1752-71 af Jacques François Joseph Saly, opstillet 1768). Fredet 1918.;Amalienborg Plads, København, Danmark;;
København;Antonigade 9;Antonigade 9;1918;1766;Classicism;Forhuset (1766 af Hans Næss) med sidehuse og baghus. Fredet 1918. Udvidet 2009.;Antonigade 9, København, Danmark;55,6804480;12,5812690
København;Badstuestræde 10 A;Badstuestræde 10 A;1964;1798;Classicism;Forhuset (1798-99 af Ernst Burmeister). Fredet 1964.*;Badstuestræde 10 A, København, Danmark;55,6781450;12,5750520
København;Badstuestræde 12;Badstuestræde 12;1964;1799;Classicism;Forhuset (1799-1800 af Ernst Burmeister). Fredet 1964.;Badstuestræde 12, København, Danmark;55,6780610;12,5751600
København;Badstuestræde 15;Badstuestræde 15;1964;1798;Classicism;Forhuset (1798-1802 af Johan Bernhardt Schottmann og Hans Weile) med sidehuset.Fredet 1964. Fredningen udvidet i 2008 med sidehuset. *;Badstuestræde 15, København, Danmark;55,6777500;12,5759790
København;Badstuestræde 17;Badstuestræde 17;1964;1829;Classicism;Forhus og sidehus (1829-32 af Carl Petersen). Fredet 1964. Udvidet 1979.*;Badstuestræde 17, København, Danmark;55,6776890;12,5760890
København;Badstuestræde 18;Badstuestræde 18;1918;1796;Classicism;Forhuset (1796-97). Fredet 1918.*;Badstuestræde 18, København, Danmark;55,6777070;12,5756720
København;Badstuestræde 20;Badstuestræde 20;1964;1796;Classicism;Forhuset (1796-97). Fredet 1964.*;Badstuestræde 20, København, Danmark;55,6776300;12,5758920
København;Badstuestræde 7;Badstuestræde 7;1964;1796;Classicism;Forhus med sidehus (1796-98). Fredet 1964.*;Badstuestræde 7, København, Danmark;55,6781960;12,5752460
København;Badstuestræde 8;Badstuestræde 8;1964;1797;Classicism;Forhuset (1797-98), sidehuset (1797-98, ombygget 1945) og baghus (1797-98). Fredet 1964. Udvidet 1991.*;Badstuestræde 8, København, Danmark;55,6782610;12,5749070
København;Bellahøjvej 20;Bellahøj;1954;1800;Classicism;Hovedbygningen (ca. 1800). Fredet 1954.*;Bellahøjvej 20, København, Danmark;55,7018340;12,5111820
København;Bertel Thorvaldsens Plads 2 (tidl;Porthusgade 2);1945;1839;Classicism;Thorvaldsens Museum. Det firefløjede museumskompleks (1839-48 af Gottlieb Bindesbøll). Fredet 1945.;Bertel Thorvaldsens Plads 2 (tidl, København, Danmark;;
København;Boldhusgade 2, hj;af Admiralgade;1939;1795;Classicism;Boldhusgade 2. Hjørnebygningen med sidehus (1795-96). Fredet 1939.*;Boldhusgade 2, hj, København, Danmark;;
København;Boldhusgade 4;Boldhusgade 4;1959;1795;Classicism;Forhuset (1795-96, forhøjet 1851) med sidehus. Fredet 1959. Udvidet 1979.*;Boldhusgade 4, København, Danmark;55,6774910;12,5819610
København;Boldhusgade 6;Boldhusgade 6;1959;1795;Classicism;Forhuset samt de to sidehuse (1795-96, forhøjet 1833). Fredet 1959. Udvidet 1982.*;Boldhusgade 6, København, Danmark;55,6774540;12,5818900
København;Bredgade 26;Lindencrones Palæ;1983;1751;Classicism;Forhuset (1751 af Niels Eigtved). Fredet 1983.*;Bredgade 26, København, Danmark;55,6826010;12,5890300
København;Bredgade 28;Odd Fellow Palæet, Berckentins Palæ;1918;1751;Classicism;"Det gamle palæs hovedbygning (1751-55 af Niels Eigtved og Gottfried Rosenberg), de to sidebygninger og de hermed sammenbyggede to pavillonbygninger, gitter og portparti, den brolagte gårdsplads samt hovedbygningens tilbygning indeholdende den """"Lille Koncertsal"""" (1889 af Johan Schrøder og Georg Wittrock). Fredet 1918. Udvidet 1990. Ændr. 1993.*";Bredgade 28, København, Danmark;55,6828800;12,5898650
København;Bredgade 34 A;Den Kgl;1951;1754;Classicism;Silkemanufaktur (tidl.). Forhuset (1754, formentlig af Niels Eigtved). Fredet 1951.*;Bredgade 34 A, København, Danmark;55,6835870;12,5899690
København;Bredgade 38;Bredgade 38;1932;1801;Classicism;Alle på grunden stående bygninger samt hegnsmur mod nr. 36 (1801 af Andreas Hallander). Fredet 1932.;Bredgade 38, København, Danmark;55,6839180;12,5901260
København;Bredgade 40-42, hj;af Frederiksgade;1918;1752;Classicism;Bernstorffs Palæ. Hovedbygning mod Bredgade samt sidebygning og mur mod Frederiksgade (1752-56 af Gottfried Rosenberg efter Niels Eigtveds fortegning). Fredet 1918. Udvidet 1951*;Bredgade 40-42, hj, København, Danmark;;
København;Bredgade 54;Dehns Palæ;1951;1752;Classicism;"Forhuset (1752-55 af Gottfried Rosenberg efter Niels Eigtveds fortegning); se også Frederiksgade 17. Fredet 1951.*";Bredgade 54, København, Danmark;55,6850840;12,5911080
København;Bredgade 60, hj;af Fredericiagade;1918;1755;Classicism;Titkens Gård. Hjørnehuset (1755-56), forhuset Fredericiagade 18 (1835). Fredet 1918.;Bredgade 60, hj, København, Danmark;;
København;Bredgade 62;Kirurgisk Akademi;1918;1785;Classicism;Forhuset med sideporte (1785-87 af Peter Meyn). Fredet 1918.;Bredgade 62, København, Danmark;55,6859640;12,5918240
København;Bredgade 64;Sankt Ansgars Kirke;1973;1841;Classicism;Kirkebygningen med tilstødende præsteboliger samt gitteret mod Bredgade (1841-42 af G.F. Hetsch). Fredet 1973.*;Bredgade 64, København, Danmark;55,6861850;12,5920530
København;Bredgade 66;Søndre Pavillon (Bredgade);1918;1755;Classicism;Pavillonbygningen samt mure og gitter i tilslutning til denne (1755-57 af Lauritz de Thurah), hegnsmuren i det sydlige skel samt den omgivende brolægning. Fredet 1918. Udvidet 1986.*;Bredgade 66, København, Danmark;55,6864570;12,5922310
København;Bredgade 68 og Amaliegade 29;Frederiks Hospital, Kunstindustrimuseet;1918;1752;Classicism;Det firefløjede hospitalskompleks, gitre mod Bredgade, mure mellem hospitalsbygningen og de fire pavilloner (1752-57 af Niels Eigtved), mur og gitter langs sydskel, den omgivende brolægning samt den indre have kaldet Grønnegården (1923-24 af G.N. Brandt). Fredet 1918. Udvidet 1986* og 2007.;Bredgade 68 og Amaliegade 29, København, Danmark;;
København;Bredgade 70-72;Nordre Pavillon ved Kunstindustrimuseet (Bredgade);1965;1755;Classicism;Pavillonbygningen samt gitteret og murene i tilslutning til denne (1755-57 af Lauritz de Thurah), hegnsmuren mod Bredgade, hegnsmur i nordskel samt den omgivende brolægning. Fredet 1965. Udvidet 1986.;Bredgade 70-72, København, Danmark;55,6826320;12,5888339
København;Bremerholm 39, Holmens Kanal 18;Skipperforeningen;1918;1796;Classicism;Forhus mod Holmens Kanal og Bremerholm (1796). Fredet 1918.*;Bremerholm 39, Holmens Kanal 18, København, Danmark;;
København;Brolæggerstræde 1, hj;af Badstuestræde;1950;1797;Classicism;Brolæggerstræde 1. Hjørnebygningen (1797 af C.F. Hollander). Fredet 1950.*;Brolæggerstræde 1, hj, København, Danmark;;
København;Brolæggerstræde 11;Brolæggerstræde 11;1950;1795;Classicism;Forhuset og dermed sammenbygget sidehus på syv fag mod matr.nr. 74 (1795-97). Fredet 1950.*;Brolæggerstræde 11, København, Danmark;55,6774320;12,5744430
København;Brolæggerstræde 12;Brolæggerstræde 12;1950;1796;Classicism;Forhuset (1796). Fredet 1950.*;Brolæggerstræde 12, København, Danmark;55,6775820;12,5744170
København;Brolæggerstræde 2, hj;af Badstuestræde;1939;1797;Classicism;Brolæggerstræde 2. Hjørnebygningen (1797). Fredet 1939.;Brolæggerstræde 2, hj, København, Danmark;;
København;Brolæggerstræde 3;Brolæggerstræde 3;1979;1796;Classicism;Forhuset (1796 af L.L. Thrane). Fredet 1979.*;Brolæggerstræde 3, København, Danmark;55,6777720;12,5751790
København;Brolæggerstræde 4;Brolæggerstræde 4;1971;1796;Classicism;Forhus med sidehus (1796-97 af A.C. Wilcken) og baghus. Fredet 1971.*;Brolæggerstræde 4, København, Danmark;55,6778930;12,5750970
København;Brolæggerstræde 5 og Knabrostræde 11-13;Brolæggerstræde 5 og Knabrostræde 11-13;1945;1796;Classicism;Forhus mod Brolæggerstræde med sidehus, bryggeribygningen i gårdens østhjørne samt forhusene Knabrostræde 11-13 (Brolæggerstræde 5 fra 1796-97, Knabrostræde 11-13 med pakhuset mod gaden fra 1796-99). Fredet 1945. *;Brolæggerstræde 5 og Knabrostræde 11-13, København, Danmark;;
København;Brolæggerstræde 6;Brolæggerstræde 6;1950;1797;Classicism;Forhuset og dermed sammenbygget sidehus på fire fag mod mnr. 78 (1797-98). Fredet 1950.*;Brolæggerstræde 6, København, Danmark;55,6778310;12,5749430
København;Brolæggerstræde 8, hj;af Knabrostræde;1950;1796;Classicism;Brolæggerstræde 8. Hjørnebygningen (1796-97 af Christian Martens). Fredet 1950.*;Brolæggerstræde 8, hj, København, Danmark;;
København;Brolæggerstræde 9 og Knabrostræde 16;Gyldenfeldts Gård;1945;1796;Classicism;Hjørnebygningen, forhuset mod Knabrostræde og det dermed sammenbyggede pakhus (1796-98). Fredet 1945.*;Brolæggerstræde 9 og Knabrostræde 16, København, Danmark;;
København;Dronningens Tværgade 10;Dronningens Tværgade 10;1983;1802;Classicism;Forhus med sidehus (1802). Fredet 1983.*;Dronningens Tværgade 10, København, Danmark;55,6835520;12,5877910
København;Dronningens Tværgade 5;Dronningens Tværgade 5;1951;1793;Classicism;Forhuset og det dermed sammenbyggede sidehus af samme højde som forhuset (1793-94 af H.C. Ondrup), det bageste sidehus, det fritliggende baghus (ca. 1850), brolægningen og porten i gården. Fredet 1951. Udvidet 1989.*;Dronningens Tværgade 5, København, Danmark;55,6832720;12,5880050
København;Dronningens Tværgade 56;Dronningens Tværgade 56;1950;1806;Classicism;Forhus og dermed sammenbygget sidehus (1806-07 af Thomas Blom). Fredet 1950.*;Dronningens Tværgade 56, København, Danmark;55,6847800;12,5832970
København;Dronningens Tværgade 57;Dronningens Tværgade 57;1971;1802;Classicism;Forhuset (1802-03 af Thomas Blom). Fredet 1971.*;Dronningens Tværgade 57, København, Danmark;55,6846120;12,5831330
København;Dronningens Tværgade 58;Dronningens Tværgade 58;1950;1808;Classicism;Forhus og dermed sammenbygget sidehus samt enetages vognport (1808 af Thomas Blom). Fredet 1950.*;Dronningens Tværgade 58, København, Danmark;55,6848350;12,5831070
København;Dronningens Tværgade 59;Dronningens Tværgade 59;1950;1803;Classicism;Forhuset (1803-04 af Thomas Blom). Fredet 1950.*;Dronningens Tværgade 59, København, Danmark;55,6846600;12,5829870
København;Dronningens Tværgade 61;Dronningens Tværgade 61;1950;1804;Classicism;Forhuset (1804-05 af Thomas Blom). Fredet 1950. *;Dronningens Tværgade 61, København, Danmark;55,6847000;12,5828600
København;Dronningens Tværgade 7, 7A og 7B;Dronningens Tværgade 7 og 7 A-B;1999;1800;Classicism;Forhuset med sidehus (murermester H.C. Ondrup og A. Giedde, 1794), mellemhuset (1800), baghuset med sidehus (1879) samt de tre brostensbelagte gårdrum. Fredet 1999.*;Dronningens Tværgade 7, 7A og 7B, København, Danmark;;
København;Dronningensgade 11;Dronningensgade 11;1972;1788;Classicism;Forhuset (ca. 1788). Fredet 1972.*;Dronningensgade 11, København, Danmark;55,6706380;12,5895300
København;Dronningensgade 13;Dronningensgade 13;1964;1775;Classicism;Forhuset (ca. 1775 over ældre kælder, forhøjet med første etage 1844). Fredet 1964.*;Dronningensgade 13, København, Danmark;55,6706820;12,5896190
København;Dronningensgade 15;Dronningensgade 15;1964;1775;Classicism;Forhuset (1775-76). Fredet 1964.*;Dronningensgade 15, København, Danmark;55,6707310;12,5897070
København;Dronningensgade 21;Dronningensgade 21;1964;1757;Classicism;Forhuset (1757). Fredet 1964.*;Dronningensgade 21, København, Danmark;55,6708810;12,5899480
København;Dybensgade 21;Dybensgade 21;1979;1800;Classicism;Forhus med sidehus (1800). Fredet 1979.*;Dybensgade 21, København, Danmark;55,6777940;12,5823550
København;Dybensgade 22;Dybensgade 22;1945;1797;Classicism;Forhuset (1797 af Jens Dahl). Fredet 1945.*;Dybensgade 22, København, Danmark;55,6779410;12,5823770
København;Dybensgade 24;Dybensgade 24;1945;1796;Classicism;Forhus med sidehus (1796 af Jens Dahl). Fredet 1945.*;Dybensgade 24, København, Danmark;55,6778980;12,5822240
København;Dyrkøb 3 og Skindergade 36;N.J;1945;1813;Classicism;"Frænckels Alderdomshjem. De to forhuse og det mellemliggende sidehus (Dyrkøb 3 fra 1813-14, forhøjet med tre etager 1850-51; Skindergade 36 fra 1813, begge af Jens Hansen). Fredet 1945.*";Dyrkøb 3 og Skindergade 36, København, Danmark;;
København;Esplanaden 6;Esplanaden 6;1918;1800;Classicism;Vestre forhus (ca. 1800, rimeligvis af Andreas Kirkerup). Fredet 1918. *;Esplanaden 6, København, Danmark;55,6872770;12,5909390
København;Fabriksområdet 56;Den grønne Hal, Christiania;2007;1847;Classicism;Den grønne Hal (1847, opført som ridehus til Bådsmandsstrædes Kaserne). Fredet 2007.*;Fabriksområdet 56, København, Danmark;55,6728470;12,6009810
København;Fiolstræde 11;Fiolstræde 11;1945;1827;Classicism;"Forhuset (1827-28 af P.M. Quist) samt ""løvhytte""-skuret i gården. F. 1945.*";Fiolstræde 11, København, Danmark;55,6814010;12,5724020
København;Fiolstræde 12-14;Fiolstræde 12-14;1951;1838;Classicism;Forhuset (1838-39 af Mads Holm). Fredet 1951.*;Fiolstræde 12-14, København, Danmark;55,6817072;12,5723268
København;Fiolstræde 13;Fiolstræde 13;1945;1830;Classicism;Forhus med sidehus (1830-31 af F.C. Balsløw). Fredet 1945.*;Fiolstræde 13, København, Danmark;55,6814870;12,5723450
København;Fiolstræde 15;Fiolstræde 15;1973;1833;Classicism;Forhuset (1833-34). Fredet 1973.*;Fiolstræde 15, København, Danmark;55,6815910;12,5722650
København;Fiolstræde 19;Fiolstræde 19;1951;1836;Classicism;Forhus med sidehus (1836 af Thomas Blom). Fredet 1951.*;Fiolstræde 19, København, Danmark;55,6817750;12,5721140
København;Fiolstræde 20 og Krystalgade 16;Fiolstræde 20 og Krystalgade 16;1951;1810;Classicism;Hjørnebygningen ved Krystalgade samt det femfags forhus Krystalgade 16 (1810-11). Fredet 1951. *;Fiolstræde 20 og Krystalgade 16, København, Danmark;;
København;Fiolstræde 21;Fiolstræde 21;1951;1835;Classicism;Forhus med sidehus (1835-36 af Thomas Blom). Fredet 1951.*;Fiolstræde 21, København, Danmark;55,6818600;12,5720590
København;Fiolstræde 23;Fiolstræde 23;1945;1834;Classicism;Forhus med sidehus (1834-35 af Thomas Blom). Fredet 1945.*;Fiolstræde 23, København, Danmark;55,6819130;12,5720200
København;Fiolstræde 25 og 27;Fiolstræde 25-27;1945;1814;Classicism;Forhuset nr. 25 (1814-15). Fredet 1945.* Forhuset nr. 27 (1811-13). Fredet 1951.*;Fiolstræde 25 og 27, København, Danmark;55,6820220;12,5719600
København;Fiolstræde 26;Fiolstræde 26;1945;1808;Classicism;Forhuset (1808-09 af C.I. Schmidt). Fredet 1945.*;Fiolstræde 26, København, Danmark;55,6813470;12,5727130
København;Fiolstræde 28;Fiolstræde 28;1945;1812;Classicism;Forhus (1812-14) med side- og baghus (1851). Fredet 1945. Udviddet 1976.;Fiolstræde 28, København, Danmark;55,6814770;12,5726220
København;Fiolstræde 29;Fiolstræde 29;1951;1810;Classicism;Forhuset (1810 af J.C. Wahl). Fredet 1951.*;Fiolstræde 29, København, Danmark;55,6822000;12,5718650
København;Fiolstræde 30 og 32;Fiolstræde 30-32;1951;1823;Classicism;"Nr. 30: forhuset (1823, forhøjet med tre etager 1848)*; nr. 32: forhuset og de to sidehuse nærmest dette op mod mnr. 179 (forhuset 1832, sidehusene 1809). Fredet 1951.*";Fiolstræde 30 og 32, København, Danmark;55,6815720;12,5725500
København;Fiolstræde 34 og 36;Fiolstræde 34-36;1951;1810;Classicism;Forhuset nr. 34 (1810-11 af Poul Egeroed). Forhuset nr. 36 og det dertil tilhørende sidehus med samme gesimshøjde (1812 af Poul Egeroed).Fredet 1951.*;Fiolstræde 34 og 36, København, Danmark;55,6818010;12,5723670
København;Fiolstræde 38;Fiolstræde 38;1945;1827;Classicism;Forhuset (1827). Fredet 1945.*;Fiolstræde 38, København, Danmark;55,6820400;12,5722030
København;Fiolstræde 4-6, hj;af Store Kannikestræde;1918;1811;Classicism;Metropolitanskolen (tidl.). Hovedbygningen, tidl. gymnastiksal og mure mod gaderne (1811-16 af C.F. Hansen). Fredet 1918.;Fiolstræde 4-6, hj, København, Danmark;;
København;Fiolstræde 40-42, hj;af Rosengården;1945;1828;Classicism;Fiolstræde 40-42. Fiolstræde 40: forhus (1828), Fiolstræde 42: hjørnehus (1827) samt mellembygning (1973). Fredet 1945.;Fiolstræde 40-42, hj, København, Danmark;;
København;Fiolstræde 7;Fiolstræde 7;1951;1819;Classicism;Forhuset (1819). Fredet 1951.*;Fiolstræde 7, København, Danmark;55,6811940;12,5725390
København;Fiolstræde 8, hj;af Store Kannikestræde;1939;1840;Classicism;Stiftsprovstboligen. Hjørnebygningen (ca. 1840-41) og muren mod Fiolstræde. Fredet 1939.;Fiolstræde 8, hj, København, Danmark;;
København;Fiolstræde 9;Fiolstræde 9;1951;1829;Classicism;Forhuset (1829 af F.C. Balsløw). Fredet 1951.*;Fiolstræde 9, København, Danmark;55,6813060;12,5724600
København;Fortunstræde 1, hj;af Admiralgade;1945;1797;Classicism;Fortunstræde 1. Hjørnebygningen med to sammenbyggede sidehuse (1797-98 af Johan Christopher Suhr, mansardtaget nyt). Fredet 1945.*;Fortunstræde 1, hj, København, Danmark;;
København;Fredericiagade 21, hj;af Bredgade;1939;1835;Classicism;Hansens Palæ. Forhuset (1835 af Jørgen Hansen Koch). Fredet 1939.*;Fredericiagade 21, hj, København, Danmark;;
København;Frederiksgade 17, hj;af Bredgade;1939;1752;Classicism;Dehns Palæ, del af. Palæets hjørnepavillon og mellembygning (1752-55 af Gottfried Rosenberg efter fortegning af Niels Eigtved). Fredet 1939.*;Frederiksgade 17, hj, København, Danmark;;
København;Frederiksgade 18 A;Dronningens Ridehus;1959;1800;Classicism;Ridehuset (1800, muligvis Boye Magens). Fredet 1959.;Frederiksgade 18 A, København, Danmark;55,6851776;12,5888126
København;Frederiksholms Kanal 26-28 og Vester Voldgade 119;Hestgardekasernen og Materialgården;1918;1792;Classicism;"Den tidl. hestgardekaserne (1792 af Andreas Kirkerup, brændt og genopført 1798); Materialgårdens lange bygning mod kanalen (opført 1771 af G.D. Anthon) og bygningerne langs skellet til mnr. 246. Fredet 1918.";Frederiksholms Kanal 26-28 og Vester Voldgade 119, København, Danmark;;
København;Frederiksholms Kanal 30 og Bryghusgade 2;Fæstningens Materialgård;1952;1768;Classicism;Forhuset mod kanalen (materialforvalterboligen 1740, ombygget 1940) med sammenhængende sidehuse og fløjene mod Bryghusgade (1768, udvidet 1818) og Vester Voldgade (magasinet 1748) og mure og porte mod gaderne. Fredet 1952. Fredningen udvidet 2007 med gårdrummet.;Frederiksholms Kanal 30 og Bryghusgade 2, København, Danmark;;
København;Frue Plads og Fiolstræde 1;Københavns Universitet;1932;1831;Classicism;Hovedbygningen (1831-36 af Peder Malling), Konsistoriebygningen (ca. 1420) og Universitetsbiblioteket (1857-61 af J.D. Herholdt). Fredet 1932. Udvidet 1950.;Frue Plads og Fiolstræde 1, København, Danmark;;
København;Gammel Strand 36;Gammel Strand 36;1945;1800;Classicism;Forhus, sidehus og dermed sammenbygget baghus (1800-01 af Johan Christopher Suhr). Fredet 1945.*;Gammel Strand 36, København, Danmark;55,6777890;12,5786460
København;Gammel Strand 38;Gammel Strand 38;1945;1798;Classicism;Forhus og hele det med dette sammenbyggede sidehus (1798-99). Fredet 1945. Udvidet 1990.*;Gammel Strand 38, København, Danmark;55,6777670;12,5785370
København;Gammel Strand 40 og Læderstræde 9;Gammel Strand 40 og Læderstræde 9;1945;1799;Classicism;Forhus mod Gammel Strand med sidehus (1799-1801) og forhus mod Læderstræde (1830). Fredet 1945.*;Gammel Strand 40 og Læderstræde 9, København, Danmark;;
København;Gammel Strand 42;Gammel Strand 42;1945;1799;Classicism;Forhuset med sidehus samt baghus (1799-1800 af Christopher Chrane). Fredet 1945.*;Gammel Strand 42, København, Danmark;55,6777110;12,5782440
København;Gammel Strand 44;Gammel Strand 44;1945;1797;Classicism;Forhuset med de to sidehuse samt baghus (1797 af F.C.G. Koop, fjerde etage forhøjet 1855, kvisten fra 1930). Fredet 1945.*;Gammel Strand 44, København, Danmark;55,6776600;12,5780520
København;Gammel Strand 48 og Læderstræde 15;Gammel Strand 48 og Læderstræde 15;1918;1750;Classicism;"Forhuset med sidehus mod nord samt forhus mod Læderstræde med sidehus mod syd (Gammel Strand 48 fra 1750-51 af Philip de Lange, efter brand 1795 ombygget 1796-97, kvisten fra 1930; Læderstræde 15 fra 1796 af J.C. Taubert). Fredet 1918.*";Gammel Strand 48 og Læderstræde 15, København, Danmark;;
København;Gammel Strand 50;Gammel Strand 50;1918;1796;Classicism;Forhuset med sidehuse og baghus (1796-97, forhøjet med en etage 1853). Fredet 1918. Udvidet 1985.*;Gammel Strand 50, København, Danmark;55,6775060;12,5774760
København;Gammel Strand 52, hj;af Naboløs;1945;1797;Classicism;Gammel Strand 52. Hjørnebygningen (1797-98 af H.C. Ondrup). Fredet 1945.*;Gammel Strand 52, hj, København, Danmark;;
København;Gammeltorv 14;Gammeltorv 14;1926;1798;Classicism;Forhus med side- og baghus (1798). Fredet 1926.*;Gammeltorv 14, København, Danmark;55,6783350;12,5717640
København;Gammeltorv 18;Gammeltorv 18;1918;1796;Classicism;Forhus med sidehus samt det nordvestre baghus på fem fag (1796-97). Fredet 1918.*;Gammeltorv 18, København, Danmark;55,6782260;12,5714590
København;Gammeltorv 22;Den Suhrske Gård;1918;1796;Classicism;Forhus med sidehus samt baghus af røde sten mod gården (1796-97). Fredet 1918.*;Gammeltorv 22, København, Danmark;55,6779770;12,5716420
København;Georg Brandes Plads 2-8 og Sølvgade 40;Sølvgades Kaserne;1918;1765;Classicism;Det firefløjede anlæg med port og to portbygninger samt port og mur ved mnr. 420b. (1765-71 af Nicolas-Henri Jardin). Fredet 1918.;Georg Brandes Plads 2-8 og Sølvgade 40, København, Danmark;;
København;Gothersgade 35;Gothersgade 35;1964;1800;Classicism;Forhuset (1800-01). Fredet 1964.;Gothersgade 35, København, Danmark;55,6821820;12,5821560
København;Gothersgade 56;Gothersgade 56;1918;1801;Classicism;Forhuset (1801-02). Fredet 1918.*;Gothersgade 56, København, Danmark;55,6826430;12,5812240
København;Gothersgade 8 og 8 D;Baron Boltens Gård;1918;1755;Classicism;Forhus med sidehus og dermed sammenbygget baghus (alle 1771) samt det bag dette liggende bindingsværkspakhus (1755). Fredet 1918.*;Gothersgade 8 og 8 D, København, Danmark;;
København;Gråbrødretorv 11 og Valkendorfsgade 20;Gråbrødretorv 11;1932;1730;Baroque and rococo;Hjørnehus mod Gråbrødretorv og sidehus (opf. 1730-31, forhøjet med en etage 1843-44) med tilbygning samt forhus mod Valkendorfsgade (1844) med side- og baghus (1747). Fredet 1932.*;Gråbrødretorv 11 og Valkendorfsgade 20, København, Danmark;;
København;Gråbrødretorv 12;Gråbrødretorv 12;1945;1813;Classicism;"Forhus (1813 af H.O. Blom; forhøjet 1816 af samme) med sidehus (1815). Fredet 1945.*";Gråbrødretorv 12, København, Danmark;55,6798860;12,5753060
København;Gråbrødretorv 14;Gråbrødretorv 14;1945;1828;Classicism;Forhus med side- og baghus (1828). Fredet 1945.*;Gråbrødretorv 14, København, Danmark;55,6797950;12,5753680
København;Gråbrødretorv 16 og Gråbrødrestræde 18;Gråbrødretorv 16 og Gråbrødrestræde 18;1932;1819;Classicism;"Hjørnebygning med sidehus (Gråbrødretorv 16: 1819-21 af Johan Didrich Backhausen; Gråbrødrestræde 18: 1825). Fredet 1932.*";Gråbrødretorv 16 og Gråbrødrestræde 18, København, Danmark;;
København;Gråbrødretorv 2 og Løvstræde 14;Gråbrødretorv 2 og Løvstræde 14;1950;1832;Classicism;Forhuset mod torvet (hus fra ca. 1730, hvis kvist ombyggedes til en fuld fjerde etage i 1832) og sidehus langs Løvstræde (1832). Fredet 1950.*;Gråbrødretorv 2 og Løvstræde 14, København, Danmark;;
København;Gråbrødretorv 4;Gråbrødretorv 4;1918;1765;Classicism;Forhuset (1765) med side- og baghus. Fredet 1918.*;Gråbrødretorv 4, København, Danmark;55,6801730;12,5763260
København;Grønnegade 12 og 14;Grønnegade 12 og 14;1964;1753;Classicism;Nr. 12: Forhuset mod Grønnegade, forhuset mod Pistolstræde samt det mellemliggende trappehus med svaler (1753). Nr. 14: Forhuset (1752) samt de med dette sammenbyggede to sidehuse. Nr. 12: Fredet 1964. Udvidet 1978.* Nr. 14: Fredet 1964. Udvidet 1979.*;Grønnegade 12 og 14, København, Danmark;55,6809230;12,5824600
København;Grønnegade 16;Grønnegade 16;1964;1756;Classicism;"Forhus mod Grønnegade (1756, forhøjet med en etage 1833), sidehus samt forhus til Pistolstræde (før 1734, forhøjet med en etage ca. 1750; underetagen grundmuret 1833). Fredet 1964. Udvidet 1971.*";Grønnegade 16, København, Danmark;55,6809810;12,5826250
København;Grønnegade 31;Grønnegade 31;1978;1754;Classicism;Forhus (1754, forhøjet ca. 1850) med sidehus og baghus. Fredet 1978. Udvidet 1979.*;Grønnegade 31, København, Danmark;55,6813950;12,5831280
København;Hauser Plads 12;Hauser Plads 12;1945;1836;Classicism;Forhuset (1836). Fredet 1945.*;Hauser Plads 12, København, Danmark;55,6824060;12,5757760
København;Hauser Plads 14, hj;af Suhmsgade;1945;1835;Classicism;Hauser Plads 14. Hjørnehuset (1835 af Mads Holm). Fredet 1945.*;Hauser Plads 14, hj, København, Danmark;;
København;Hauser Plads 16;Hauser Plads 16;1945;1831;Classicism;Forhuset (1831). Fredet 1945.*;Hauser Plads 16, København, Danmark;55,6827660;12,5760840
København;Hauser Plads 18;Hauser Plads 18;1945;1838;Classicism;Forhuset (1838-39). Fredet 1945.*;Hauser Plads 18, København, Danmark;55,6829410;12,5760730
København;Hausergade 36, hj;Sankt Gertruds Stræde;1950;1824;Classicism;Hausergade 36. Hjørnehuset (1824-25). Fredet 1950.*;Hausergade 36, hj, København, Danmark;;
København;Hestemøllestræde 3;Hestemøllestræde 3;1964;1796;Classicism;Forhus og dermed sammenbygget sidehus mod arrestbygningen (1796, forhøjet med en etage 1832). Fredet 1964.*;Hestemøllestræde 3, København, Danmark;55,6764860;12,5730340
København;Holmens Kanal 10-12;Peschiers Gård;1918;1795;Classicism;Forhusene (1795 af C.F. Harsdorff, forhøjet og ombygget 1850 af G.F. Hetsch). Fredet 1918.*;Holmens Kanal 10-12, København, Danmark;55,6782420;12,5860553
København;Holmens Kanal 2, hj;af Laksegade;1918;1797;Classicism;Erichsens Palæ. Den vinkelformede palæbygning med hovedfacade mod Kongens Nytorv og ni fag mod Holmens Kanal (1797-99 af C.F. Harsdorff). Fredet 1918.*;Holmens Kanal 2, hj, København, Danmark;;
København;Hyskenstræde 14;Hyskenstræde 14;1977;1798;Classicism;Forhuset (1798 af Mathias Casse). Fredet 1977.*;Hyskenstræde 14, København, Danmark;55,6779880;12,5766050
København;Hyskenstræde 16;Hyskenstræde 16;1964;1797;Classicism;Forhuset (1797 af L.L. Thrane). Fredet 1964.*;Hyskenstræde 16, København, Danmark;55,6779320;12,5766740
København;Hyskenstræde 7;Hyskenstræde 7;1964;1800;Classicism;Forhuset med smigfag og sidehus (1800). Fredet 1964.*;Hyskenstræde 7, København, Danmark;55,6780360;12,5767820
København;Hyskenstræde 9;Hyskenstræde 9;1964;1798;Classicism;Forhuset (1798-99, totalt ombygget på nær gadefacaden 1834). Fredet 1964.*;Hyskenstræde 9, København, Danmark;55,6779660;12,5768620
København;Højbro Plads 13 og Lille Kirkestræde 5;Højbro Plads 13 og Lille Kirkestræde 5;1950;1796;Classicism;Forhus og dermed sammenbygget sidehus på et fag (1796). Fredet 1950.*;Højbro Plads 13 og Lille Kirkestræde 5, København, Danmark;;
København;Højbro Plads 15;Højbro Plads 15;1950;1797;Classicism;Forhus og dermed sammenbygget sidehus (1797). Fredet 1950.*;Højbro Plads 15, København, Danmark;55,6782560;12,5803110
København;Højbro Plads 17;Højbro Plads 17;1924;1797;Classicism;Forhus med sidehus (1797-98). Fredet 1924.*;Højbro Plads 17, København, Danmark;55,6781800;12,5803310
København;Højbro Plads 19;Højbro Plads 19;1924;1798;Classicism;Forhus med sidehus (1798-99 af Andreas Hallander). Fredet 1924.*;Højbro Plads 19, København, Danmark;55,6780910;12,5803600
København;Højbro Plads 21, 21A, 21B, hj;af Ved Stranden 20;1918;1798;Classicism;Plougs Gaard. Forhuset* og det tidl. pakhus (1798-99 af Andreas Hallander), sidehuset* (slutningen af 1800-tallet) samt det brolagte gårdrum. Fredet 1918. Udvidet 2002.;Højbro Plads 21, 21A, 21B, hj, København, Danmark;;
København;Højbro Plads 6;Højbro Plads 6;1918;1804;Classicism;Forhuset (1804-06 af N. Kurtzhals). Fredet 1918.*;Højbro Plads 6, København, Danmark;55,6782390;12,5794700
København;Højbro Plads 9-11 og Lille Kirkestræde 6-8;Højbro Plads 9-11 og Lille Kirkestræde 6-8;1918;1796;Classicism;Alle på grunden stående bygninger samt muren mod Lille Kirkestræde (1796-99). Fredet 1918.*;Højbro Plads 9-11 og Lille Kirkestræde 6-8, København, Danmark;;
København;Kapelvej 2 og Nørrebrogade 56;Assistens Kirkegård;2003;1760;Classicism;Kirkegårdsmurene mod Kapelvej (1760 og 1881), Nørrebrogade (1760 og 1806), Nørrebros Runddel (1806) og Jagtvej (1881) med de dertil hørende gitre, gitterlåger og porte samt murene mellem kirkegårdens afdelinger, dog undtaget de gravmonumenter, der er fastgjort til murene. Fredet 2003.;Kapelvej 2 og Nørrebrogade 56, København, Danmark;;
København;Kattesundet 10-10 A;Kattesundet 10-10 A;1987;1795;Classicism;Forhuset med sidehuset (1795-1800). Fredet 1987. Udvidet 1991.*;Kattesundet 10-10 A, København, Danmark;55,6774499;12,5707094
København;Kattesundet 12;Kattesundet 12;1964;1797;Classicism;Forhuset (1797-99). Fredet 1964.*;Kattesundet 12, København, Danmark;55,6769610;12,5716350
København;Kattesundet 14;Kattesundet 14;1964;1799;Classicism;Forhus og dermed sammenbygget sidehus (1799-1801). Fredet 1964.;Kattesundet 14, København, Danmark;55,6768870;12,5718040
København;Kattesundet 16;Kattesundet 16;1964;1828;Classicism;Forhuset (1828). Fredet 1964.*;Kattesundet 16, København, Danmark;55,6768310;12,5719220
København;Kattesundet 18, hj;af Lavendelstræde;1964;1802;Classicism;Kattesundet 18. Forhuset (1802 af Christian Martens). Fredet 1964.*;Kattesundet 18, hj, København, Danmark;;
København;Klerkegade 25 A-F;Den Wintherfeldtske Stiftelse;1978;1837;Classicism;Det nittenfags forhus (de 13 østlige fag: 1837, de seks vestlige: 1846-47). Fredet 1978.*;Klerkegade 25 A-F, København, Danmark;55,6863526;12,5855494
København;Klerkegade 25 G-H;Den Treschowske Stiftelse;1978;1847;Classicism;Den fire etagers bygning (1847) i gården bag Den Wintherfeldtske Stiftelse. Fredet 1978.*;Klerkegade 25 G-H, København, Danmark;;
København;Klosterstræde 21;Klosterstræde 21;1950;1817;Classicism;Forhuset (1817). Fredet 1950.*;Klosterstræde 21, København, Danmark;55,6792760;12,5750540
København;Klosterstræde 22, hj;af Gråbrødrestræde;1964;1828;Classicism;Klosterstræde 22. Hjørnebygningen (1828 af Johan Didrich Backhausen). Fredet 1964.;Klosterstræde 22, hj, København, Danmark;;
København;Klosterstræde 23;Klosterstræde 23;1950;1811;Classicism;Forhuset (1811-12), baghuset og de to sidehuse (1808-09). Fredet 1950.*;Klosterstræde 23, København, Danmark;55,6793700;12,5748980
København;Klosterstræde 24, hj;af Skindergade;1964;1821;Classicism;Klosterstræde 24. Hjørnebygningen (1821, udvidet med tre fag i Klosterstræde 1827, forhøjet med tre etager 1833). Fredet 1964.*;Klosterstræde 24, hj, København, Danmark;;
København;Knabrostræde 14, hj;af Brolæggerstræde;1950;1799;Classicism;Knabrostræde 14. Hjørnebygningen (1799-1801). Fredet 1950.*;Knabrostræde 14, hj, København, Danmark;;
København;Knabrostræde 15;Knabrostræde 15;1945;1797;Classicism;Forhuset (1797-99 af H.C. Ondrup, fuldført 1804 af Andreas Hallander). Fredet 1945.*;Knabrostræde 15, København, Danmark;55,6773500;12,5752500
København;Knabrostræde 19 og Kompagnistræde 19;Knabrostræde 19 og Kompagnistræde 19;1945;1797;Classicism;Hjørnebygningen (1797-98 af Johan Martin Quist). Fredet 1945.;Knabrostræde 19 og Kompagnistræde 19, København, Danmark;;
København;Knabrostræde 25, hj;af Snaregade;1945;1838;Classicism;Knabrostræde 25. Hjørnebygningen med sidehus (1838). Fredet 1945.*;Knabrostræde 25, hj, København, Danmark;;
København;Knabrostræde 26;Soli Deo Gloria;1945;1783;Classicism;Forhuset (1783) med side- og baghus (1728-45, senere ombygget, gården overdækket i 1850'erne). Fredet 1945.*;Knabrostræde 26, København, Danmark;55,6767910;12,5758000
København;Knabrostræde 3;Knabrostræde 3;1950;1797;Classicism;Forhus og dermed sammenbygget sidehus på et fag (1797, fuldstændig ombygget 1826, forhusets facade fra 1856). Fredet 1950.*;Knabrostræde 3, København, Danmark;55,6780120;12,5744450
København;Knabrostræde 5;Knabrostræde 5;1986;1798;Classicism;Forhuset (1798-1800). Fredet 1986.*;Knabrostræde 5, København, Danmark;55,6778240;12,5746130
København;Knabrostræde 9, hj;af Brolæggerstræde;1945;1799;Classicism;Knabrostræde 9. Hjørnebygningen (1799-1800 af Ernst Burmeister). Fredet 1945. *;Knabrostræde 9, hj, København, Danmark;;
København;Kompagnistræde 10, hj;af Badstuestræde;1939;1795;Classicism;Kompagnistræde 10. Hjørnebygningen med sidehus (1795-96). Fredet 1939.*;Kompagnistræde 10, hj, København, Danmark;;
København;Kompagnistræde 11;Kompagnistræde 11;1945;1797;Classicism;Forhuset med sidehus (1797-98, forh. 1847). Fredet 1945.*;Kompagnistræde 11, København, Danmark;55,6773720;12,5761490
København;Kompagnistræde 12;Kompagnistræde 12;1964;1797;Classicism;Forhuset (1797-98 af Hans Weile). Fredet 1964.;Kompagnistræde 12, København, Danmark;55,6774320;12,5759140
København;Kompagnistræde 14;Kompagnistræde 14;1939;1797;Classicism;Forhus med trappehus (1797-98 af Michael Bälckow) samt baghus med trappehus. Fredet 1939.*;Kompagnistræde 14, København, Danmark;55,6773430;12,5757140
København;Kompagnistræde 16;Kompagnistræde 16;1939;1798;Classicism;Forhus (1798) og baghus. Fredet 1939.*;Kompagnistræde 16, København, Danmark;55,6772690;12,5755770
København;Kompagnistræde 17;Kompagnistræde 17;1945;1798;Classicism;Forhuset (1798 af Michael Bälckow). Fredet 1945.;Kompagnistræde 17, København, Danmark;55,6771690;12,5757360
København;Kompagnistræde 18, hj;af Knabrostræde;1984;1797;Classicism;Kompagnistræde 18. Hjørnebygningen (1797 af Andreas Hallander). F. 1984.*;Kompagnistræde 18, hj, København, Danmark;;
København;Kompagnistræde 2, hj;af Hyskenstræde;1964;1798;Classicism;Kompagnistræde 2. Hjørnebygningen (1798 af L.L. Thrane).Fredet 1964.*;Kompagnistræde 2, hj, København, Danmark;;
København;Kompagnistræde 20 og Knabrostræde 18;Kompagnistræde 20 og Knabrostræde 18;1918;1796;Classicism;"Kompagnistræde 20: forhus med trappehus, side- og baghus (1796); Knabrostræde 18: forhuset (1796, forhøjet med en etage 1829). Fredet 1918. Udvidet 1951.*";Kompagnistræde 20 og Knabrostræde 18, København, Danmark;;
København;Kompagnistræde 24;Kompagnistræde 24;1979;1797;Classicism;Forhuset (1797-98, forhøjet 1849) og retiradebygningen i gården. Fredet 1979.*;Kompagnistræde 24, København, Danmark;55,6768560;12,5746890
København;Kompagnistræde 29;Kompagnistræde 29;1945;1831;Classicism;Forhus med sidehus (1831). Fredet 1945.;Kompagnistræde 29, København, Danmark;55,6767240;12,5747550
København;Kompagnistræde 3;Kompagnistræde 3;1945;1796;Classicism;Forhuset (1796, forhøjet 1803 og 1835) og det hermed sammenbyggede sidehus. Fredet 1945. Udvidet 1979.;Kompagnistræde 3, København, Danmark;55,6776100;12,5766990
København;Kompagnistræde 32;Kompagnistræde 32;1964;1798;Classicism;Forhuset (1798-99 af Andreas Hallander, forhøjet med en etage 1846). Fredet 1964.*;Kompagnistræde 32, København, Danmark;55,6764860;12,5736510
København;Kompagnistræde 4;Kompagnistræde 4;1978;1798;Classicism;Forhuset (1798). Fredet 1978.*;Kompagnistræde 4, København, Danmark;55,6777330;12,5765910
København;Kompagnistræde 5;Kompagnistræde 5;1945;1798;Classicism;Forhuset med sidehus (1798). Fredet 1945.;Kompagnistræde 5, København, Danmark;55,6775760;12,5765960
København;Kompagnistræde 7-7 A;Kompagnistræde 7-7 A;1945;1797;Classicism;Forhus og baghus (1797-98). Fredet 1945.*;Kompagnistræde 7-7 A, København, Danmark;55,6773167;12,5758530
København;Kompagnistræde 8, hj;af Badstuestræde;1950;1799;Classicism;Kompagnistræde 8. Hjørnebygningen med sidehus (1799-1800 af Hans Weile). Fredet 1950.*;Kompagnistræde 8, hj, København, Danmark;;
København;Kompagnistræde 9;Kompagnistræde 9;1945;1796;Classicism;Forhuset og sidehus (1796-97 af C.C. Jennerich). Fredet 1945. Udvidet 2003.*;Kompagnistræde 9, København, Danmark;55,6774400;12,5762810
København;Kongens Nytorv 19, hj;af Lille Kongensgade;1964;1767;Classicism;Kongens Nytorv 19. Forhuset Kongens Nytorv 19 (1767, forhøjet med en etage 1801)*, forhuset Lille Kongensgade 4 (1767). Fredet 1964.;Kongens Nytorv 19, hj, København, Danmark;;
København;Kongens Nytorv 3-5;Harsdorffs Hus;1918;1779;Classicism;Hjørnebebyggelsen med to sidehuse (1779-80 af C.F. Harsdorff). Fredet 1918.*;Kongens Nytorv 3-5, København, Danmark;55,6805738;12,5866225
København;Kronprinsensgade 5;Kronprinsensgade 5;1918;1803;Classicism;Forhuset (1803 af Christian Martens). Fredet 1918. *;Kronprinsensgade 5, København, Danmark;55,6806570;12,5788930
København;Kronprinsensgade 7;Kronprinsensgade 7;1918;1805;Classicism;Forhuset (1805-07 af Peder Friis). Fredet 1918.*;Kronprinsensgade 7, København, Danmark;55,6807270;12,5791150
København;Kronprinsessegade 1-25, Gothersgade 60 og Sølvgade 23 Z;Kongens Garden;1918;1803;Classicism;Gitret med de mod Kronprinsessegade liggende pavilloner og porte (1803-05 af Peter Meyn, de store vinduer i pavillonernes facader senere) samt muren mod Sølvgade (1732 og senere), Herkulespavillonen (1773 af C.F. Harsdorff) samt Løven og Hesten (1617-24 af Peter Husum efter original på Capitol). Fredet 1918.;Kronprinsessegade 1-25, Gothersgade 60 og Sølvgade 23 Z, København, Danmark;;
København;Kronprinsessegade 10-12;Kronprinsessegade 10-12;1945;1803;Classicism;"Forhusene med sidehuse i nord og syd (nr. 10: 1803-04; nr. 12: 1805-06; begge af Johan Martin Quist). Fredet 1945.*";Kronprinsessegade 10-12, København, Danmark;55,6863876;12,5838629
København;Kronprinsessegade 14;Kronprinsessegade 14;1918;1805;Classicism;Forhus med sidehus og den dermed sammenbyggede mellembygning (1805 af Johan Martin Quist). Fredet 1918. Udvidet 1951.*;Kronprinsessegade 14, København, Danmark;55,6834230;12,5815590
København;Kronprinsessegade 16;Kronprinsessegade 16;1945;1806;Classicism;Forhuset med sidehus (1806 af Johan Martin Quist). Fredet 1945.*;Kronprinsessegade 16, København, Danmark;55,6835140;12,5816400
København;Kronprinsessegade 18;Kronprinsessegade 18;1945;1807;Classicism;Forhus med sidehus og den dermed sammenbyggede mellembygning (1807 af Johan Martin Quist). Fredet 1945.*;Kronprinsessegade 18, København, Danmark;55,6836120;12,5817130
København;Kronprinsessegade 2, hj;af Gothersgade;1918;1801;Classicism;Lars Larsens Gård. Forhuset (1801). Fredet 1918.*;Kronprinsessegade 2, hj, København, Danmark;;
København;Kronprinsessegade 20;Kronprinsessegade 20;1945;1805;Classicism;Forhuset med sidehus (1805 af Andreas Hallander), baghuset på ni fag og muren mod mnr. 661. Fredet 1945.*;Kronprinsessegade 20, København, Danmark;55,6837420;12,5818330
København;Kronprinsessegade 22-24;Kronprinsessegade 22-24;1918;1807;Classicism;Forhusene (1807-08 af Andreas Hallander og A.C. Wilcken). Nr. 22: F. 1918. Nr. 24: Fredet 1945.*;Kronprinsessegade 22-24, København, Danmark;55,6843541;12,5821572
København;Kronprinsessegade 26;Kronprinsessegade 26;1932;1805;Classicism;Forhus og dermed sammenbygget sidehus på 13 fag (1805-06 af J.H. Rawert). Fredet 1932.*;Kronprinsessegade 26, København, Danmark;55,6840450;12,5820890
København;Kronprinsessegade 28;Kronprinsessegade 28;1945;1805;Classicism;Forhuset (1805-06 af J.H. Rawert, facaden senere). Fredet 1945.;Kronprinsessegade 28, København, Danmark;55,6841630;12,5821910
København;Kronprinsessegade 30;Kronprinsessegade 30;1945;1806;Classicism;Forhus med sidehus på seks fag (1806-07 af J.H. Rawert) og dettes forlængelse. Fredet 1945.*;Kronprinsessegade 30, København, Danmark;55,6842810;12,5822880
København;Kronprinsessegade 32;Kronprinsessegade 32;1918;1804;Classicism;Forhuset (1804-05 af Johan Didrich Backhausen). Fredet 1918.*;Kronprinsessegade 32, København, Danmark;55,6844130;12,5823910
København;Kronprinsessegade 34;Kronprinsessegade 34;1945;1805;Classicism;Forhuset med tilstødende sidehus på to fag (1805-06). Fredet 1945.*;Kronprinsessegade 34, København, Danmark;55,6845150;12,5824690
København;Kronprinsessegade 36;Kronprinsessegade 36;1945;1824;Classicism;Forhus med sidehus (1824-25 af Thomas Blom, kvisten senere) og baghus (1820). Fredet 1945.*;Kronprinsessegade 36, København, Danmark;55,6846160;12,5825640
København;Kronprinsessegade 38, hj;af Dronningens Tværgade;1945;1805;Classicism;Kronprinsessegade 38. Hjørnehuset (1805-06 af Thomas Blom). Fredet 1945.*;Kronprinsessegade 38, hj, København, Danmark;;
København;Kronprinsessegade 40, hj;af Dronningens Tværgade;1950;1810;Classicism;Kronprinsessegade 40. Hjørnehuset (1810-11 af Thomas Blom). Fredet 1950.;Kronprinsessegade 40, hj, København, Danmark;;
København;Kronprinsessegade 42;Kronprinsessegade 42;1945;1815;Classicism;Forhuset med sidehus (1815-16 af Thomas Blom). Fredet 1945.*;Kronprinsessegade 42, København, Danmark;55,6850400;12,5829240
København;Kronprinsessegade 44;Kronprinsessegade 44;1945;1804;Classicism;Forhus, side- og baghus (1804-05, bygningen forhøjet, og facaden på forhuset ombygget 1847). Fredet 1945.* Udvidet 2011.;Kronprinsessegade 44, København, Danmark;55,6851460;12,5830160
København;Kronprinsessegade 46 A og E;Kronprinsessegade 46 A og E;1918;1805;Classicism;Forhuset og baghuset (1805-06 af Andreas Hallander og J.H. Rawert). Fredet 1918. Udvidet 1979.*;Kronprinsessegade 46 A og E, København, Danmark;;
København;Kronprinsessegade 46 A-E;Artillerikasernen;1918;1803;Classicism;Artillerikasernen. Forhus og tilstødende længe i gården samt portpiller mod Kronprinsessegade (1803 af Philip Lange, portpillerne ombygget flere gange). Forhuset og baghuset (1805-06 af Andreas Hallander og J.H. Rawert).Fredet 1918. Udvidet 1979 *;Kronprinsessegade 46 A-E, København, Danmark;55,6880937;12,5853112
København;Kronprinsessegade 6;Kronprinsessegade 6;1945;1803;Classicism;Forhus med sidehus samt den dermed sammenbyggede mellembygning (1803-04 af Johan Martin Quist, senere ombygget og forhøjet med en etage). Fredet 1945.*;Kronprinsessegade 6, København, Danmark;55,6830250;12,5812140
København;Kronprinsessegade 8;Kronprinsessegade 8;1945;1803;Classicism;Forhus med sidehus samt baghus (1803-04). Fredet 1945.*;Kronprinsessegade 8, København, Danmark;55,6831470;12,5813200
København;Krystalgade 12 Z;Synagogen;1939;1831;Classicism;Synagogebygningen (1831-33 af G.F. Hetsch) og gitret mod Krystalgade. Fredet 1939.*;Krystalgade 12 Z, København, Danmark;55,6809464;12,5736221
København;Krystalgade 3;Krystalgade 3;1986;1808;Classicism;Forhuset (1808-09). Fredet 1986.*;Krystalgade 3, København, Danmark;55,6810890;12,5745150
København;Krystalgade 6, hj;af Peder Hvitfeldts Stræde;1939;1834;Classicism;Krystalgade 6. Hjørnehuset (1834-35 af G.N. Sibbern). Fredet 1939.*;Krystalgade 6, hj, København, Danmark;;
København;Krystalgade 9-9 A;Krystalgade 9-9 A;1986;1786;Classicism;Forhuset med sidehus (1786) og baghus (ca. 1860).Fredet 1986.*;Krystalgade 9-9 A, København, Danmark;55,6809464;12,5736221
København;Kvæsthusgade 3;Kvæsthusgade 3;1959;1751;Classicism;Forhuset (1751, forhøjet 1812, karnapperne 1900-tallet). Fredet 1959.*;Kvæsthusgade 3, København, Danmark;55,6796310;12,5932260
København;Købmagergade 52;Købmagergade 52;1945;1750;Classicism;Forhuset med side- og baghus (1750-60). Fredet 1945.*;Købmagergade 52, København, Danmark;55,6811830;12,5763000
København;Laksegade 26 og Nikolajgade 24;Laksegade 26 og Nikolajgade 24;1939;1797;Classicism;Hjørnebygningen (1797-98). Fredet 1939.*;Laksegade 26 og Nikolajgade 24, København, Danmark;;
København;Laksegade 30;Laksegade 30;1939;1797;Classicism;Forhus med sidehus (1797-98). Fredet 1939.*;Laksegade 30, København, Danmark;55,6776360;12,5825710
København;Langebrogade 8-8 A;Langebrogade 8-8 A;1988;1802;Classicism;De to sammenbyggede forhuse (1802 og 1814). Fredet 1988.*;Langebrogade 8-8 A, København, Danmark;55,6701973;12,5805592
København;Larsbjørnsstræde 11;Larsbjørnsstræde 11;1959;1796;Classicism;Forhuset (1796-98). Fredet 1959.*;Larsbjørnsstræde 11, København, Danmark;55,6782150;12,5694810
København;Larsbjørnsstræde 13;Larsbjørnsstræde 13;1959;1795;Classicism;Forhuset med side- og baghus (1795-96). Fredet 1959. Udvidet 1987.*;Larsbjørnsstræde 13, København, Danmark;55,6782870;12,5694240
København;Larsbjørnsstræde 14;Larsbjørnsstræde 14;1973;1796;Classicism;Forhuset (1796). Fredet 1973.*;Larsbjørnsstræde 14, København, Danmark;55,6783740;12,5695880
København;Larsbjørnsstræde 16, hj;af Studiestræde;1964;1798;Classicism;Larsbjørnsstræde 16. Hjørnehuset med sidehus (1798 af Christian Martens). Fredet 1964.*;Larsbjørnsstræde 16, hj, København, Danmark;;
København;Larsbjørnsstræde 17, hj;af Studiestræde;1959;1796;Classicism;Larsbjørnsstræde 17. Hjørnehuset med sidehus (1796). Fredet 1959.*;Larsbjørnsstræde 17, hj, København, Danmark;;
København;Larsbjørnsstræde 18, hj;af Studiestræde;1981;1796;Classicism;Larsbjørnsstræde 18. Hjørnehuset (1796-97). Fredet 1981.*;Larsbjørnsstræde 18, hj, København, Danmark;;
København;Larsbjørnsstræde 19;Larsbjørnsstræde 19;1977;1797;Classicism;Forhuset (1797). Fredet 1977.*;Larsbjørnsstræde 19, København, Danmark;55,6786890;12,5689730
København;Larsbjørnsstræde 21;Larsbjørnsstræde 21;1959;1796;Classicism;Forhuset (1796-98). Fredet 1959.*;Larsbjørnsstræde 21, København, Danmark;55,6787890;12,5688740
København;Larsbjørnsstræde 23;Larsbjørnsstræde 23;1959;1807;Classicism;Forhuset (1807-08). Fredet 1959.*;Larsbjørnsstræde 23, København, Danmark;55,6787960;12,5686320
København;Larsbjørnsstræde 25;Larsbjørnsstræde 25;1959;1796;Classicism;Forhuset (1796). Fredet 1959.*;Larsbjørnsstræde 25, København, Danmark;55,6789390;12,5687410
København;Larsbjørnsstræde 5;Larsbjørnsstræde 5;1959;1797;Classicism;Forhuset*, forhusets to sidehuse (1797-98 af J.C. Wahl) og mellemhuset med sidehus (slutningen af 1800-tallet). Fredet 1959. Udvidet 1997.;Larsbjørnsstræde 5, København, Danmark;55,6779850;12,5697170
København;Larsbjørnsstræde 6;Larsbjørnsstræde 6;1982;1798;Classicism;Forhuset (1798 af Philip Lange og L.L. Thrane). Fredet 1982.*;Larsbjørnsstræde 6, København, Danmark;55,6779640;12,5700110
København;Larsbjørnsstræde 7;Larsbjørnsstræde 7;1959;1797;Classicism;Forhuset (1797). Fredet 1959.*;Larsbjørnsstræde 7, København, Danmark;55,6780930;12,5696100
København;Larsbjørnsstræde 8;Larsbjørnsstræde 8;1959;1797;Classicism;Forhuset (1797 af Philip Lange og L.L. Thrane). Fredet 1959.*;Larsbjørnsstræde 8, København, Danmark;55,6780720;12,5699190
København;Larslejsstræde 1, hj;af Sankt Peders Stræde;1959;1838;Classicism;Larslejsstræde 1. Hjørnehuset (1838). Fredet 1959.*;Larslejsstræde 1, hj, København, Danmark;;
København;Larslejsstræde 2, hj;af Sankt Peders Stræde;1959;1820;Classicism;Sankt Petri Kirkes Præstegård (tidl.). Forhus med mur mod Larslejsstræde og bygningen mod Sankt Peders Stræde (1820). Fredet 1959.;Larslejsstræde 2, hj, København, Danmark;;
København;Larslejsstræde 3;Larslejsstræde 3;1959;1823;Classicism;Forhuset (opført 1823 som pakhus, ombygget 1829 til beboelse). Fredet 1959.;Larslejsstræde 3, København, Danmark;55,6795940;12,5697070
København;Lavendelstræde 1 og Hestemøllestræde 2;Lavendelstræde 1 og Hestemøllestræde 2;1918;1806;Classicism;Hjørnehuset (1806-07 af L.L. Thrane, udvidet med fem fag 1892-93). Fredet 1918.;Lavendelstræde 1 og Hestemøllestræde 2, København, Danmark;;
København;Lavendelstræde 10;Lavendelstræde 10;1979;1796;Classicism;Forhuset og de to dermed sammenbyggede sidehuse (1796-97). Fredet 1979.*;Lavendelstræde 10, København, Danmark;55,6764680;12,5716780
København;Lavendelstræde 4;Lavendelstræde 4;1979;1799;Classicism;Forhuset og det tofags sidehus (1799, mansardtag ca. 1910). Fredet 1979.*;Lavendelstræde 4, København, Danmark;55,6766570;12,5719960
København;Lille Kannikestræde 4;Krigsraad Mørks Minde;1950;1830;Classicism;Forhuset (1830-31 af C.O. Aagaard). Fredet 1950.*;Lille Kannikestræde 4, København, Danmark;55,6801830;12,5747210
København;Lille Kirkestræde 1 og Nikolaj Plads 28;Lille Kirkestræde 1 og Nikolaj Plads 28;1945;1797;Classicism;Hjørnebygningen med sidehus (1797 af Andreas Hallander). Fredet 1945.*;Lille Kirkestræde 1 og Nikolaj Plads 28, København, Danmark;;
København;Lille Kirkestræde 3;Lille Kirkestræde 3;1974;1798;Classicism;Forhus og hermed sammenbygget sidehus (1798-99 af Michael Bälckow og Ernst Burmeister). Fredet 1974.*;Lille Kirkestræde 3, København, Danmark;55,6784130;12,5807430
København;Lille Strandstræde 10;Lille Strandstræde 10;1988;1750;Classicism;Det firefags forhus (ca. 1750, ombygget 1888), det nifags sidehus og det tofags baghus (før 1750) samt den brolagte gårdsplads. Fredet 1988. Udvidet 1990.*;Lille Strandstræde 10, København, Danmark;55,6807290;12,5897510
København;Lille Strandstræde 18;Lille Strandstræde 18;1950;1833;Classicism;Forhus og dermed sammenbygget sidehus af samme højde som forhuset (1833-34). Fredet 1950.*;Lille Strandstræde 18, København, Danmark;55,6811010;12,5901180
København;Lille Strandstræde 20;Lille Strandstræde 20;1918;1797;Classicism;Forhuset (1797, forhøjet med en etage 1855), to sidehuse og det med sidehusene sammenbyggede baghus (1858). Fredet 1918. Udvidet 1990.*;Lille Strandstræde 20, København, Danmark;55,6812100;12,5902180
København;Lille Strandstræde 3;Lille Strandstræde 3;1979;1785;Classicism;Forhus med sidehus (1785, forhøjet 1832, facadeudsmykning 1832). Fredet 1979.*;Lille Strandstræde 3, København, Danmark;55,6806270;12,5893000
København;Lille Strandstræde 6;Verrayons Gård;1945;1769;Classicism;Forhus med sidehus (1769 mueligvis af Nicolas-Henri Jardin) og det dermed sammenbyggede baghus (ca. 1680), pakhustilbygningen (1805) og de to brolagte gårdrum. Fredet 1945. Udvidet 1991.*;Lille Strandstræde 6, København, Danmark;55,6805960;12,5895730
København;Læderstræde 11 B;Læderstræde 11 B;1939;1806;Classicism;Det vestre forhus (syv fag fra 1806 udvidet mod øst med to fag 1813) med tilstødende side- og baghus. Fredet 1939.*;Læderstræde 11 B, København, Danmark;55,6779030;12,5778140
København;Læderstræde 13;Læderstræde 13;1945;1795;Classicism;Forhus med sidehus (1795-96). Fredet 1945.*;Læderstræde 13, København, Danmark;55,6778890;12,5775960
København;Læderstræde 36, hj;af Hyskenstræde;1964;1798;Classicism;Læderstræde 36. Hjørnebygningen (1798-99 af Christopher Chrane). Fredet 1964.*;Læderstræde 36, hj, København, Danmark;;
København;Læderstræde 5;Læderstræde 5;1945;1797;Classicism;Forhuset (1797-98 af Henrich Kaiser) med toetages sidehus (1870). Fredet 1945.*;Læderstræde 5, København, Danmark;55,6782650;12,5786950
København;Læderstræde 7;Læderstræde 7;1945;1796;Classicism;Forhus med sidehus (1796-97 af Jens Jansen). Fredet 1945.;Læderstræde 7, København, Danmark;55,6781730;12,5784290
København;Midtdyssen 55;Autogena, Christiania;2007;1780;Classicism;Krudthuset i 3. Redan, kaldet Autogena, samt de hertil hørende murstykker og det med disse sammenbyggede vagthus (1780). Fredet 2007.;Midtdyssen 55, København, Danmark;55,6768120;12,6115390
København;Mælkebøtten 162 A-E, 192 A, 170A-D;Mælkebøtten, Christiania;2007;1845;Classicism;De sammenbyggede port-, vagt- og laboratoriebygninger benævnt Landetatens Laboratorium, den her overfor liggende bygning, kaldet Rådhuset samt de med portbygningen sammenbyggede hegnsmure, beliggende i Sophie Hedvigs Bastion (1845-47, hegnsmurstykkerne dog fra før 1832, formodentlig fra slutningen af 1600-tallet). Fredet 2007.*;Mælkebøtten 162 A-E, 192 A, 170A-D, København, Danmark;;
København;Naboløs 1, hj;af Læderstræde;1945;1798;Classicism;Naboløs 1. Hjørnebygningen med sidehus (1798-99 af H.C. Ondrup). Fredet 1945.*;Naboløs 1, hj, København, Danmark;;
København;Naboløs 2, hj;af Kompagnistræde;1945;1797;Classicism;Naboløs 2. Hjørnebygningen med sidehus (1797 af Philip Lange og L.L. Thrane). Fredet 1945.*;Naboløs 2, hj, København, Danmark;;
København;Naboløs 3;Naboløs 3;1945;1798;Classicism;Forhuset (1798 af H.C. Ondrup). Fredet 1945.*;Naboløs 3, København, Danmark;55,6775830;12,5771440
København;Naboløs 4 og Snaregade 4;Naboløs 4 og Snaregade 4;1945;1802;Classicism;"Naboløs 4: forhus og sidehus; Snaregade 4: forhus med sidehus (1802 af J.L. Thrane). Fredet 1945.*";Naboløs 4 og Snaregade 4, København, Danmark;;
København;Naboløs 6, hj;af Snaregade;1945;1796;Classicism;Henriette Melchiors Stiftelse. Hjørnebygningen (1796-97, facaden ombygget 1829 og 1849). Fredet 1945.*;Naboløs 6, hj, København, Danmark;;
København;Nikolaj Plads 11;Nikolaj Plads 11;1959;1848;Classicism;Forhuset (1848-49 af P.C. Hagemann). Fredet 1959.*;Nikolaj Plads 11, København, Danmark;55,6786470;12,5823800
København;Nikolaj Plads 23, hj;af Nikolajgade;1945;1800;Classicism;Nikolaj Plads 23. Hjørnebygningen (1800 af H.C. Schmidt). Fredet 1945.*;Nikolaj Plads 23, hj, København, Danmark;;
København;Nikolaj Plads 27, hj;af Admiralgade;1945;1796;Classicism;Nikolaj Plads 27. Forhus mod Nikolaj Plads og Admiralgade (1796-97) og sidehuset (1800). Fredet 1945. Udvidet 1992.;Nikolaj Plads 27, hj, København, Danmark;;
København;Nikolaj Plads 3, hj;af Lille Kongensgade;1959;1758;Classicism;Nikolaj Plads 3. Hjørnebygningen med sidehus (vestre forhus 1758, søndre forhus 1728, grundmuret 1830). Fredet 1959.*;Nikolaj Plads 3, hj, København, Danmark;;
København;Nikolaj Plads 30;Sankt Nikolaj Fattige Kirkeskole (tidl.);1945;1795;Classicism;Forhus med side- og baghus (1795 af Andreas Kirkerup og Andreas Hallander, facaden senere ændret). Fredet 1945.*;Nikolaj Plads 30, København, Danmark;55,6783610;12,5811920
København;Nikolaj Plads 32;Nikolaj Plads 32;1945;1796;Classicism;Forhus med sidehus (delvis fra 1796 af Andreas Hallander). Fredet 1945.;Nikolaj Plads 32, København, Danmark;55,6782880;12,5812550
København;Nikolaj Plads 7;Nikolaj Plads 7;1959;1848;Classicism;Forhuset (1848-49 af P.C. Hagemann). Fredet 1959.*;Nikolaj Plads 7, København, Danmark;55,6788970;12,5822630
København;Nikolaj Plads 9;Nikolaj Plads 9;1959;1848;Classicism;Forhuset (1848-49 af P.C. Hagemann). Fredet 1959.*;Nikolaj Plads 9, København, Danmark;55,6787780;12,5823200
København;Nikolajgade 18;Nikolajgade 18;1959;1817;Classicism;Forhuset (1817-18, pakhus). Fredet 1959.;Nikolajgade 18, København, Danmark;55,6782140;12,5823560
København;Nikolajgade 20, hj;af Dybensgade;1959;1799;Classicism;Nikolajgade 20. Hjørnebygningen med sidehus (1799 af A.C. Wilcken. Brændt og genopbygget 1855). Fredet 1959.*;Nikolajgade 20, hj, København, Danmark;;
København;Nikolajgade 22, Dybensgade 19;Nikolajgade 22 og Dybensgade 19;1945;1799;Classicism;Forhus mod Nikolajgade og Dybensgade samt pakhus mod Dybensgade (1799). Fredet 1945.*;Nikolajgade 22, Dybensgade 19, København, Danmark;;
København;Norddyssen 63 A-G;Aircondition, Christiania;2007;1789;Classicism;Krudtmagasinet i 2. Redan, kaldet Aircondition, samt de hertil hørende murstykker og det med disse sammenbyggede vagthus (1789). Fredet 2007.;Norddyssen 63 A-G, København, Danmark;55,6797590;12,6130450
København;Ny Adelgade 9;Ny Adelgade 9;1982;1802;Classicism;Hjørnehuset (1802-03). Fredet 1982.*;Ny Adelgade 9, København, Danmark;55,6813220;12,5834270
København;Ny Kongensgade 3;Ny Kongensgade 3;1986;1757;Classicism;Forhus og sidehus (1757, stærkt ombygget 1916 af Bent Helweg-Møller) with trappetårn (1916). Fredet 1986.*;Ny Kongensgade 3, København, Danmark;55,6738640;12,5769200
København;Ny Kongensgade 5;Ny Kongensgade 5;1950;1751;Classicism;Forhus (før 1732, forhøjet med en etage i 1740'erne, facaden pudset i 1860'erne) med sidehus (1751) samt retirade (beg. af 1800-tallet). Fredet 1950.*;Ny Kongensgade 5, København, Danmark;55,6738230;12,5767900
København;Ny Kongensgade 6;Ny Kongensgade 6;1918;1754;Classicism;Det østlige forhus på grunden (1754). Fredet 1918.*;Ny Kongensgade 6, København, Danmark;55,6740130;12,5767100
København;Ny Kongensgade 7;Ny Kongensgade 7;1931;1769;Classicism;Forhus (1769) med sidehus (1770'erne) samt baghus (1813). Fredet 1931.*;Ny Kongensgade 7, København, Danmark;55,6737760;12,5766750
København;Ny Kongensgade 9;Ny Kongensgade 9;1918;1804;Classicism;Forhus med tilstødende sidehus (1804). Fredet 1918.*;Ny Kongensgade 9, København, Danmark;55,6737430;12,5765860
København;Ny Vestergade 11;Ny Vestergade 11;1964;1821;Classicism;Forhuset (1821, ombygget 1858 af N.S. Nebelong) og det vinkelbyggede baghus (opført som Universitetets kemiske laboratorium 1857-59 af N.S. Nebelong). Fredet 1964. Udvidet 1977.;Ny Vestergade 11, København, Danmark;55,6742580;12,5753390
København;Ny Vestergade 13;Ny Vestergade 13;1918;1792;Classicism;Forhuset (1792, forhøjet 1857) og den dermed sammenbyggede mindre udbygning. Fredet 1918.*;Ny Vestergade 13, København, Danmark;55,6741500;12,5750620
København;Nybrogade 24 og Magstræde 11;Nybrogade 24 og Magstræde 11;1918;1815;Classicism;"Nybrogade 24: for- og sidehus (1815-17, forhøjet med en etage 1853); Magstræde 11: forhus (1700-tallet, ombygget 1815-17). Fredet 1918.*";Nybrogade 24 og Magstræde 11, København, Danmark;;
København;Nybrogade 6 og Snaregade 3;Nybrogade 6 og Snaregade 3;1945;1762;Classicism;Forhus til Nybrogade (1762-84, forhøjet 1797, 1828 og 1845), forhus til Snaregade (1733, forkortet seks fag 1845) med sidehus. Fredet 1945.;Nybrogade 6 og Snaregade 3, København, Danmark;;
København;Nybrogade 8 og Snaregade 5;Nybrogade 8 og Snaregade 5;1945;1768;Classicism;"Nybrogade 8: forhus med sidehus (1768, forhøjet med en etage 1843); Snaregade 5: forhus (1730-32, forhøjet 1768) med sidehus i nord (mellem 1732 og 1764) samt sidehus i syd (mellem 1768 og 1784). Fredet 1945.*";Nybrogade 8 og Snaregade 5, København, Danmark;;
København;Nyhavn 1, hj;af Store Strandstræde;1945;1753;Classicism;"Nyhavn 1. Hjørnehuset (1753) og muren langs Nyhavn; Store Strandstræde 2: forhuset (før 1731, sammenbygget 1817) med sidehus (1817-18). Fredet 1945.*";Nyhavn 1, hj, København, Danmark;;
København;Nyhavn 10-12;Nyhavn 10-12;1918;1772;Classicism;Forhuset nr. 10 (1772-73, kvist ombygget to fuld etage 1850) samt det 6 fag lange sidehus (1772-73, forhøjet 1850), forhuset nr. 12 og det dermed sammenbyggede 13 fag lange sidehus (ca. 1770, sidehuset 1796). Fredet 1918. Udvidet 2001.;Nyhavn 10-12, København, Danmark;55,6804797;12,5872733
København;Nyhavn 11;Nyhavn 11;1932;1835;Classicism;Forhuset (1835-36). Fredet 1932.;Nyhavn 11, København, Danmark;55,6806220;12,5887340
København;Nyhavn 14-16;Den Sorte Ravn;1918;1755;Classicism;De to forhuse (1755 og senere) og det vinkelformede baghus. Nr. 14: Fredet 1918. Nr. 16: Fredet 1924.*;Nyhavn 14-16, København, Danmark;55,6795723;12,5923364
København;Nyhavn 17, hj;af Lille Strandstræde;1951;1786;Classicism;Nyhavn 17. Forhus mod Nyhavn (slutningen af 1600-tallet, grundmuret og forhøjet ved midten af 1700-tallet) og sidehus med Lille Strandstræde (1786). Fredet 1951.*;Nyhavn 17, hj, København, Danmark;;
København;Nyhavn 18;Nyhavn 18;1932;1779;Classicism;Forhuset (ca. 1779, kvist to gaden ombygget to fuld etage 1846 af C. Unger). Fredet 1932.*;Nyhavn 18, København, Danmark;55,6795830;12,5902760
København;Nyhavn 20;Nyhavn 20;1918;1780;Classicism;Forhuset (ca. 1780). Fredet 1918. *;Nyhavn 20, København, Danmark;55,6795270;12,5904970
København;Nyhavn 23;Nyhavn 23;1918;1803;Classicism;Forhus og sidehus (1803). Fredet 1918.*;Nyhavn 23, København, Danmark;55,6803790;12,5896560
København;Nyhavn 43;Nyhavn 43;1945;1787;Classicism;Forhuset (ca. 1787, ombygget 1874). Fredet 1945.*;Nyhavn 43, København, Danmark;55,6800380;12,5909560
København;Nyhavn 51;Nyhavn 51;1918;1766;Classicism;Forhuset (1766). Fredet 1918.*;Nyhavn 51, København, Danmark;55,6797940;12,5918530
København;Nyhavn 53;Nyhavn 53;1932;1753;Classicism;Forhuset (1753-54, forhøjet med en etage 1874) og det dermed sammenbyggede sidehus. Fredet 1932.*;Nyhavn 53, København, Danmark;55,6798080;12,5920550
København;Nyhavn 6;Nyhavn 6;1950;1770;Classicism;Forhuset (ca. 1770). Fredet 1950.*;Nyhavn 6, København, Danmark;55,6798410;12,5893220
København;Nyhavn 63;Nyhavn 63;1918;1756;Classicism;Forhuset og de bygninger, der omgiver den umiddelbart bag forhuset liggende gårdsplads (muligvis 1756, ombygget ca. 1770). Fredet 1918.*;Nyhavn 63, København, Danmark;55,6799990;12,5927020
København;Nyhavn 71, hj;af Kvæsthusgade;1918;1805;Classicism;Suhrs Pakhus. Pakhuset (1805). Fredet 1918.*;Nyhavn 71, hj, København, Danmark;;
København;Nyhavn 8;Nyhavn 8;1918;1774;Classicism;Forhuset (1774, forhøjet med en etage 1846) samt sidehuset (1774). Fredet 1918. Udvidet 1999.*;Nyhavn 8, København, Danmark;55,6798100;12,5894510
København;Nytorv 15 og Rådhusstræde 2 A-B;Nytorv 15 og Rådhusstræde 2 A-B;1945;1796;Classicism;Hjørnehuset (1796-97) samt forhuset Rådhusstræde 2 (1798) med mur og port. Fredet 1945.*;Nytorv 15 og Rådhusstræde 2 A-B, København, Danmark;;
København;Nytorv 17;Nytorv 17;1918;1795;Classicism;Forhuset (1795-96). Fredet 1918.*;Nytorv 17, København, Danmark;55,6771400;12,5735350
København;Nytorv 19;Nytorv 19;1945;1797;Classicism;Forhuset, sidehuset samt det vinkelret herpå sammenbyggede trappehus (1797). Fredet 1945. Udvidet 1996.*;Nytorv 19, København, Danmark;55,6770710;12,5734040
København;Nytorv 21, Slutterigade 1 og Hestemøllestræde 1;Arrestbygningen;1918;1805;Classicism;Det samlede bygningskompleks med facade mod Slutterigade, facade og port mod Hestemøllestræde (1805-15 af C.F. Hansen, ombygget og restaureret 1938-42 af Kaj Gottlob) samt den selvstændige bygning mod Nytorv (1888-89, formentlig af Ludvig Fenger). Fredet 1918.;Nytorv 21, Slutterigade 1 og Hestemøllestræde 1, København, Danmark;;
København;Nytorv 25 og Kattesundet 13;Københavns Domhus;1951;1805;Classicism;Hele komplekset også mod Slutterigade, Kattesundet samt porten mod Frederiksberggade (1805-15 af C.F. Hansen). Fredet 1951.;Nytorv 25 og Kattesundet 13, København, Danmark;;
København;Nytorv 5;Frischs Gård;1918;1799;Classicism;Forhuset (1799-1803 af Nicolai Abildgaard). Fredet 1918.*;Nytorv 5, København, Danmark;55,6777530;12,5733610
København;Nytorv 7 A-B og 11;Nytorv 7;1918;1795;Classicism;Forhuset (1795-96, evt. tømrermester Andreas Kirkerup), sidehus (1796) og baghus (1796). Fredet 1918.* Udvidet 2006;Nytorv 7 A-B og 11, København, Danmark;55,6774867;12,5731175
København;Nytorv 9;Nytorv 9;1945;1796;Classicism;Forhus med sidehus (1796-97). Fredet 1945.*;Nytorv 9, København, Danmark;55,6774950;12,5736410
København;Nørre Voldgade 16;Nørre Voldgade 16;1939;1836;Classicism;Forhus med sidehus (1836-37). Fredet 1939.*;Nørre Voldgade 16, København, Danmark;55,6796070;12,5673270
København;Nørrebrogade 67;Assistens Kirkegårds Graverbolig;1959;1805;Classicism;Graverboligen (1805 af Jens Bang). Fredet 1959.;Nørrebrogade 67, København, Danmark;55,6876201;12,5613687
København;Nørregade 18;Nørregade 18;1939;1834;Classicism;Forhuset og det dermed sammenbyggede sidehus (1834-35). Fredet 1939.*;Nørregade 18, København, Danmark;55,6809990;12,5713370
København;Nørregade 27-29;Nørregade 27-29;1939;1832;Classicism;Ejendommens to nordligste forhuse mod Nørregade (1832 og 1808). Fredet 1939. *;Nørregade 27-29, København, Danmark;55,6826855;12,5707424
København;Nørregade 31;Nørregade 31;1939;1832;Classicism;Forhus med sidehus (1832-33 af C.F. Weber). Fredet 1939. *;Nørregade 31, København, Danmark;55,6809310;12,5710270
København;Nørregade 33;Nørregade 33;1939;1831;Classicism;Forhuset mod Nørregade med nærmeste sidehus på 11 fag (1831-32). Fredet 1939. *;Nørregade 33, København, Danmark;55,6810520;12,5710280
København;Nørregade 4;Nørregade 4;1945;1811;Classicism;Forhus med sidehus (1811). Fredet 1945.*;Nørregade 4, København, Danmark;55,6787480;12,5722760
København;Nørregade 6, hj;af Dyrkøb;1945;1812;Classicism;Nørregade 6. Forhuset mod Nørregade og Dyrkøb (1812-14, anden til fjerde etage påbygget 1827-28) sidehuset (1812, forhøjet 1827) samt baghuset (1812, forhøjet 1852). Fredet 1945. Udviddet 1996.*;Nørregade 6, hj, København, Danmark;;
København;Overgaden neden Vandet 11;Heerings Gård;1918;1785;Classicism;Forhuset (1785, muligvis af Georg Erdman Rosenberg), fem fag af det med forhusets nordhjørne sammenbyggede sidehus (ca. 1804) og de langs gårdspladsens sydvestlige side beliggende bygninger, herunder det tidl. bryghus (1759). Fredet 1918.*;Overgaden neden Vandet 11, København, Danmark;55,6722110;12,5897560
København;Overgaden neden Vandet 19;Pakhusene, Overgaden neden Vandet 19;1959;1806;Classicism;Det store pakhus (1806), det ombyggede pakhus nordøstligst på grunden samt det lille baghus ved ejendommens nordvestre skel. Fredet 1959.*;Overgaden neden Vandet 19, København, Danmark;55,6725180;12,5902860
København;Overgaden neden Vandet 37;Overgaden neden Vandet 37;1950;1750;Classicism;Forhus og baghus (ca. 1750). Fredet 1950.*;Overgaden neden Vandet 37, København, Danmark;55,6733360;12,5916240
København;Overgaden neden Vandet 39;Hans Caspersens Gård;1918;1770;Classicism;Forhuset og de dermed sammenbyggede to sidehuse i den udstrækning, de har samme gesimshøjde som forhuset (1770). Fredet 1918.*;Overgaden neden Vandet 39, København, Danmark;55,6734250;12,5917620
København;Overgaden neden Vandet 45-47;Pakhusene, Overgaden neden Vandet 45-47;1945;1800;Classicism;Pakhusene mod gaden (nr. 45: 1800-1801, nr. 47: 1799-1800). Fredet 1945.*;Overgaden neden Vandet 45-47, København, Danmark;55,6719512;12,5895651
København;Overgaden neden Vandet 49, 51 A-B og Wildersgade 60-62;Wildersgades Kaserne;1932;1802;Classicism;Bygninger og mure mod Overgaden neden Vandet og Bådsmandsstræde samt forhuset mod Wildersgade med sidebygningen (1802 af J.H. Rawert). Fredet 1932.*;Overgaden neden Vandet 49, 51 A-B og Wildersgade 60-62, København, Danmark;;
København;Overgaden neden Vandet 9;Overgaden neden Vandet 9;1945;1799;Classicism;Det på grundens østre hjørne ud mod Christianshavns Kanal beliggende forhus (1799). Fredet 1945.*;Overgaden neden Vandet 9, København, Danmark;55,6720360;12,5894850
København;Overgaden oven Vandet 10;Potters Gård;1918;1785;Classicism;Forhus med østre sidehus (1785). Fredet 1918.*;Overgaden oven Vandet 10, København, Danmark;55,6708220;12,5886710
København;Overgaden oven Vandet 12-14;Overgaden oven Vandet 12-14;1918;1797;Classicism;Forhus og de dermed sammenbyggede two firefags sidehuse (ombygget 1797). Fredet 1918.*;Overgaden oven Vandet 12-14, København, Danmark;55,6709302;12,5886466
København;Overgaden oven Vandet 20;Overgaden oven Vandet 20;1918;1802;Classicism;Forhus med sidehus (1802). Fredet 1918.*;Overgaden oven Vandet 20, København, Danmark;55,6710380;12,5890310
København;Overgaden oven Vandet 26;Overgaden oven Vandet 26;1945;1750;Classicism;Forhus med sidehus (ca. 1750). Fredet 1945.*;Overgaden oven Vandet 26, København, Danmark;55,6711860;12,5892750
København;Overgaden oven Vandet 32 A-B og Sofiegade 1;Steinfass' Gård;1945;1770;Classicism;Forhuse mod Overgaden og Sofiegade (ca. 1770). Fredet 1945.*;Overgaden oven Vandet 32 A-B og Sofiegade 1, København, Danmark;;
København;Overgaden oven Vandet 50;Hans Caspersens Gård;1945;1769;Classicism;Forhuset og det dermed sammenbyggede sidehus (1769, ca. 1850). Fredet 1945.*;Overgaden oven Vandet 50, København, Danmark;55,6738080;12,5936420
København;Overgaden oven Vandet 52;Overgaden oven Vandet 52;1945;1772;Classicism;Forhus (1772, forhøjet 1846) med sidehuse i nord og syd. Fredet 1945.*;Overgaden oven Vandet 52, København, Danmark;55,6738880;12,5937660
København;Overgaden oven Vandet 58-64;Søkvæsthuset, Dæksofficerskolen;1918;1780;Classicism;"Fløjen mod Bådsmandsstræde (1780-81 af Johan Bernhardt Schottmann), ""Heibergs hus"", havehuset (1779 af Georg Erdman Rosenberg, genopbygget 1838 efter brand) samt ""Opfostringshuset"" med mure og småhuse mod kanalen (1754-55 af Johan Christian Conradi). Fredet 1918.*";Overgaden oven Vandet 58-64, København, Danmark;55,6720319;12,5904579
København;Overgaden oven Vandet 6 A-B og Lille Søndervoldstræde 1;Stanleys Gård;1918;1755;Classicism;Forhuset (1755 muligvis af S.C. Stanley). Fredet 1918.*;Overgaden oven Vandet 6 A-B og Lille Søndervoldstræde 1, København, Danmark;;
København;Peder Hvitfeldts Stræde 1, hj;af Krystalgade;1950;1820;Classicism;Vor Frue Kirkes Skole. Hjørnebygningen (1820). Fredet 1950.*;Peder Hvitfeldts Stræde 1, hj, København, Danmark;;
København;Peder Hvitfeldts Stræde 10;Peder Hvitfeldts Stræde 10;1978;1811;Classicism;Forhuset og de two korte sidehuse (1811 af J.H. Breede). Fredet 1978. Udvidet 1987.*;Peder Hvitfeldts Stræde 10, København, Danmark;55,6816940;12,5740480
København;Peder Hvitfeldts Stræde 12;Peder Hvitfeldts Stræde 12;1979;1809;Classicism;Forhuset og de hermed sammenbyggede two sidehuse (1809-18). Fredet 1979.*;Peder Hvitfeldts Stræde 12, København, Danmark;55,6817900;12,5739820
København;Peder Hvitfeldts Stræde 13;Peder Hvitfeldts Stræde 13;1979;1832;Classicism;Forhuset og det nordlige sidehus (1832). Fredet 1979.*;Peder Hvitfeldts Stræde 13, København, Danmark;55,6819280;12,5736130
København;Pilestræde 37, hj;af Kronprinsensgade;1945;1784;Classicism;Pilestræde 37. Hjørnehuset (1784-86 af J. Boye Junge). Fredet 1945.*;Pilestræde 37, hj, København, Danmark;;
København;Pilestræde 39;Pilestræde 39;1945;1784;Classicism;Forhuset og det dermed sammenbyggede sidehus (1784-86 af J. Boye Junge, ombygget 1901). Fredet 1945. Udvidet 1992.*;Pilestræde 39, København, Danmark;55,6810520;12,5795150
København;Pilestræde 41-45;Pilestræde 41-45;1945;1784;Classicism;"Forhusene, de hermed sammenbyggede sidehuse (41: 1784-86; 43-45: 1784-85; alle af J. Boye Junge) samt de two fritliggende baghuse. Fredet 1945. Udvidet 1985.*";Pilestræde 41-45, København, Danmark;55,6797092;12,5810042
København;Pilestræde 47, hj;af Klareboderne;1945;1780;Classicism;Pilestræde 47. Forhuset mod Pilestræde og Klareboderne (ca. 1780-90). Fredet 1945.*;Pilestræde 47, hj, København, Danmark;;
København;Prags Boulevard 69;Krudthuset på Prags Boulevard;1986;1799;Classicism;Krudthuset (1799 af Wilhelm von Huth og Ernst Peymann). Fredet 1986.;Prags Boulevard 69, København, Danmark;55,6701830;12,6243830
København;Prinsessegade 18;Prinsessegade 18;1978;1785;Classicism;Forhuset (1785). Fredet 1978.*;Prinsessegade 18, København, Danmark;55,6710820;12,5921950
København;Prinsessegade 54;Philip de Langes hus, (tidl;1932;1760;Classicism;Inspektørboligen). Det toetages grundmurede hus bagest på grunden (ca. 1760 af Philip de Lange). F. 1932.;Prinsessegade 54, København, Danmark;55,6727050;12,5950920
København;Rigensgade 11;Munderingsdepot (tidl.);1950;1799;Classicism;Forhus med tegltag samt mur med port op to Rigensgade 9 (1799-1800 af Andreas Kirkerup). Fredet 1950.*;Rigensgade 11, København, Danmark;55,6882570;12,5832250
København;Rigensgade 9 A-G og 11 A;Det Kgl;1918;1759;Classicism;Uldmanufaktur. Forhuset med porten nærmest nr. 11 samt sidehuset mod nord (1759-60 af Georg Volmeister og forlænget 1776). Opført to Det Kgl. Uldmanufaktur, fra 1818 Garnisons Sygehus, fra 1928 kaserne. Fredet 1918.;Rigensgade 9 A-G og 11 A, København, Danmark;;
København;Rosenborggade 10, hj;af Sankt Gertrudsstræde;1979;1801;Classicism;Rosenborggade 10. Forhuset (1801 af L.L. Thrane). Fredet 1979.*;Rosenborggade 10, hj, København, Danmark;;
København;Rosenborggade 19 og Gothersgade 113;Rosenborggade 19 og Gothersgade 113;1987;1766;Classicism;Hjørnehuset (1766 af tømrermester Jacob Iwers) og det toetages hus mod Gothersgade (1825). Fredet 1987.*;Rosenborggade 19 og Gothersgade 113, København, Danmark;;
København;Rosenborggade 7-9, hj;af Tornebuskegade;1975;1847;Classicism;"Rosenborggade 7-9. Forhusene (nr. 7: 1847; nr. 9: 1810, forhøjet med two etager 1846-47), side- og baghus to nr. 7 samt pakhuset in gården. Fredet 1975.*";Rosenborggade 7-9, hj, København, Danmark;;
København;Rosengade 6-12 og Fredericiagade 73-79;Rosengade 6-12 og Fredericiagade 73-79;1989;1780;Classicism;Fire forhuse, beliggende Fredericiagade 73-79, og fire forhuse, beliggende Rosengade 6-12 (ca. 1780 og restaureret ca. 1975 af Erik Møller). Fredet 1989.*;Rosengade 6-12 og Fredericiagade 73-79, København, Danmark;;
København;Rosengården 13;Rosengården 13;1964;1841;Classicism;Forhus med sidehus (1841-42). Fredet 1964.*;Rosengården 13, København, Danmark;55,6822580;12,5723220
København;Rosengården 5;Rosengården 5;1950;1844;Classicism;Forhuset (1844-45). Fredet 1950.*;Rosengården 5, København, Danmark;55,6821650;12,5731070
København;Rosengården 6;Rosengården 6;1981;1810;Classicism;Forhus med sidehus (1810-11 af Henrik Thyberg). Fredet 1981.*;Rosengården 6, København, Danmark;55,6822800;12,5732970
København;Rosengården 7;Rosengården 7;1930;1844;Classicism;Forhuset (1844-45). Fredet 1930.*;Rosengården 7, København, Danmark;55,6821980;12,5729000
København;Rådhusstræde 1, hj;af Brolæggerstræde;1918;1797;Classicism;Rådhusstræde 1. Hjørnebygningen (1797-98 af Andreas Hallander, Brolæggerstræde 13 helt ombygget 1851). Fredet 1918.;Rådhusstræde 1, hj, København, Danmark;;
København;Rådhusstræde 10, hj;af Vandkunsten;1945;1750;Classicism;"Rådhusstræde 10. Hjørnehuset (1750) med trappehus (1750 og 1835), baghus (1835), sidehus med gavl mod gaden (1851) samt mur langs Rådhusstræde (1797 og 1851).&nbsp;&nbsp; Fredet 1945.*";Rådhusstræde 10, hj, København, Danmark;;
København;Rådhusstræde 3;Rådhusstræde 3;1939;1796;Classicism;Forhuset, sidehuset, mellembygningen og baghuset (alle fra 1796-97) samt den brostensbelagte gård. Fredet 1939.*;Rådhusstræde 3, København, Danmark;55,6770630;12,5742100
København;Rådhusstræde 5;Rådhusstræde 5;1945;1795;Classicism;Forhuset (1795-96, forhøjet 1830). Fredet 1945.*;Rådhusstræde 5, København, Danmark;55,6769640;12,5742880
København;Rådhusstræde 6, hj;af Kompagnistræde;1964;1797;Classicism;Rådhusstræde 6. Hjørnehuset (1797 af Andreas Hallander). Fredet 1964.*;Rådhusstræde 6, hj, København, Danmark;;
København;Rådhusstræde 7, hj;af Kompagnistræde;1918;1797;Classicism;Rådhusstræde 7. Forhuset mod Rådhusstræde og Kompagnistræde samt det nordvestre sidehus (1797-98). Fredet 1918. Udvidet 1979.*;Rådhusstræde 7, hj, København, Danmark;;
København;Rådhusstræde 8, hj;af Kompagnistræde;1945;1783;Classicism;Rådhusstræde 8. Forhus mod Rådhusstræde og Kompagnistræde (1783-84 af Andreas Wilhelm Egeroed, forhøjet 1846). Fredet 1945.*;Rådhusstræde 8, hj, København, Danmark;;
København;Sankt Annæ Gade 12;Sankt Annæ Gade 12;1950;1779;Classicism;Forhuset (før 1779). Fredet 1950.*;Sankt Annæ Gade 12, København, Danmark;55,6737910;12,5915130
København;Sankt Annæ Gade 16;Sankt Annæ Gade 16;1950;1753;Classicism;Forhuset (før 1753). Fredet 1950.;Sankt Annæ Gade 16, København, Danmark;55,6737220;12,5916290
København;Sankt Annæ Gade 18;Hans Burmands Hus;1950;1750;Classicism;Forhuset (ca. 1750). Fredet 1950.*;Sankt Annæ Gade 18, København, Danmark;55,6736900;12,5916920
København;Sankt Annæ Gade 20-22, hj;af Overgaden neden Vandet;1950;1804;Classicism;Sankt Annæ Gade 20-22. Hjørnebygningen (1804, ombygget 1860). Fredet 1950.*;Sankt Annæ Gade 20-22, hj, København, Danmark;;
København;Sankt Annæ Gade 6 og Wildersgade 45;Sankt Annæ Gade 6 og Wildersgade 45;1973;1847;Classicism;Hjørnebygningen og de two dermed sammenbyggede sidehuse (1847-48). Fredet 1973. Udvidet 1978 og 1983.*;Sankt Annæ Gade 6 og Wildersgade 45, København, Danmark;;
København;Sankt Annæ Plads 1-3;Sankt Annæ Plads 1-3;1932;1847;Classicism;Forhuset og sidehuset in den udstrækning, det har samme højde som forhuset (1847-49 af G.F. Hetsch). Fredet 1932.*;Sankt Annæ Plads 1-3, København, Danmark;55,6813921;12,5920633
København;Sankt Annæ Plads 10 A-C;Sankt Annæ Plads 10 A-C;1964;1785;Classicism;"Forhuset (1785 af Andreas Hallander med delvis bibeholdelse af en ældre bygnings bagfacade, forhøjet med en etage 1875), sidehus in otte fag (1757), den med sidehuset sammenbyggede udstillingsbygning kaldet """"Templet"""" (1875) og det hermed sammenbyggede femetages beboelseshus (1873). Fredet 1964. Udvidet 1988.*";Sankt Annæ Plads 10 A-C, København, Danmark;55,6813921;12,5920633
København;Sankt Annæ Plads 11;Sankt Annæ Plads 11;1918;1801;Classicism;Forhus med side- og baghus (1801 af J.H. Rawert). Fredet 1918.*;Sankt Annæ Plads 11, København, Danmark;55,6820670;12,5904270
København;Sankt Annæ Plads 13, hj;af Amaliegade;1918;1750;Classicism;Sankt Annæ Plads 13. Forhuset mod Amaliegade (1750'erne og later). Fredet 1918.;Sankt Annæ Plads 13, hj, København, Danmark;;
København;Sankt Annæ Plads 5;Sankt Annæ Plads 5;1918;1796;Classicism;Forhuset (1796 af J.H. Rawert). Fredet 1918.;Sankt Annæ Plads 5, København, Danmark;55,6822950;12,5896050
København;Sankt Annæ Plads 6, hj;af Lille Strandstræde;1950;1760;Classicism;Sankt Annæ Plads 6. Forhuset mod Lille Strandstræde (ca. 1760) og tilbygningen mod Sankt Annæ Plads. Fredet 1950.*;Sankt Annæ Plads 6, hj, København, Danmark;;
København;Sankt Annæ Plads 7;Sankt Annæ Plads 7;1932;1750;Classicism;Forhuset (ca. 1750 af Niels Eigtved, ombygget ca. 1850). Fredet 1932. *;Sankt Annæ Plads 7, København, Danmark;55,6821900;12,5899820
København;Sankt Annæ Plads 9;Sankt Annæ Plads 9;1932;1750;Classicism;Forhus med dertil stødende sidehus på seks fag (ca. 1750 af Niels Eigtved, ombygget ca. 1850). Fredet 1932.*;Sankt Annæ Plads 9, København, Danmark;55,6821450;12,5901370
København;Sankt Gertruds Stræde 10;Sankt Gertruds Stræde 10;1950;1826;Classicism;Forhus (ca. 1740, forhøjet med en etage 1866), sidehus på syv fag (mellem 1730 og 1757), sidehus på fem fag (1826) samt baghus (mellem 1730 og 1757, forhøjet 1861). Fredet 1950.*;Sankt Gertruds Stræde 10, København, Danmark;55,6833810;12,5743260
København;Sankt Gertruds Stræde 3;Sankt Gertruds Stræde 3;1979;1844;Classicism;Forhuset (1844). Fredet 1979.;Sankt Gertruds Stræde 3, København, Danmark;55,6830320;12,5742440
København;Sankt Gertruds Stræde 4;Sankt Gertruds Stræde 4;1950;1815;Classicism;Forhuset (1815). Fredet 1950.*;Sankt Gertruds Stræde 4, København, Danmark;55,6829820;12,5744460
København;Sankt Peders Stræde 17;Sankt Peders Stræde 17;1988;1809;Classicism;Forhuset in fem fag (1809 og 1834). Fredet 1988.*;Sankt Peders Stræde 17, København, Danmark;55,6793750;12,5700560
København;Sankt Peders Stræde 18, hj;af Teglgårdsstræde;1959;1797;Classicism;Sankt Peders Stræde 18. Hjørnehuset (1797-98). Fredet 1959.*;Sankt Peders Stræde 18, hj, København, Danmark;;
København;Sankt Peders Stræde 27;Sankt Peders Stræde 27;1964;1808;Classicism;Forhuset (1808-09) og det hermed sammenbyggede sidehus. Fredet 1964. Udvidet 1981.*;Sankt Peders Stræde 27, København, Danmark;55,6791740;12,5693750
København;Sankt Peders Stræde 28;Sankt Peders Stræde 28;1959;1797;Classicism;Forhuset (1797-98). Fredet 1959.*;Sankt Peders Stræde 28, København, Danmark;55,6789550;12,5676950
København;Sankt Peders Stræde 29-31, hj;af Larsbjørnsstræde;1964;1796;Classicism;Sankt Peders Stræde 29-31. De two forhuse (ialt syv fag) og det med nr. 29 sammenbyggede firefags sidehus (1796). Fredet 1964. Udvidet 1991.*;Sankt Peders Stræde 29-31, hj, København, Danmark;;
København;Sankt Peders Stræde 32;Sankt Peders Stræde 32;1977;1797;Classicism;Forhuset (1797). Fredet 1977.*;Sankt Peders Stræde 32, København, Danmark;55,6788460;12,5673230
København;Sankt Peders Stræde 41;Sankt Peders Stræde 41;1959;1796;Classicism;Forhuset med sidehus (1796-97). Fredet 1959. Udvidet 2008 *;Sankt Peders Stræde 41, København, Danmark;55,6788050;12,5679310
København;Skindergade 19, hj;af Kejsergade;1945;1835;Classicism;Skindergade 19. Hjørnehuset (ca. 1835). Fredet 1945.*;Skindergade 19, hj, København, Danmark;;
København;Skindergade 21;Skindergade 21;1964;1833;Classicism;Forhus og sidehus (1833-34). Fredet 1964.*;Skindergade 21, København, Danmark;55,6798890;12,5749900
København;Skindergade 22;Skindergade 22;1979;1809;Classicism;Hjørnehuset med sidebygning (1809-10). Fredet 1979. Udvidet 1980.*;Skindergade 22, København, Danmark;55,6799010;12,5746970
København;Skindergade 23;Skindergade 23;1964;1831;Classicism;Forhuset (1831). Fredet 1964.;Skindergade 23, København, Danmark;55,6797830;12,5748730
København;Skindergade 32 og Fiolstræde 2;Skindergade 32 og Fiolstræde 2;1945;1837;Classicism;Hjørnebygningen (1837-38 af Thomas Blom). Fredet 1945.*;Skindergade 32 og Fiolstræde 2, København, Danmark;;
København;Skindergade 34 og Dyrkøb 1;Soldins Stiftelse;1918;1812;Classicism;Forhus to Skindergade med two korte fløje og mur mod Dyrkøb (1812-15 af C.F. Hansen). Fredet 1918.*;Skindergade 34 og Dyrkøb 1, København, Danmark;;
København;Skindergade 38 og Dyrkøb 5;Skindergade 38 og Dyrkøb 5;1951;1812;Classicism;"Forhuse mod Dyrkøb og Skindergade (Dyrkøb 5 fra 1812-14; Skindergade 38 fra 1820-22). Fredet 1951.*";Skindergade 38 og Dyrkøb 5, København, Danmark;;
København;Skindergade 40;Skindergade 40;1945;1817;Classicism;Forhus mod Skindergade (1817, forhøjet med en etage 1851-52). Fredet 1945.*;Skindergade 40, København, Danmark;55,6787050;12,5727530
København;Skindergade 42;Skindergade 42;1945;1810;Classicism;Forhuset (1810-11 af Henrich Scholle). Fredet 1945.*;Skindergade 42, København, Danmark;55,6786700;12,5726590
København;Skindergade 44;Skindergade 44;1945;1798;Classicism;Forhuset (1798-99). Fredet 1945.*;Skindergade 44, København, Danmark;55,6786170;12,5725190
København;Slotsholmsgade 6;Slotsholmsgade 6;1945;1783;Classicism;Forhuset (1783 af C.F. Harsdorff). Fredet 1945.;Slotsholmsgade 6, København, Danmark;55,6753440;12,5828110
København;Snaregade 10;Snaregade 10;1945;1797;Classicism;Forhus med side- og baghuse (1797 af Johan Martin Quist, det nordre baghus: 1808) opført om en halvcirkelformet gård. Fredet 1945.*;Snaregade 10, København, Danmark;55,6770970;12,5764740
København;Snaregade 12-14 og Knabrostræde 23;Snaregade 12-14 og Knabrostræde 23;1945;1795;Classicism;De two treetages forhuse og muren mod Snaregade samt pakhuset mod Knabrostræde (1795-98 af Michael Bälckow, pakhuset 1810-13). Fredet 1945.;Snaregade 12-14 og Knabrostræde 23, København, Danmark;;
København;Snaregade 6;Snaregade 6;1945;1798;Classicism;Forhuset (1798-99 af Poul Egeroed). Fredet 1945.;Snaregade 6, København, Danmark;55,6772360;12,5767660
København;Snaregade 8;Snaregade 8;1945;1806;Classicism;Forhus med side- og baghus (1806-07 af Poul Egeroed). Fredet 1945.*;Snaregade 8, København, Danmark;55,6771610;12,5766230
København;Store Kannikestræde 11;Professorgården;1918;1752;Classicism;Forhus og baghus (1752-53 af Joachim Frederik Ramus). Fredet 1918. *;Store Kannikestræde 11, København, Danmark;55,6806430;12,5750760
København;Store Kannikestræde 12;Borchs Kollegium;1918;1824;Classicism;Forhuset (1824-25 af Peder Malling). Fredet 1918.;Store Kannikestræde 12, København, Danmark;55,6804840;12,5744740
København;Store Kannikestræde 13;Store Kannikestræde 13;1932;1752;Classicism;Forhuset (1752-53 af Joachim Frederik Ramus, kvist ombygget to fuld etage 1869). Fredet 1932. *;Store Kannikestræde 13, København, Danmark;55,6805100;12,5748600
København;Store Kannikestræde 15, hj;af Lille Kannikestræde;1926;1828;Classicism;Store Kannikestræde 15. Hjørnehuset (1828-29 af C.O. Aagaard). Fredet 1926.*;Store Kannikestræde 15, hj, København, Danmark;;
København;Store Kirkestræde 3, hj;af Højbro Plads 3;1964;1798;Classicism;Store Kirkestræde 3 og Højbro Plads 3. Forhus med sidehus (1798-99). Fredet 1964.*;Store Kirkestræde 3, hj, København, Danmark;;
København;Store Kongensgade 108 og 108 A, B, D;Christians Plejehus (tidl.);1918;1765;Classicism;Forhuset (1765-69 af C.C. Pflueg) forreste sidehus, tværhus og bageste sidehus. Fredet 1918.*;Store Kongensgade 108 og 108 A, B, D, København, Danmark;;
København;Store Kongensgade 110;Store Kongensgade 110;1918;1801;Classicism;Forhuset og det dermed sammenbyggede sidehus (1801-04). Fredet 1918. Udvidet 1975.*;Store Kongensgade 110, København, Danmark;55,6870520;12,5902290
København;Store Kongensgade 56, hj;af Dronningens Tværgade;1974;1754;Classicism;Store Kongensgade 56 og Dronningens Tværgade 11. Hjørnebygningen (før 1754 og 1808, ombygget 1846) med sidehus. Fredet 1974.*;Store Kongensgade 56, hj, København, Danmark;;
København;Store Kongensgade 59;Store Kongensgade 59;1918;1782;Classicism;Forhuset (1782 og later). Fredet 1918.*;Store Kongensgade 59, København, Danmark;55,6842630;12,5874820
København;Store Kongensgade 62;Store Kongensgade 62;1985;1807;Classicism;Forhuset med sidehus (1807) og baghus (1808, forhøjet 1835). Fredet 1985.*;Store Kongensgade 62, København, Danmark;55,6839140;12,5875710
København;Store Kongensgade 67 A-C;Mekanicus Kretz' Gård;1973;1836;Classicism;Forhus med de dertil stødende sidehuse (1836-38), det nordlige sidehus' forlængelse, tværhuset (ca. 1750) samt sidehuset in baggård (mellem 1807 og 1835). Fredet 1973.*;Store Kongensgade 67 A-C, København, Danmark;55,6826164;12,5862968
København;Store Kongensgade 72;Den Barnekowske Ejendom, De Conincks Gård;1918;1797;Classicism;Forhuset med de dertil stødende sidehuse samt den med søndre sidehus sammenbyggede mellembygning (1797, muligvis af Joseph-Jacques Ramée). Fredet 1918.*;Store Kongensgade 72, København, Danmark;55,6845690;12,5881350
København;Store Kongensgade 77;Store Kongensgade 77;1964;1832;Classicism;Forhus og sidehus (1832). Fredet 1964.;Store Kongensgade 77, København, Danmark;55,6853260;12,5883730
København;Store Kongensgade 79 A;Store Kongensgade 79 A;1926;1832;Classicism;Forhuset inkl. smigfaget mod sidehuset (1832-33). Fredet 1926. *;Store Kongensgade 79 A, København, Danmark;55,6854570;12,5884370
København;Store Kongensgade 81 A-D;Store Kongensgade 81 A-D;1918;1784;Classicism;Forhuset, sidehuset, mellemhuset samt de two hermed sammenbyggede sidehuse in baggården og de two baghuse (forhuset 1784-85 af murermester M.H. Petermann, sidehus og mellemhus 1750'erne). Fredet 1918. Udvidet 1987.*;Store Kongensgade 81 A-D, København, Danmark;55,6826164;12,5862968
København;Store Strandstræde 18 A;Waagepetersens Gård;1918;1792;Classicism;Forhuset (1792-93 af Johan Martin Quist). Fredet 1918. *;Store Strandstræde 18 A, København, Danmark;55,6810770;12,5892270
København;Store Strandstræde 20;Store Strandstræde 20;1950;1788;Classicism;Hjørnehuset (1788-89). Fredet 1950. *;Store Strandstræde 20, København, Danmark;55,6812400;12,5896400
København;Store Strandstræde 7;Store Strandstræde 7;1989;1781;Classicism;Alle ejendommens bygninger: forhus på tre grundmurede fag (1781, nuværende facade 1848 og 1892), sidehus på fem fag in grundmur (1781) og det med trappen sammenbyggede baghus in two grundmurede fag (1801). Fredet 1989.*;Store Strandstræde 7, København, Danmark;55,6810430;12,5881360
København;Strandgade 104-106 (tidl;Strandgade 100) og Krøyers Plads;1964;1766;Classicism;"Grønlandske Handels Plads. Det store pakhus på 23 fag (1766-67 af Johan Christian Conradi), """"Skindpakhuset"""" (1805-06)* samt """"Det brede Pakhus"""", også kaldet """"Det store Bakkehus"""" (1781)*. Fredet 1964. Udvidet 2002.";Strandgade 104-106 (tidl, København, Danmark;;
København;Strandgade 12;Strandgade 12;1918;1762;Classicism;Forhuset med tilstødende syv fag lange sidehus (1762-94, sidehus opført 1731-47). Fredet 1918.*;Strandgade 12, København, Danmark;55,6732390;12,5888140
København;Strandgade 25;Det Asiatiske Kompagni;1918;1781;Classicism;De to ensdannede forhuse (det sydvestre 1738 af Philip de Lange, det nordøstre 1781) med den verbindende mur og det med det nordøstre forhus sammenbyggede pakhus (1781) samt det 21 fag lange pakhus (1748-50 af Niels Eigtved). Fredet 1918.;Strandgade 25, København, Danmark;55,6745700;12,5904410
København;Strandgade 36 og Wildersgade 51;Niels Brocks Gård;1918;1780;Classicism;Forhus med de mod nr. 38 beliggende sidehuse (1780 og senere) og pakhus mod Wildersgade. Fredet 1918.*;Strandgade 36 og Wildersgade 51, København, Danmark;;
København;Strandgade 4 og 4 B;Strandgade 4 og 4 B;1918;1819;Classicism;Beboelseshus (ca. 1789) og pakhus (1819). Fredet 1918.*;Strandgade 4 og 4 B, København, Danmark;;
København;Strandgade 71075;Pakhuset, Strandgade 71-75;1964;1762;Classicism;Det store pakhus på 16 fag (1762-63 af Johan Christian Conradi, senere ombygninger). Fredet 1964.*;Strandgade 71075, København, Danmark;55,6769025;12,5963159
København;Studiestræde 10;Studiestræde 10;1964;1800;Classicism;Forhuset (1800-01 af Christopher Chrane). Fredet 1964.;Studiestræde 10, København, Danmark;55,6789600;12,5702170
København;Studiestræde 12;Studiestræde 12;1964;1798;Classicism;Forhuset (1798-99 af Jens Dahl). Fredet 1964.*;Studiestræde 12, København, Danmark;55,6788930;12,5700340
København;Studiestræde 13 og 13 A;Studiestræde 13-13 A;1959;1798;Classicism;Forhusene (1798 af Niels Zimmer). Fredet 1959.*;Studiestræde 13 og 13 A, København, Danmark;;
København;Studiestræde 14;Studiestræde 14;1964;1801;Classicism;Forhuset (1801-02 af J.J. Schlage). Fredet 1964.*;Studiestræde 14, København, Danmark;55,6788230;12,5698380
København;Studiestræde 17 og 17 B;Studiestræde 17 og 17 B;1989;1822;Classicism;Det trefags forhus med sidehus samt det trefags baghus med 10 m. dyb kælder (alle grundmur og opført 1822). Fredet 1989.*;Studiestræde 17 og 17 B, København, Danmark;;
København;Studiestræde 21;Studiestræde 21;1951;1797;Classicism;Forhuset (1797 af Christian Martens, forhøvet med en etage 1890). Fredet 1951.*;Studiestræde 21, København, Danmark;55,6785730;12,5696460
København;Studiestræde 24;Studiestræde 24;1959;1796;Classicism;Forhuset (1796-98). Fredet 1959.*;Studiestræde 24, København, Danmark;55,6784210;12,5687630
København;Studiestræde 25 A, hj;af Larsbjørnsstræde;1964;1796;Classicism;Studiestræde 25 A. Hjørnebygningen med otte fag mod Studiestræde (1796, forhøjet med en etage 1851). Fredet 1964.*;Studiestræde 25 A, hj, København, Danmark;;
København;Studiestræde 35;Studiestræde 35;1959;1796;Classicism;Forhuset (1796). Fredet 1959.*;Studiestræde 35, København, Danmark;55,6781320;12,5684620
København;Studiestræde 5, 7 og 9;Studiestræde 5-9;1951;1796;Classicism;"Forhusene (nr. 5: 1796; nr. 7: 1807-08 af Jacob Lynge; nr. 9: 1798-99 af Michael Bälckow). Fredet 1951.*";Studiestræde 5, 7 og 9, København, Danmark;;
København;Studiestræde 8;Noahs Ark;1996;1798;Classicism;Forhuset samt halvtagsbygningen og den brolagte baggård (1798 af Christian Martens). Fredet 1996.;Studiestræde 8, København, Danmark;55,6790200;12,5703810
København;Sværtegade 3 og Pilestræde 40;Sværtegade 3 og Pilestræde 40;1950;1826;Classicism;Forhus (ca. 1730 af Gotfrid Schuster, forhøjet med to etager 1791, kunstdrejer Schwartz' butik indrettet 1847 af H.C. Stilling) med side- og baghusbygningen (1826). Fredet 1950. Udvidet 1985.*;Sværtegade 3 og Pilestræde 40, København, Danmark;;
København;Sværtegade 9;Sværtegade 9;1985;1756;Classicism;Forhuset (1756, forhøjet 1847, facaden 1847). Fredet 1985.*;Sværtegade 9, København, Danmark;55,6811990;12,5808790
København;Sølvgade 16;Sølvgades Skole;1982;1846;Classicism;Sølvgades Skole, bestående af hovedbygningen (1846-47 af P.C. Hagemann), gitteret (1864) mod Sølvgade samt skolegårdens akacietræ og flagstang. Fredet 1982, udvidet 2006;Sølvgade 16, København, Danmark;55,6864930;12,5832420
København;Sølvgade 20;Sølvgade 20;1977;1826;Classicism;Forhuset og de dermed sammenbyggede to sidehuse (1826-27 af Thomas Blom). Fredet 1977.*;Sølvgade 20, København, Danmark;55,6864220;12,5827260
København;Sølvgade 22;Sølvgade 22;1977;1830;Classicism;Forhuset og de dermed sammenbyggede to sidehuse (1830-31 af Thomas Blom). Fredet 1977.*;Sølvgade 22, København, Danmark;55,6864870;12,5824940
København;Sølvgade 34;Fredning Sølvgade 34;1964;1834;Classicism;Forhus og sidehus (1834). Fredet 1964.*;Sølvgade 34, København, Danmark;55,6868820;12,5810550
København;Sølvgade 38 og 38 A;Jacob Holmblads Gård;1918;1776;Classicism;Forhus med sidefløj (1776) og dermed sammenbygget treetages lagerbygning (1776). Fredet 1918.*;Sølvgade 38 og 38 A, København, Danmark;;
København;Teglgårdsstræde 12;Teglgårdsstræde 12;1972;1791;Classicism;Forhus (1791), sidehus (før 1781), tværhus (1730) og baghus (1729). Fredet 1972.*;Teglgårdsstræde 12, København, Danmark;;
København;Teglgårdsstræde 16 og 16A;Teglgårdsstræde 16;1985;1805;Classicism;Forhuset og baghuset (1805 af Poul Egeroed) samt gårdspladsens brolægning. Fredet 1985.*;Teglgårdsstræde 16 og 16A, København, Danmark;;
København;Teglgårdsstræde 5-7;Teglgårdsstræde 5-7;1959;1799;Classicism;"Forhusene (nr. 5: 1799-1802 af Christopher Chrane; nr.7: 1801). Fredet 1959.*";Teglgårdsstræde 5-7, København, Danmark;;
København;Toldbodgade 12;Toldbodgade 12;1959;1807;Classicism;Forhuset (1807, pakhus). Fredet 1959.*;Toldbodgade 12, København, Danmark;55,6804400;12,5921560
København;Toldbodgade 24-28;Korntørringsmagasinet;1959;1787;Classicism;De to store sammenbyggede pakhuse (1787, mellembygningen fra 1885). Fredet 1959.*;Toldbodgade 24-28, København, Danmark;55,6829694;12,5940804
København;Toldbodgade 36 A og B;Blå Pakhus;1946;1781;Classicism;Pakhusbygningen (1781-83 af C.F. Harsdorff). Fredet 1946.*;Toldbodgade 36 A og B, København, Danmark;;
København;Toldbodgade 38;Gule Pakhus;1944;1777;Classicism;Pakhusbygningen (1777-83 af Georg Erdman Rosenberg, ombygget og restaureret 1978-79). Fredet 1944.;Toldbodgade 38, København, Danmark;55,6856080;12,5968610
København;Toldbodgade 40;Vestindisk Pakhus;1944;1780;Classicism;Pakhusbygningen (1780-81 af C.F. Harsdorff) samt portpillerne ved indkørslen fra Toldbodgade (opr. Botanisk Have i Amaliegade, ca. 1752). Fredet 1944.*;Toldbodgade 40, København, Danmark;55,6860220;12,5971450
København;Toldbodgade 5;Toldbodgade 5;1977;1793;Classicism;Forhuset (mellem 1716 og 1733, forhøjet 1793) med sidehus og baghus (1793). Fredet 1977. Udvidet 1992.*;Toldbodgade 5, København, Danmark;55,6800720;12,5914980
København;Toldbodgade 7;Toldbodgade 7;1977;1846;Classicism;Forhuset med sidehus (1846 af Mogens Sørensen) og baghuset (fra før 1733, forhøjet 1733 og ombygget 1846) og den trefags trappemellembygning. Fredet 1977. Udvidet 1989.;Toldbodgade 7, København, Danmark;55,6801550;12,5915720
København;Toldbodgade 9;Toldbodgade 9;1959;1789;Classicism;Forhuset og side- og baghus (før 1789, forhuset ombygget 1857). Fredet 1959. Udvidet 1989.*;Toldbodgade 9, København, Danmark;55,6802310;12,5916310
København;Torvegade 24;Torvegade 24;1991;1793;Classicism;Forhuset (1793, ombygget ca. 1900) og trappehuset (1793, tidl. del af to sidehuse). Fredet 1991.*;Torvegade 24, København, Danmark;55,6732080;12,5894700
København;Torvegade 30;Torvegade 30;1918;1769;Classicism;Forhuset (1769) og baghuset (før 1729, ombygget før 1838). Fredet 1918. Udvidet 1997.*;Torvegade 30, København, Danmark;55,6729300;12,5900250
København;Torvegade 32;Torvegade 32;1993;1756;Classicism;Forhus med sidehus (1756-57, forhøjet 1846). Fredet 1993.*;Torvegade 32, København, Danmark;55,6728860;12,5900940
København;Trekroner 1, Københavns havn;Trekroner Fort;1984;1787;Classicism;Søfortet med alle anlæg og bygninger (1787 og senere). Fredet 1984.*;Trekroner 1, Københavns havn, København, Danmark;;
København;Valkendorfsgade 17;Valkendorfsgade 17;1959;1761;Classicism;Forhuset med sidehus og trappehus (1761). Fredet 1959.*;Valkendorfsgade 17, København, Danmark;55,6797250;12,5774320
København;Vandkunsten 10, hj;af Gåsegade;1945;1802;Classicism;Vandkunsten 10. Hjørnehuset (1802-03). Fredet 1945. *;Vandkunsten 10, hj, København, Danmark;;
København;Vandkunsten 13;Vandkunsten 13;1972;1754;Classicism;Forhuset (1754) og det nordlige sidehus (1783). Fredet 1972.*;Vandkunsten 13, København, Danmark;55,6758430;12,5739970
København;Vandkunsten 8 og Kompagnistræde 39;Vandkunsten 8 og Kompagnistræde 39;1918;1750;Classicism;"Forhuse mod Vandkunsten og Kompagnistræde med forbindende sidehuse (Vandkunsten 8: ca. 1750, men helt ombygget 1803-08; Kompagnistræde 39: 1803, de to østlige fag tilføjet 1859). Fredet 1918. *";Vandkunsten 8 og Kompagnistræde 39, København, Danmark;;
København;Ved Stranden 10, hj;af Boldhusgade;1918;1796;Classicism;Sundorphs Hus. Forhus mod Ved Stranden og Boldhusgade samt sidehus (1796-97). Fredet 1918.*;Ved Stranden 10, hj, København, Danmark;;
København;Ved Stranden 12;Ved Stranden 12;1932;1796;Classicism;Forhus med sidehus (1796). Fredet 1932.*;Ved Stranden 12, København, Danmark;55,6773770;12,5814830
København;Ved Stranden 14 og Admiralgade 24;Gustmeyers Gård;1918;1796;Classicism;Forhus mod Ved Stranden og tilstødende sidehus med samme gesimshøjde som forhus (1796 af Johan Martin Quist, salen indrettet 1874-75 af Hans J. Holm), mur med portpiller på tværs af gården og hermed sammenbygget enetages udhus samt forhuset mod Admiralgade. Fredet 1918.*;Ved Stranden 14 og Admiralgade 24, København, Danmark;;
København;Ved Stranden 8, hj;af Boldhusgade;1932;1796;Classicism;Ved Stranden 8. Hjørnebygningen (1796-97). Fredet 1932.;Ved Stranden 8, hj, København, Danmark;;
København;Vester Voldgade 19, hj;af Studiestræde;1974;1796;Classicism;Vester Voldgade 19. Forhuset (1796-97, forhøjet 1845). Fredet 1974.*;Vester Voldgade 19, hj, København, Danmark;;
København;Vesterbrogade;Frihedsstøtten, København;1918;1792;Classicism;Frihedsstøtten (1792-97 af Nicolai Abildgaard, restaureret 1999). Fredet 1918;Vesterbrogade, København, Danmark;55,6720473;12,5476561
København;Vesterbrogade 148;Sorte Hest;1980;1771;Classicism;Forhuset (1771, forhøjet ca. 1825), hjørnebygningen (1797) med sidehusforlængelse (1872, forhøjet 1929) samt mellembygning (1788 opr. kakkelovnsfabrik) og den brolagte gårdsplads. Fredet 1980.*;Vesterbrogade 148, København, Danmark;55,6708799;12,5428221
København;Vesterbrogade 59;Den Kgl;1926;1782;Classicism;Skydebane. Hovedbygningen (1782-87 antagelig af Henrich Brandemann) med sidefløje mod syd (1886) og nord (1896) samt den hermed sammenbyggede portbygning. Fredet 1926.;Vesterbrogade 59, København, Danmark;55,6724520;12,5530420
København;Vestergade 1, hj;af Vestergade og Gammeltorv;1950;1796;Classicism;Vestergade 1. Forhuset (1796). Fredet 1950.*;Vestergade 1, hj, København, Danmark;;
København;Vestergade 14-16, hj;af Larsbjørnsstræde;1939;1796;Classicism;Vestergade 14-16, hj. af Larsbjørnsstræde. Forhuse mod Vestergade og Larsbjørnsstræde samt muren langs Larsbjørnsstræde og det mod gården bag denne mur liggende side- og baghus (hjørnehuset samt bebyggelsen mod Larsbjørnsstræde 1796 af L.L. Thrane og C.F. Hollander). Fredet 1939.;Vestergade 14-16, hj, København, Danmark;;
København;Vestergade 15, hj;af Kattesundet;1959;1797;Classicism;Vestergade 15. Hjørnebygningen med sidehus (1797-98 af Philip Lange og L.L. Thrane). Fredet 1959. *;Vestergade 15, hj, København, Danmark;;
København;Vestergade 2;Obels Gård;1918;1796;Classicism;Forhuset (1796-97). Fredet 1918.*;Vestergade 2, København, Danmark;55,6781340;12,5712090
København;Vestergade 20;Vestergade 20;1939;1797;Classicism;Forhuset (1797 af A.C. Wilcken). Fredet 1939.*;Vestergade 20, København, Danmark;55,6773250;12,5693920
København;Vestergade 21;Vestergade 21;1977;1795;Classicism;Forhus med side- og baghus (1795-96). Fredet 1977.*;Vestergade 21, København, Danmark;55,6774440;12,5699020
København;Vestergade 22;Vestergade 22;1959;1798;Classicism;Forhuset (1798-99). Fredet 1959.*;Vestergade 22, København, Danmark;55,6772590;12,5692840
København;Vestergade 24;Vestergade 24;1959;1797;Classicism;Forhuset (1797). Fredet 1959.*;Vestergade 24, København, Danmark;55,6771850;12,5691740
København;Vestergade 26;Vestergade 26;1939;1796;Classicism;Forhuset (1796-97). Fredet 1939.*;Vestergade 26, København, Danmark;55,6771060;12,5690400
København;Vestergade 27;Vestergade 27;1959;1797;Classicism;Forhuset med to sidehuse og baghuset (1797-99 af J.W. Steenberg). Fredet 1959.*;Vestergade 27, København, Danmark;55,6772640;12,5696460
København;Vestergade 3;Vestergade 3;1959;1795;Classicism;Forhuset, side- og baghus (1795-96). Fredet 1959. Udvidet 1988.*;Vestergade 3, København, Danmark;55,6779680;12,5712000
København;Vestergade 5;Vestergade 5;1918;1796;Classicism;Forhuset (1796-97). Fredet 1918.*;Vestergade 5, København, Danmark;55,6779060;12,5710050
København;Vestergade 7;Vestergade 7;1991;1797;Classicism;Forhuset med side- og baghus (1797-98 af Andreas Kirkerup, baghuset forhøjet 1875). Fredet 1991.*;Vestergade 7, København, Danmark;55,6778450;12,5708400
København;Vingårdstræde 19;Vingårdstræde 19;1959;1796;Classicism;Forhuset (1796-97 af Niels Hansen og H.C. Schmidt). Fredet 1959.*;Vingårdstræde 19, København, Danmark;55,6784520;12,5828160
København;Vingårdstræde 21, hj;af Nikolajgade;1945;1797;Classicism;Vingårdstræde 21. Hjørnebygningen med sidehus (1797). Fredet 1945.*;Vingårdstræde 21, hj, København, Danmark;;
København;Vingårsstræde 22 og Nikolaj Plads 15 (tidl;Nikolaj Plads 13);1959;1848;Classicism;Vingårsstræde 22 og Nikolaj Plads 15. Hjørnebygningen (1848-49 af P.C. Hagemann). Fredet 1959. *;Vingårsstræde 22 og Nikolaj Plads 15 (tidl, København, Danmark;;
København;Wildersgade 15;Wildersgade 15;1964;1778;Classicism;Forhuset (ca. 1778). Fredet 1964.*;Wildersgade 15, København, Danmark;55,6727640;12,5892250
København;Wildersgade 20, Overgaden neden Vandet 17;Wildersgade 20 og Overgaden neden Vandet 17;1989;1790;Classicism;Forhuset Wildersgade 20 (1790), forhuset og det lille mellemhus i Overgaden neden Vandet 17 (1887 af Frederik Bøttger). Fredet 1989.*;Wildersgade 20, Overgaden neden Vandet 17, København, Danmark;;
København;Wildersgade 34;Wildersgade 34;1959;1764;Classicism;De to forhuse (1764, forhøjet 1780) samt det nordøstlige sidehus. Fredet 1959.*;Wildersgade 34, København, Danmark;55,6733290;12,5904800
København;Wildersgade 37;Wildersgade 37;1980;1776;Classicism;Forhus (opr. to huse fra beg. af 1700-tallet, sammenlagt 1750, forhøjet 1776, facadeudsmykning ca. 1850-1900) med sidehus (1776, forkortet 1978). Fredet 1980.*;Wildersgade 37, København, Danmark;55,6735610;12,5905060
København;Wildersgade 46;Brænderigaarden;1959;1760;Classicism;Forhuset (1760, forhøjet 1801) og det dermed sammenbyggede sidehus. Fredet 1959. Udvidet 1983.*;Wildersgade 46, København, Danmark;55,6736400;12,5910040
København;Wildersgade 49 A-B;Wildersgade 49 A-B;1982;1783;Classicism;Forhuset (mellem 1783 og 1801). Fredet 1982.*;Wildersgade 49 A-B, København, Danmark;55,6739785;12,5913924
København;Åbenrå 27;Åbenrå 27;1959;1761;Classicism;Forhus med sidehus (1761, facaden ændret ca. 1860). Fredet 1959.*;Åbenrå 27, København, Danmark;55,6833570;12,5755980
København;Abel Cathrinesgade 13;Abel Cathrines Stiftelse;1980;1885;Historicism;Det firefløjede anlæg (1885-86 af H.B. Storck). Fredet 1980.;Abel Cathrinesgade 13, København, Danmark;;
København;Absalonsgade 12 og Istedgade 72-74;Skydemuren;1982;1887;Historicism;Skydemuren, der danner den sydlige afgrænsning af skydebanehaven (1887 af Ludvig Knudsen). Fredet 1982.;Absalonsgade 12 og Istedgade 72-74, København, Danmark;;
København;Ahornsgade 15-19;Ahornsgade 15-19;1998;1886;Historicism;Forhus, sidehus og værkstedbygning (opført 1886 af murermester T. Wilde) samt den brostensbelagte gårdsplads. Fredet 1998.;Ahornsgade 15-19, København, Danmark;55,6919267;12,5597310
København;Amaliegade 33;Danmarks Rederiforening;2001;1920;Historicism;Forhuset og sidehuset (1920-23 af Emanuel Monberg). Fredet 2001.*;Amaliegade 33, København, Danmark;55,6866090;12,5951100
København;Amaliegade 38;Det Classenske Bibliotek;1918;1792;Classicism;"Forhuset (nr. 38 opf. 1792 af Peter Hersleb Classen antagelig under medvirken af Andreas Kirkerup;). Fredet 1918.*";Amaliegade 38, København, Danmark;55,6859740;12,5950730
København;Amaliegade 40-42;Jan v;1951;1869;Historicism;Ostens Gård. Amaliegade 40 samt det med nordre forhus sammenbyggede sidehus med samme gesimshøjde som forhuset. Endvidere de enetages længer med mandsardtag syd og øst for gårdspladsen. Desuden Amaliegade 42: Forhuset med sidehuset med samme gesimshøjde som forhuset samt den lave bagbygning med de to vognporte. Hertil kommer baghuset Amaliegade 40 A (1869-70 af Vilhelm Tvede) samt murstykket, der forbinder forhus og baghus på Amaliegade 42, gitter, murpiller og belægningen mellem matr. Nr. 130 og De Engelske Rækkehuse i Toldbodgade, samt brostensbelægningen i gårdrummet bag Amaliegade 40, matr.nr.129 og 130 Sankt Annæ Øster Kvarter, Københavns Kommune. Fredet 1951.* Udvidet 2008.*;Amaliegade 40-42, København, Danmark;55,6856567;12,5945742
København;Arendalsgade 6/ Classensgade 60;Classens Have;2003;1925;Historicism;"Haveanlægget ""Classens Have"" (1925 af stadsgartner Valdemar Fabricius Hansen). Fredet 2003.";Arendalsgade 6/ Classensgade 60, København, Danmark;;
København;Artillerivej 73 B;Den tidl;2014;1917;Historicism;Ballonhangar. Ballonhangaren (1917) med alle udvendige støttestolper og de to oprindelige sidebygninger mod sydøst og nordvest. Fredet 2014*;Artillerivej 73 B, København, Danmark;55,6610710;12,5784400
København;August Bournonvilles Passage 1 (tidl;Tordenskjoldsgade 1);1995;1856;Historicism;Brønnums Hus. Forhuset, sidehuset samt baghuset (1856-66 af Ferdinand Vilhelm Jensen). Fredet 1995.;August Bournonvilles Passage 1 (tidl, København, Danmark;;
København;August Bournonvilles Passage 5 (tidl;Tordenskjoldsgade 5);1995;1929;Historicism;Stærekassen. Det Kongelige Teaters Nye Scene (1929-32 af Holger Jacobsen). Fredet 1995.;August Bournonvilles Passage 5 (tidl, København, Danmark;;
København;Axeltorv 12 og Studiestræde 54;Københavns Vandværk;2010;1859;Historicism;Københavns gamle Vandværk, bestående af maskinhus, kedelhus, kulhus, kontorbygning mod Studiestræde, porthus, skorsten samt de three boligbygninger, den brolagte belægning, gitterhegnet, der afgrænser Pumpehusets forplads, og plankeværket mod Hammerichsgade (1859 med senere ombygninger af arkitekt N.S. Nebelong, vandinspektør L.A. Colding og Ludvig Fenger). Fredet 2010.;Axeltorv 12 og Studiestræde 54, København, Danmark;;
København;Bakkevej 1-51 og 2-52;Bakkehusene, Bakkevej;1981;1921;Historicism;De to husrækker med tilhørende haver og hegnsmure (1921-22 af Thorkild Henningsen og Ivar Bentsen). Fredet 1981.*;Bakkevej 1-51 og 2-52, København, Danmark;;
København;Banegårdspladsen 4;Hotel Astoria;2016;1935;Historicism;Hotelbygningen med arealet under de udkragede etager (1935 af Ole Falkentorp). Fredet 2016 *;Banegårdspladsen 4, København, Danmark;55,6733800;12,5631740
København;Bernstorffsgade 10-22;Københavns Hovedbanegård;1983;1904;Historicism;Banegårdskomplekset bestående af vestibulen, hovedhallen, de seks perronhaller, de to fløje mod Bernstorffsgade (1904-11 af Heinrich Wenck) samt forlængelsen af sydfløjen mod Bernstorffsgade (1922-25 af Heinrich Wenck). Fredet 1983. Præc. 2008.;Bernstorffsgade 10-22, København, Danmark;55,6717103;12,5678213
København;Bispebjerg Bakke 21-23;Bispebjerg Hospital;2010;1908;Historicism;De oprindelige bygninger til Bispebjerg Hospital (1908-1913, arkitekt Martin Nyrop og landskabsgartner Edvard Glæsel) bestående af administrationsbygning, de seks pavillonbygninger, de to operationsbygninger samt forbindelsesbygningerne mellem operationsbygningerne og de fire sydligste pavilloner, badebygningen, tre portbygninger med tilhørende udhuse og mure, kapel og lighus, køkkenbygning, vaskeribygning, maskin- og kedelhus med fritstående skorsten og muren omkring denne, sygeplejerskebygning og funktionærbygning, desuden tunnelerne i det aksefaste anlæg, have-anlæggene med og uden mure omkring de seks pavillonbygninger, trappeanlægget i hospitalets akse, vejforløbet gennem de to buer i forbindelsesbygningerne kaldet 2. Tværvej, vejforløbet fra østre til vestre portbygning kaldet 3. Tværvej, de to nord-sydgående alléer: Østre Længdevej fra nordre portbygning til 1. Tværvej og Vestre Længdevej mellem 1. Tværvej og 5. Tværvej, de to cykelskure ved administrationsbygningen samt overalt oprindelige mure og murpiller. Fredet 2010. Udvidet 2013.;Bispebjerg Bakke 21-23, København, Danmark;55,7112909;12,5409005
København;Blågårds Plads;Blågårds Plads;1998;1913;Historicism;Den forsænkede plads med trapper, brystværn, skulpturer og talerstol samt den omgivende grusgang med lindetræer og pissoiret (1913-15 af Ivar Bentsen og Kai Nielsen). Fredet 1998.;Blågårds Plads, København, Danmark;55,6864038;12,5570596
København;Borgergade 111;Søetatens Pigeskole;1992;1858;Historicism;Den firefløjede tidl. skolebygning, murene ud mod Borgergade og Gernersgade, den tidl. portnerloge samt den tidl. funktionærbolig (1858 af Bernhard Seidelin). Fredet 1992.*;Borgergade 111, København, Danmark;55,6880380;12,5884550
København;Borgergade 140;Borgergade 140;1984;1854;Historicism;Hjørnebygningen (1854 muligvis af P.C. Hagemann). Fredet 1984.*;Borgergade 140, København, Danmark;55,6872790;12,5884430
København;Borgergade 144;Borgergade 144;1978;1854;Historicism;Hjørnebygningen (1854 muligvis af P.C. Hagemann). Fredet 1978.*;Borgergade 144, København, Danmark;55,6876230;12,5887440
København;Borups Allé 5-23;Hornbækhus;1983;1923;Historicism;Karrébebyggelsen på Borups Allé 2-23, Hornbækgade 2-10, Skotterupgade 13-19 og Ågade 116-134, (1923 af Kay Fisker) med tilhørende indre friarealer (G.N. Brandt). Fredet 1983.*;Borups Allé 5-23, København, Danmark;55,6986023;12,5235528
København;Bredgade 24 og Sankt Annæ Plads 2;Bredgade 24 og Sankt Annæ Plads 2;1987;1855;Historicism;Hjørnehuset med sidehus (1855 af N.S. Nebelong). Fredet 1987.*;Bredgade 24 og Sankt Annæ Plads 2, København, Danmark;;
København;Bredgade 4 og Store Strandstræde 3;Grandjeans Gaard;1959;1853;Historicism;Forhuset mod Bredgade og Store Strandstræde (1853-54 af Christian Tybjerg). Fredet 1959.*;Bredgade 4 og Store Strandstræde 3, København, Danmark;;
København;Bredgade 51;Bredgade 51;1984;1880;Historicism;Forhuset mod Bredgade og Frederiksgade med udbygningen mod vest, muren med port omkring gården mod Frederiksgade samt støbejernsgitret ved sydgavlen (1880'erne af Ferdinand Meldahl). Fredet 1984.*;Bredgade 51, København, Danmark;55,6850630;12,5906930
København;Bredgade 53;Aleksander Nevskij Kirke;1981;1881;Historicism;Kirkebygningen (1881-83 af David Ivanovitch Grimm). Fredet 1981.*;Bredgade 53, København, Danmark;55,6852380;12,5908450
København;Bredgade 63 og 63 A;Bredgade 63 og 63 A;1988;1886;Historicism;Forhus, to sidehuse og baghus (1886 af Ferdinand Vilhelm Jensen). Fredet 1988.*;Bredgade 63 og 63 A, København, Danmark;;
København;Bredgade 65 og 65 A;Bredgade 65 og 65 A;1989;1886;Historicism;Forhus, to sidehuse (Bredgade 65) samt baghus (Bredgade 65 A) (1886 af Ferdinand Vilhelm Jensen). Fredet 1989.*;Bredgade 65 og 65 A, København, Danmark;;
København;Bredgade 71;Bredgade 71;1987;1853;Historicism;Forhus med side- og baghus (1853). Fredet 1987.*;Bredgade 71, København, Danmark;55,6869410;12,5921610
København;Bredgade 76;Bredgade 76;1951;1854;Historicism;Forhus nr. 76 med sidehus (1854-55) og dertil stødende baghus (1755-57). Fredet 1951.*;Bredgade 76, København, Danmark;55,6873110;12,5929460
København;Brønshøjvej 29;Brønshøj Vandtårn;2000;1928;Historicism;Brønshøj Vandtårn (1928 af Ib Lunding). Fredet 2000.;Brønshøjvej 29, København, Danmark;55,7003070;12,4983400
København;Classensgade 52-68;Ved Classens Have;2001;1924;Historicism;"Etagebeboelseskomplekset """"Ved Classens Have"""" med tilhørende køkkengårde, garageanlæg og havemur med låge, opført 1924-25 af Carl Petersen, Povl Baumann, Ole Falkentorp m.fl."" Fredet 2001.*";Classensgade 52-68, København, Danmark;55,6963686;12,5801754
København;Dampfærgevej 2, 4 og Amerikakaj 5;Frihavnens Elektriske Centralstation (tidl.);1996;1894;Historicism;Dampfærgevej 2: Elektricitetsværket (1894-95 af Vilhelm Dahlerup) med tilføjelser (1899), Damfærgevej 4: Værkstedsbygning (1913 af Henning Jørgensen) og Amerikakaj 5: Kedelhuset med tilhørende skorsten (1899 af Fr.L. Levy). Fredet 1996.*;Dampfærgevej 2, 4 og Amerikakaj 5, København, Danmark;;
København;Dantes Plads 7;Ny Carlsberg Glyptotek;1982;1897;Historicism;Ny Carlsberg Glyptoteks museumsbygning (1897-1906 af Vilhelm Dahlerup og 1921-25 af Hack Kampmann) og indre gårdspladser samt forpladsen mod Dantes Plads og haveanlæggene mod Tietgensgade, Ved Glyptoteket og Niels Brocksgade. Fredet 1982.*;Dantes Plads 7, København, Danmark;55,6729390;12,5725800
København;Dronningens Tværgade 23-35 og Borgergade 15;Dronningegården;1995;1943;Historicism;Det vinkelformede etageboligbyggeri samt pladsen afgrænset af bebyggelsen Dronningens Tværgade og Adelgade (1943-44 af Kay Fisker, C.F. Møller og Eske Kristensen). Fredet 1995.*;Dronningens Tværgade 23-35 og Borgergade 15, København, Danmark;;
København;Dronningens Tværgade 37-43;Christiansgården, del af Dronningegården;1995;1943;Historicism;Det vinkelformede etageboligbyggeri samt pladsen afgrænset af bebyggelsen Dronningens Tværgade og Adelgade (1943 af Kay Fisker, C.F. Møller og Eske Kristensen). Fredet 1995.*;Dronningens Tværgade 37-43, København, Danmark;55,6833231;12,5881613
København;Dronningens Tværgade 4;Palæ-garagerne;1994;1933;Historicism;Palæ Garager. Garageanlægget samt overdækningen af tankstationen ved anlæggets udkørsel (1933 af Oscar Gundlach-Pedersen og Højgaard & Schultz). Fredet 1994.*;Dronningens Tværgade 4, København, Danmark;55,6833750;12,5884420
København;Dyrkøb 7;Dyrkøb 7;1945;1870;Historicism;Forhus med sidehus (ca. 1870). Fredet 1945.;Dyrkøb 7, København, Danmark;55,6789500;12,5725670
København;Ehlersvej 17;Ehlersvej 17;2001;1930;Historicism;Villaen med tilhørende garage og trappe samt mure med port (1930-31 af Frits Schlegel). Fredet 2001.*;Ehlersvej 17, København, Danmark;55,7281200;12,5716570
København;Esplanaden 15-17;Esplanaden 15-17;1979;1856;Historicism;Den treetages bygning med tilbygget beværterpavillon (1856 af G.F. Hetsch). Fredet 1979.*;Esplanaden 15-17, København, Danmark;55,6874075;12,5911962
København;Ewaldsgade 5;Ewaldsgade 5;1978;1853;Historicism;Villaen (1853 af N.S. Nebelong). Fredet 1978.*;Ewaldsgade 5, København, Danmark;55,6830350;12,5579470
København;Ewaldsgade 9 (tidl;Ewaldsgade 7-9);1978;1858;Historicism;Ewaldsgade 9. Villaen (1858 af J.D. Herholdt). Fredet 1978.*;Ewaldsgade 9 (tidl, København, Danmark;;
København;Fabriksområdet 111 A;Multihuset, Laboratoriets Hovedmagasin, Christiania;2008;1871;Historicism;Landetatens Laboratoriums hovedmagasin, ”Multihuset”, (1871 af ingeniørkaptajn Petersen). Fredet 2008.*;Fabriksområdet 111 A, København, Danmark;55,6739990;12,6030280
København;Fiolstræde 24;Fiolstræde 24;1945;1857;Historicism;Forhuset (1857 af Jacob Beierholm Wenzel). Fredet 1945. *;Fiolstræde 24, København, Danmark;55,6812910;12,5727970
København;Folke Bernadottes Allé 45;Toldvagten;1988;1894;Historicism;Hovedbygningen (1894 af Erik Schiødte), sidelængen (1918 af J.C.M. Agerskov) og den treetages tilbygning (1932 af John Dich) samt de omgivende perroner med støbejernssøjler. Fredet 1988.*;Folke Bernadottes Allé 45, København, Danmark;55,6950870;12,5933580
København;Folmer Bendtsens Plads 17/ Nørrebrogade 253, tidl;Lundtoftegade 147;1992;1929;Historicism;Nørrebro Station. Stationsbygningen (1929-30 af K.T. Seest). Fredet 1992.;Folmer Bendtsens Plads 17/ Nørrebrogade 253, tidl, København, Danmark;;
København;Fredericiagade 12;Fredericiagade 12;1987;1853;Historicism;Forhus med side- og baghus (1853). Fredet 1987.*;Fredericiagade 12, København, Danmark;55,6854190;12,5923230
København;Fredericiagade 14-14 A;Fredericiagade 14-14 A;1987;1854;Historicism;Forhus med side- og baghus (1854). Fredet 1987.*;Fredericiagade 14-14 A, København, Danmark;55,6855071;12,5916138
København;Fredericiagade 4;Fredericiagade 4;1988;1854;Historicism;Forhus i syv fag (1854). Fredet 1988.*;Fredericiagade 4, København, Danmark;55,6851650;12,5932590
København;Fredericiagade 8;Fredericiagade 8;1988;1852;Historicism;Forhus i syv fag (1852). Fredet 1988.*;Fredericiagade 8, København, Danmark;55,6852930;12,5927880
København;Frederiksgade 1 og Store Kongensgade 86-88;Frederiksgade 1 og Store Kongensgade 86-88;1984;1880;Historicism;Den firefløjede bebyggelse og støbejernsgitrene ved trappen i sydgavlen og omkring forhaven (1880'erne af Ferdinand Meldahl). Fredet 1984.*;Frederiksgade 1 og Store Kongensgade 86-88, København, Danmark;;
København;Frederiksgade 10;Frederiksgade 10;1984;1880;Historicism;Forhuset med de to udbygninger mod syd samt støbejernsgitrene omkring forhaven (1880'erne af Ferdinand Meldahl). Fredet 1984.*;Frederiksgade 10, København, Danmark;55,6845720;12,5892630
København;Frederiksgade 11;Frederiksgade 11;1984;1880;Historicism;Forhuset, de to sidehuse, baghuset samt støbejernsgitret omkring forhaven (1880'erne af Ferdinand Meldahl). Fredet 1984.*;Frederiksgade 11, København, Danmark;55,6852520;12,5902630
København;Frederiksgade 12-14 og Bredgade 47-49;Frederiksgade 12-14 og Bredgade 47-49;1984;1880;Historicism;Den samlede forhusbebyggelse mod Bredgade og Frederiksgade, de to udbygninger mod syd, muren med støbejernsport, gården mod Frederiksgade samt støbejernsgitrene omkring forhaverne (1880'erne af Ferdinand Meldahl). Fredet 1984.*;Frederiksgade 12-14 og Bredgade 47-49, København, Danmark;;
København;Frederiksgade 5;Frederiksgade 5;1984;1880;Historicism;Forhuset og støbejernsgitret omkring forhaven (1880'erne af Ferdinand Meldahl). Fredet 1984.*;Frederiksgade 5, København, Danmark;55,6854580;12,5894730
København;Frederiksgade 6;Frederiksgade 6;1984;1880;Historicism;Forhuset, de to sidehuse og støbejernsgitret omkring forhaven (1880'erne af Ferdinand Meldahl). Fredet 1984.*;Frederiksgade 6, København, Danmark;55,6847380;12,5886900
København;Frederiksgade 7;Frederiksgade 7;1984;1880;Historicism;Forhuset, sidehuset og baghuset samt støbejernsgitrene omkring forhaven (1880'erne af Ferdinand Meldahl). Fredet 1984.*;Frederiksgade 7, København, Danmark;55,6854170;12,5897540
København;Frederiksgade 8;Frederiksgade 8;1984;1880;Historicism;Forhuset, de to sidehuse samt støbejernsgitret omkring forhaven (1880'erne af Ferdinand Meldahl). Fredet 1984.*;Frederiksgade 8, København, Danmark;55,6846520;12,5890070
København;Frederiksgade 9;Frederiksgade 9;1984;1880;Historicism;Forhuset, de to sidehuse, baghuset samt støbejernsgitrene omkring forhaven (1880'erne af Ferdinand Meldahl). Fredet 1984.*;Frederiksgade 9, København, Danmark;55,6853400;12,5900250
København;Frederiksholms Kanal 16;Frederiksholms Kanal 16;1959;1851;Historicism;Forhuset (1851-52 af H.C. Stilling). Fredet 1959.;Frederiksholms Kanal 16, København, Danmark;55,6744760;12,5766640
København;Frederiksholms Kanal 18;Frederiksholms Kanal 18;1959;1851;Historicism;Forhuset (1851-52 af H.C. Stilling) samt det med dette sammenbyggede sidehus. Fredet 1959. Udvidet 1992.*;Frederiksholms Kanal 18, København, Danmark;55,6743470;12,5768060
København;Fælledvej 4;Fælledvej 4;1981;1921;Historicism;Det trefags baghus (1921 af H.P.N. Hedemann med indvendige dekorationer af Robert Storm Petersen (Storm P.). Fredet 1981.*;Fælledvej 4, København, Danmark;55,6884510;12,5599090
København;Gammel Carlsberg Vej og Solbakken (mellem);Carlsbergviadukten;1999;1899;Historicism;Brokonstruktionen af stål samt de fem piller, som konstruktionen hviler på (1899 af DSB ved ingeniør Kristen Møller). F. 1999.;Gammel Carlsberg Vej og Solbakken (mellem), København, Danmark;;
København;Gammel Vartovvej 22;Gammel Vartovvej 22;1995;1920;Historicism;Villaen (1920 af Aage Rafn, udvidet 1933 af Ole Jacobsen) med vindfang samt garagebygning (1949) og udhus. Fredet 1995.;Gammel Vartovvej 22, København, Danmark;;
København;Gammeltorv 6;Stellings Hus;1991;1937;Historicism;Hjørnehuset (1937 af Arne Jacobsen). Fredet 1991.*;Gammeltorv 6, København, Danmark;55,6784140;12,5725160
København;Gasværksvej 25-27 og Istedgade 31;Skomagersvendebroderskabets Stiftelse;1992;1858;Historicism;Stiftelsesbygningen (1858-59 af Carl Rasmussen). Fredet 1992.;Gasværksvej 25-27 og Istedgade 31, København, Danmark;;
København;Gothersgade 140;Botanisk Laboratorium;2011;1888;Historicism;Botanisk Laboratorium/Det Samfundsfaglige Fakultetsbibliotek bestående af hovedbygning med tværfløj og mure og piller omkring de to gårde, gitter mod Gothersgade, strækkende sig til afgrænsningen mod Botanisk Have, og mod Farimagsgade til afgrænsningen mod tilbygningen samt indgangspartiet med portpiller og to platantræer, (1888-90, arkitekt Johan Daniel Herholdt). Fredet 2011.;Gothersgade 140, København, Danmark;55,6857620;12,5702020
København;Gothersgade 143;Gothersgade 143;1987;1878;Historicism;Hjørnehuset med sidehus (1878 af Henrik Hagemann). Fredet 1987.*;Gothersgade 143, København, Danmark;55,6851950;12,5706910
København;Gothersgade 160, hj;af Søtorvet;1978;1873;Historicism;Gothersgade 160. Forhuset (1873-76 af Vilhelm Petersen og Ferdinand Vilhelm Jensen) og det toetages, fritliggende baghus. Fredet 1978.*;Gothersgade 160, hj, København, Danmark;;
København;Gråbrødretorv 15;Gråbrødretorv 15;1945;1851;Historicism;Forhuset og det østlige sidehus (ca. 1730, stærkt ombygget og forhøjet med to etager 1851-52), samt det vestlige sidehus (1851-52). Fredet 1945. Udvidet 1982.*;Gråbrødretorv 15, København, Danmark;55,6795040;12,5758130
København;Gråbrødretorv 17, 17 A-B og Valkendorfsgade 32;Gråbrødretorv 17, 17 A-B og Valkendorfsgade 32;1945;1857;Historicism;Forhus mod Gråbrødretorv, forhus mod Valkendorfsgade samt to sidehuse og et pakhus i gården (1857). Fredet 1945.*;Gråbrødretorv 17, 17 A-B og Valkendorfsgade 32, København, Danmark;;
København;Grønnemose Allé;Haveanlægget, Grønnemose Allé;1990;1942;Historicism;Det fælles haveanlæg (1942 af C.Th. Sørensen) beliggende ved kunstnerboligerne Grønnemose Alle 21A-21G, 23-29 og 35-49. Fredet 1990.;Grønnemose Allé, København, Danmark;55,7228484;12,5259131
København;Grønnemose Allé 21 A-G;Atelierhusene;1990;1942;Historicism;De syv grundmurede huse med tilhørende læskure og plankeværker (1942 af Viggo Møller-Jensen). Fredet 1990.*;Grønnemose Allé 21 A-G, København, Danmark;55,7228484;12,5259131
København;Grønnemose Allé 23, 25, 27, 29, 31, 33 og 35;Atelierhusene;1990;1942;Historicism;De syv grundmurede huse med tilhørende læskure og plankeværker (1942 af Viggo Møller-Jensen). Fredet 1990.*;Grønnemose Allé 23, 25, 27, 29, 31, 33 og 35, København, Danmark;;
København;Grønnemose Allé 37, 39, 41, 43, 45, 47 og 49;Atelierhusene;1990;1942;Historicism;De syv grundmurede huse med tilhørende læskure og plankeværker (1942 af Viggo Møller-Jensen). Fredet 1990.*;Grønnemose Allé 37, 39, 41, 43, 45, 47 og 49, København, Danmark;;
København;Grønningen 7-9 og Hammerensgade 8;Champagnehuset;1997;1936;Historicism;Etageejendommen (1936 af Ib Lunding). Fredet 1997. *;Grønningen 7-9 og Hammerensgade 8, København, Danmark;;
København;Gunnar Nu Hansens Plads 11;Boldklubben af 1893's Tennishal;2009;1912;Historicism;Boldklubben af 1893s Tennishal med den korte støttemur og portsøjler på Per Henrik Lings Allé, (1912 af Søren Lemche Jacobsen og ingeniør Edouard Suenson). Fredet 2009.;Gunnar Nu Hansens Plads 11, København, Danmark;55,7047190;12,5736740
København;Gunnar Nu Hansens Plads 5;Idrætshuset;2009;1911;Historicism;”Idrætshuset” (1911-1914 af arkitekt Søren Lemche, ingeniør Eduard Suenson) med stakit, portpiller og porte mod pladsen, samt de seks statuer mod Idrætsparken. F. 2009.;Gunnar Nu Hansens Plads 5, København, Danmark;55,7047730;12,5751640
København;Gyldenløvesgade 24;Søpavillonen;1984;1894;Historicism;Pavillonen og dens umiddelbare omgivelser (1894-95 af Vilhelm Dahlerup). Fredet 1984.*;Gyldenløvesgade 24, København, Danmark;55,6818750;12,5591440
København;H.C;Andersens Boulevard 10;1993;1880;Historicism;Tegneskolen for Kvinder. Forhus og sidehus (1880-81 af Vilhelm Klein). Fredet 1993.*;H.C, København, Danmark;55,6742686;12,5704436
København;H.C;Andersens Boulevard 23 og Vester Voldgade 80-82;1981;1890;Historicism;Københavns Hovedbrandstation. Det trefløjede anlæg (1890-92 af Ludvig Fenger) og Rådhusets kedelbygning (1898-99 af Martin Nyrop). Fredet 1981.;H.C, København, Danmark;55,6742686;12,5704436
København;Halmtorvet 19-27;Den Hvide Kødby;1999;1931;Historicism;Slagteboderne, Fjerkræhallen, Høkerboderne, Kødboderne, forbindelsesbygningen, Flæskehallen, Talgsmelteriet, Maskinhuset, Slagtehallen, Svalehallen, Kølehuset samt de tilhørende arealer mellem bygningerne (1931-34 af stadsarkitekt Poul Holsøe, bistået af Tage Rue, Curt Bie og R.C.C. Hedegaard samt for ingeniørarbejderne, Carl Bruun og P.J. Børge). Kontorbygningen (1940 af arkitekt M.J. Kelde). Fredet 1999;Halmtorvet 19-27, København, Danmark;55,6703247;12,5605018
København;Halmtorvet 9, 11 og 13;Den Brune Kødby;1984;1878;Historicism;Bygningerne ved hovedindgangen fra Halmtorvet, øksnehallen, staldbygningerne på begge sider af kvægtorvet og hallen samt de to småbygninger ved hallens nordfacade (1878-1901 af Hans J. Holm og Ludvig Fenger) samt arealerne mellem disse bygninger. Fredet 1984. (* Bevaringsdeklaration gældende for Halmtorvet 9 G);Halmtorvet 9, 11 og 13, København, Danmark;;
København;Hauser Plads 26;Hauser Plads 26;1945;1853;Historicism;Forhuset (1853-54). Fredet 1945.*;Hauser Plads 26, København, Danmark;55,6831100;12,5756760
København;Hauser Plads 28;Hauser Plads 28;1945;1855;Historicism;Forhuset (1855-57). Fredet 1945.*;Hauser Plads 28, København, Danmark;55,6830930;12,5754470
København;Hausergade 34;Hausergade 34;1950;1857;Historicism;Forhuset (1857, facade 1866). Fredet 1950.*;Hausergade 34, København, Danmark;55,6829140;12,5748050
København;Havnegade 23;Navigationsskole (tidl.);1981;1864;Historicism;Forhuset (1864-65 af Ferdinand Meldahl). Fredet 1981.*;Havnegade 23, København, Danmark;55,6763300;12,5876600
København;Havnegade 29, hj;af Tordenskjoldsgade;1978;1866;Historicism;Levins Gård. Hjørnebygningen (1866 af J.D. Herholdt). Fredet 1978.*;Havnegade 29, hj, København, Danmark;;
København;Havnegade 39;Pakhuset, Havnegade 39;1981;1869;Historicism;Pakhuset med gavl mod Havnegade (1869 af J. Kern). Fredet 1981.*;Havnegade 39, København, Danmark;55,6773550;12,5904560
København;Hedebygade 24, 24 A, 26 og 26 A;Hedebygade 24-24 A og 26-26 A;1997;1886;Historicism;Forhuset og baghuset (1886). Fredet 1997.*;Hedebygade 24, 24 A, 26 og 26 A, København, Danmark;;
København;Hedebygade 28 og 28 A;Hedebygade 28 og 28 A;1997;1884;Historicism;Forhuset og baghuset (1884). Fredet 1997.;Hedebygade 28 og 28 A, København, Danmark;;
København;Hedebygade 30 og 30 A;Hedebygade 30 og 30 A;1997;1884;Historicism;Forhuset og baghuset (1884). Fredet 1997.;Hedebygade 30 og 30 A, København, Danmark;;
København;Hermodsgade 24 og Sigurdsgade 25;Kaffebrænderiet Merkur;1994;1932;Historicism;Kaffebrænderibygning (1932 af Carl Servais). Fredet 1994.*;Hermodsgade 24 og Sigurdsgade 25, København, Danmark;;
København;Holmen;Holmen;1918;1863;Historicism;På Arsenaløen: Værftbrovagten med de to vagtbygninger (1863 af J.G. Zinn)*, Artillerigårdens to længer (1742-43 af Philip de Lange), Kongeporten (1744 af Philip de Lange og Jacob Fortling), de to fløje og de to forbindelsesbygninger to Artillerigårdens længer (1771-72 i alt væsentligt efter Philip de Langes tegninger) samt gårdrummet ”Kuglegården” mellem bygningerne.På Dokøen: De to kraner med tilhørende jernbroer med nære omgivelser (1927 og ca. 1935), pumpestationen for dokken (1858 af Alfred Giles), Dokken (1858 af Alfred Giles).På Frederiksholm: Søndre Mærsehus (1829 af Kolbye), Søndre Masteskure (ca. 1745-1830), Nordre Hovedmagasin og Søndre Hovedmagasin (1767-72 af Philip de Lange og Johan Bernhardt Schottmann, forhøjet med een etage 1860), Bohlendachhuset (1801 af Boye Magens)*, Bådeværftet (1865 af C.T. Andersen)*, de seks kanonbådskure (1805-27), Gymnastik- og Eksercerhuset (1892 af C.T. Andersen), Kobbersmedien (1884 af C.T. Andersen), Kabysse- og vandkassemagasin (1860-62 af Ferdinand Meldahl, forlænget med fire fag mod syd, 1892 af C.T. Andersen), Nordre kedelsmedie og elværk (1887 af C.T. Andersen), Grov- og Kleinsmedien (1861af Ferdinand Meldahl), Modelsamlingsbygningen (1893 af C.T. Andersen), Beklædningsmagasinet (1888 af C.T. Andersen).På Nyholm: Vestre Takkelagehus, østre del og vestre del (1729 af Olaus Judichær), Østre Takkelagehus (1729 af Olaus Judichær), Kontorbygningen i forlængelse af Østre Takkelagehus (1801 af Boye Magens), Spanteloftsbygningen (1742-43 af J.G. Kreysig og S. Sørensen), Planbygningen (1763-64 af Philip de Lange, tagkonstruktionen ændret 1913-14), Mastekranen (1748-51 af Philip de Lange), Hovedvagten (1744-45 af Philip de Lange), Torpedobådsskuret (1879 af C. Keyper m.fl.), Søminevæsenets Værksted (1878-94 af C.T. Andersen m.fl., fabrikskvist tilbygget 1931 af Jens Klok), Søminevæsenets Kontorbygning (1887 af C.T. Andersen m.fl.), Marinekasernebygningen (1908-10 af V. Birkmand), Pavillonbygningen (1908-10 af V. Birkmand), Arresthuset (1890 af C.T. Andersen) samt murene, der forbinder kasernen med arrest og pavillon, Torpedobåds-kamrene og Torpedomagasinet (nord- og østlænge 1910 af Olaf Schmidth, sydlænge 1931 af Chr. Olrik) samt Torpedoværkstedet med tilhørende beskyttelsesrum mod øst og depotskure af beton mod vest (1938, udv. 1954 af Jens Klok) samt Velfærdsbygningen (1938 af Jens Klok), Ubådsbygningen (1915 af Olaf Schmidth), Søværnets Officersskole med beskyttelsesrum og cykelskure (1939 af Jens Klok), Vagt- og vaskebygning (1938 af Jens Klok) på Elefanten, alle bygningers nære omgivelser herunder bolværker og kajer, beplantninger, elskabe, hydranter, fortøjningspæle mv. samt Schrødersee's monument på Batteriet Sixtus (1804 af C.F. Køppen), ankeret fra orlogsskibet Dannebrog (1692) opsat på Arresthusets nordmur og monumentet to minde om Slaget på Reden (1902 af Thorvald Bindesbøll).På Margretheholm: Hangar H med tilhørende fritstående skorsten (1921 af Kampmann, Kierulff & Saxild og Christian Olrik, udvidet med to lave sidefløje 1941-42 af Jens Klok).Fredet 1918. Udvidet 1924, 1950, 1964, 1997, 1999, 2016, 2022*;Holmen, København, Danmark;55,6814777;12,6050650
København;Holmens Kanal;Niels Juel-statuen;2004;1877;Historicism;Niels Juel-statuen med belægninger, omgivende gitter samt de to lygtestander af støbejern (1877-78 af billedhuggeren Johan Carl Henrik Theobald Stein, opstillet 1881). Fredet 2004.;Holmens Kanal, København, Danmark;55,6782420;12,5860553
København;Holmens Kanal 14;Holmens Kanal 14;1996;1897;Historicism;Forhuset (1897-98 af H.B. Storck). Fredet 1996.*;Holmens Kanal 14, København, Danmark;55,6777000;12,5852010
København;Holmens Kanal 7;Grøns Pakhus;1978;1862;Historicism;Varepakhuset ud mod Holmens Kanal (1862-63 af J.D. Herholdt). Fredet 1978.*;Holmens Kanal 7, København, Danmark;55,6782530;12,5863880
København;Hulgårdsvej 19-73;Bakkehusene, Hulgårdsvej;1981;1921;Historicism;Husrækken med tilhørende haver og hegnsmure (1921-22 af Thorkild Henningsen og Ivar Bentsen). Fredet 1981.*;Hulgårdsvej 19-73, København, Danmark;55,7044275;12,5210743
København;Hyskenstræde 3-5;Hyskenstræde 3-5;1964;1854;Historicism;Forhuset og de two hermed sammenhængende, symmetrisk sammenbyggede sidehuse (1854-55). Fredet 1964.*;Hyskenstræde 3-5, København, Danmark;55,6782014;12,5765241
København;Jagtvej 200, Serridslevvej 34-40, Borgmester Jensens Allé 22, Ove Rodes Plads 1 og Kanslergade 2-8;Kanslergården;2001;1919;Historicism;Etagebeboelseskomplekset bestående af syv forhuse og et sidehus med de to indre gårde (1919 af Henning Hansen). Fredet 2001.*;Jagtvej 200, Serridslevvej 34-40, Borgmester Jensens Allé 22, Ove Rodes Plads 1 og Kanslergade 2-8, København, Danmark;;
København;Jagtvej 226;Telefonkiosken;1994;1896;Historicism;Telefonkiosken (1896 af Fritz Koch). Fredet 1994.*;Jagtvej 226, København, Danmark;55,7088530;12,5771290
København;Jernbanegade 8;Cirkusbygningen;1988;1886;Historicism;Cirkusbygningen med udbygning mod nord (1886 af Henrik Vilhelm Brinkopff, med frise af Frederik Hammeleff, ombygget efter brand i 1914). Fredet 1988. *;Jernbanegade 8, København, Danmark;55,6759580;12,5651600
København;Karlslundevej 23;Husum Skole;1996;1930;Historicism;Hovedbygningen med de to dermed sammenbyggede sidebygninger (1930 af Edvard Thomsen og Frits Schlegel). Fredet 1996.;Karlslundevej 23, København, Danmark;55,7060890;12,4737600
København;Kastelsvej 60;Blindeinstituttet;1977;1857;Historicism;Det firefløjede anlæg (1857-58 og 1879-80 af Ferdinand Meldahl) og de to zinkfigurer ved hovedindgangen (Peter Daniel). F. 1977.;Kastelsvej 60, København, Danmark;55,6959990;12,5879550
København;Klerkegade 10 A-B;Klerkegade 10-A-B;1989;1869;Historicism;Logebygningen (1869 af Vilhelm Tvede) med sidehus og baghus (10A) (1876) samt forhuset (10B) (1883). Fredet 1989.*;Klerkegade 10 A-B, København, Danmark;55,6863526;12,5855494
København;Kongens Nytorv 9;Det Kongelige Teater;1985;1872;Historicism;Teaterbygningen mellem Kongens Nytorv og Heibergsgade (1872-74 af Vilhelm Dahlerup og Ove Petersen). Fredet 1985.*;Kongens Nytorv 9, København, Danmark;55,6796390;12,5860720
København;Krystalgade 25-27;Zoologisk Museum (tidl.);1980;1863;Historicism;Museumsbygningen (1863-69 af Christian Hansen). Fredet 1980.;Krystalgade 25-27, København, Danmark;55,6805735;12,5718274
København;Københavns Havn;Knippelsbro;2007;1937;Historicism;Knippelsbro med brotårne, bropiller og ramper, beliggende mellem Børsgade og Torvegade, (1937 af Kaj Gottlob), umatrikuleret areal, Københavns Havn, Københavns Kommune. Fredet 2007.;Københavns Havn, København, Danmark;;
København;Langelinie (beliggende syd for);Gefionbroen;1997;1894;Historicism;Jernbetonbroen (1894-95 af A.S. Ostenfeld og Vilhelm Dahlerup, 1999 istandsat og flyttet til nuværende placering). Fredet 1997.;Langelinie (beliggende syd for), København, Danmark;;
København;Langelinie Allé 15-21, tidl;Langelinievej 7;1993;1893;Historicism;Dahlerups Pakhus. Pakhuset (1893-94 af Vilhelm Dahlerup og H.C.V. Møller). Fredet 1993.*;Langelinie Allé 15-21, tidl, København, Danmark;;
København;Langelinie Allé 4-58 og Langeliniekaj 5-7, tidl;Langelinievej 4;1993;1894;Historicism;Langeliniepromenaden. Den hævede promenade med hegn, træer og monumentet for Holger Hammerich samt underliggende pakhusskure (1894 af Vilhelm Dahlerup). Fredet 1993.*;Langelinie Allé 4-58 og Langeliniekaj 5-7, tidl, København, Danmark;;
København;Larslejsstræde 7;Sankt Petri Plejehus, Thymes og Pelts Stiftelse;1990;1899;Historicism;Det trefløjede bygningsanlæg samt gårdhaveanlægget, som omkranses af bebyggelsen (1899 af Fr.L. Levy). Fredet 1990.*;Larslejsstræde 7, København, Danmark;55,6800500;12,5694460
København;Lille Kannikestræde 3;Lille Kannikestræde 3;1979;1876;Historicism;Den toetages lagerbygning, der ligger som sidehus med gavlen mod gaden (1876) samt bagbygningen (1814, ombygget ca. 1840). Fredet 1979.*;Lille Kannikestræde 3, København, Danmark;55,6800740;12,5745240
København;Lundevangsvej 12;Lundevangsvej 12;1985;1908;Historicism;Villaen med hegnsmure (1908 af Carl Brummer). Fredet 1985.*;Lundevangsvej 12, København, Danmark;55,7251860;12,5712260
København;Lygten 2 A;Lygten Station;1992;1906;Historicism;Stationshovedbygningen (1906 af H.E.C. Wenck). Fredet 1992.;Lygten 2 A, København, Danmark;55,7016360;12,5375730
København;Markvej 1-51 og 2-54;Bakkehusene, Markvej;1981;1921;Historicism;De to husrækker med tilhørende haver og hegnsmure (1921-22 af Thorkild Henningsen og Ivar Bentsen). Fredet 1981.*;Markvej 1-51 og 2-54, København, Danmark;;
København;Middelgrundsfortet 1;Middelgrundsfortet;1984;1891;Historicism;Middelgrundsfortet - hele fortanlægget (1891-94). Fredet 1984.*;Middelgrundsfortet 1, København, Danmark;;
København;Mælkevejen 63;Den grå Hal, Christiania;2007;1853;Historicism;Den grå Hal (1853, flyttet fra Holcks Bastion, genopført 1891). Fredet 2007.*;Mælkevejen 63, København, Danmark;55,6745570;12,6004020
København;Nansensgade 1;Frederik VII's Stiftelse;1979;1873;Historicism;Stiftelsesbygningen samt gitret med støbejernsbalustre og dobbeltlåge (1873-75 af Theodor Zeltner). Fredet 1979. Udvidet 1992.*;Nansensgade 1, København, Danmark;55,6810350;12,5616810
København;Nordre Toldbod 2;Løveport;1979;1856;Historicism;"Bygningen med arkaden samt den hertil hørende ""Løveport"" (1856 af G.F. Hetsch). Fredet 1979.";Nordre Toldbod 2, København, Danmark;55,6881390;12,5981890
København;Nordre Toldbod 3 (tidl;nr;1979;1856;Historicism;1). Visitationsbygningen (tidl.). Den tidl. visitationsbygning med arkaden og tilbygget beværterpavillon (1856 af G.F. Hetsch). Fredet 1979.*;Nordre Toldbod 3 (tidl, København, Danmark;;
København;Nordre Toldbod 7-11;Havneadministrationen;1979;1868;Historicism;Administrationsbygningen (1868 af Vilhelm Dahlerup og Frederik Bøttger, forhøjet 1939-40 af Einar Madvig), de to portvagtbygninger (1869 af Vilhelm Dahlerup og Frederik Bøttger med skulpturer 1870 af C.C. Peters), det originale gitterværk med hovedport samt de tre støbejernskraner ved havnebassinet. Fredet 1979. Udvidet 2021;Nordre Toldbod 7-11, København, Danmark;55,6887934;12,5987712
København;Nyborggade 17;Østre Gasværk;1984;1881;Historicism;Den murede gasbeholder (1881-83 af Martin Nyrop). Fredet 1984.;Nyborggade 17, København, Danmark;55,7097372;12,5804222
København;Nybrogade 22 og Magstræde 9;Nybrogade 22 og Magstræde 9;1945;1852;Historicism;"Nybrogade 22: for- og sidehus (1852-53); Magstræde 9: forhus (1755). Fredet 1945.";Nybrogade 22 og Magstræde 9, København, Danmark;;
København;Nybrogade 28 og Magstræde 15;Nybrogade 28 og Magstræde 15;1945;1852;Historicism;"Forhusene mod Nybrogade og Magstræde (Nybrogade 28: 1852; Magstræde 15: 1731-32, forhøjet 1852). Fredet 1945.*";Nybrogade 28 og Magstræde 15, København, Danmark;;
København;Nyhavn 2;Charlottenborgs Udstillingsbygning;1988;1883;Historicism;"Det trefløjede anlæg (1883 af Ferdinand Meldahl og Albert Jensen), """"Billedhugger-haven"""" (1777) og havemuren mod Heibergsgade. Fredet 1988. Udvidet 1992.";Nyhavn 2, København, Danmark;55,6800770;12,5884070
København;Nørre Søgade 7;Nørre Søgade 7;1978;1873;Historicism;Forhus og sidehus (1873-76 af Vilhelm Petersen og Ferdinand Vilhelm Jensen). Fredet 1978.*;Nørre Søgade 7, København, Danmark;55,6851940;12,5645840
København;Nørre Voldgade 1;Gitterdragerbroen i Ørstedsparken;1997;1856;Historicism;Brokonstruktionen (1856) med fundamenter og brofæster, herunder de 2 naturstenssøjler (1873) på hver side af broen. Fredet 1997.;Nørre Voldgade 1, København, Danmark;55,6803140;12,5665780
København;Nørre Voldgade 102;Nørre Voldgade 102;1978;1857;Historicism;Forhus med sidehus (1857). Fredet 1978.*;Nørre Voldgade 102, København, Danmark;55,6839330;12,5734180
København;Nørre Voldgade 104;Nørre Voldgade 104;1975;1857;Historicism;Hjørnehuset (1857). Fredet 1975.*;Nørre Voldgade 104, København, Danmark;55,6839710;12,5734760
København;Nørre Voldgade 22;Nørre Voldgade 22;1988;1852;Historicism;Forhus, med fire fag mod Teglgårdsstræde og seks fag mod Nørre Voldgade samt hjørnefag og sidehus på fire fag (1852-53 af J.K. Gyldendal). Fredet 1988.*;Nørre Voldgade 22, København, Danmark;55,6801180;12,5679620
København;Nørrebrogade 174-176, Allersgade 1, Gormsgade 2A og 2B, Zøllnerhus;Zøllnerhus;2007;1934;Historicism;Det trefløjede etagehus med bagvedliggende terrasse, gård, garage, retirade og cykelnedkørsel (1934-36 af Charles I. Schou og Erik Kragh). Fredet 2007.;Nørrebrogade 174-176, Allersgade 1, Gormsgade 2A og 2B, Zøllnerhus, København, Danmark;;
København;Nørrebrogade 45;Rud;2008;1876;Historicism;Rasmussens Snedkerier. Det kombinerede bolig- og industrianlæg bestående af fabriksbygning i 4 etager mod Stengade fra 1876, det 5 etagers forhus mod Nørrebrogade med sidefløje opført 1894-95 til beboelse, fabriksbygning i gård i 4 etager og mansardetage fra 1911, tegnet af arkitekt Alfred Thomsen, samt bag denne det lille havehus og retiradebygning. Fredet 2008. *;Nørrebrogade 45, København, Danmark;55,6889710;12,5574200
København;Nørrebrogade og Frederiksborggade (mellem);Dronning Louises Bro;1997;1885;Historicism;"Broen med de fire afrundede, stensatte ramper, støbejernsrækværket, de fire lygtestandere på hvert brystværn, de to flagstænger for hver broende samt de fire grønne anlæg med stensætninger og kædeindhegninger (1885-87 af Vilhelm Dahlerup og Charles Ambt), de tre buede bænkerækker og skulpturerne: """"To siddende unge mennesker"""" (1940 af Johannes Hansen), """"Nilen"""" og """"Tiberen"""" (afstøbninger efter romerske originaler fra ca. 100 e. Kr.). F. 1997.";Nørrebrogade og Frederiksborggade (mellem), København, Danmark;;
København;Oslo Plads 1;Den Frie Udstilling;1987;1898;Historicism;Udstillingsbygningen (1898 af J.F. Willumsen, med udvidelser 1913 af Frederik V. Kiørboe og J.F. Willumsen, 1921 og 1934). Fredet 1987.*;Oslo Plads 1, København, Danmark;55,6915370;12,5873870
København;Oslo Plads 6-10;Østerport Station;1992;1896;Historicism;Hovedbygningen (1896 af Heinrich Wenck, senere ombygget 1910, 1915, 1917 og 1976-84) og de to perrontage (1914-15). Fredet 1992.;Oslo Plads 6-10, København, Danmark;55,6925842;12,5862214
København;Otto Mønsteds Gade 2 (tidl;Polititorvet 14);1995;1919;Historicism;Politigården. Bebyggelsen inkl. indre gårde (1919-24 af Hack Kampmann, Holger Jacobsen, Aage Rafn, Hans Jørgen Kampmann og Anton Frederiksen). Fredet 1995.;Otto Mønsteds Gade 2 (tidl, København, Danmark;;
København;Overgaden neden Vandet 15;Overgaden neden Vandet 15;1980;1858;Historicism;Forhus med sidehus (1858), baghuset (beg. af 1800-tallet, ombygget 1961) samt gårdspladsens brolægning. Fredet 1980.*;Overgaden neden Vandet 15, København, Danmark;55,6723380;12,5899610
København;Overgaden oven Vandet 66-74 og 84-88;Overgaden oven Vandet 66-74 og 84-88;1981;1851;Historicism;Bygningskompleksets fløje (1851 af N.S. Nebelong for Aktieselskabet to Oprettelse af Boliger for Arbejderklassen). Fredet 1981.*;Overgaden oven Vandet 66-74 og 84-88, København, Danmark;;
København;Overgaden oven Vandet 76-82;Treschows Stiftelse;1983;1853;Historicism;De two bygninger (1853 og 1857) med gård- og haverum omgivet af hegn og mur. Fredet 1983.*;Overgaden oven Vandet 76-82, København, Danmark;55,6720319;12,5904579
København;Peder Skramsgade 10;Peder Skramsgade 10;1982;1885;Historicism;Den tårnagtige tilbygning to baghuset (1885 af Johan Schrøder, det tidl. malerværksted dekoreret af Bernhard Schrøder). Fredet 1982.;Peder Skramsgade 10, København, Danmark;;
København;Prinsessegade 52;Prinsessegade 52;1984;1857;Historicism;Forhuset (ca. 1750 muligvis af Johan Christian Conradi, forlænget 1783, forhøjet 1833) og det dermed sammenbyggede sidehus i fire etager (1857). Fredet 1984.*;Prinsessegade 52, København, Danmark;55,6725330;12,5947510
København;Rentemestervej 14;Nielsen & Jespersens Plastvarefabrik;1994;1934;Historicism;"Fabrikskomplekset bestående af en toetages bygning (1934), en toetages vinkelbygning (1942) samt en hal (1944) (af Marx Ishøy, A. Jespersen &amp; Søn samt A. Jespersen &amp; P. Kerrn-Jespersen). Fredet 1994.*";Rentemestervej 14, København, Danmark;55,7053070;12,5336370
København;Rosenborggade 12;Pjaltenborg;1989;1850;Historicism;Hjørnehuset (ca. 1850) samt vaskehuset i gården. Fredet 1989.*;Rosenborggade 12, København, Danmark;55,6836320;12,5745040
København;Rosenborggade 15-17;Rosenborg-Annekset;2007;1915;Historicism;Hjørnebygningen langs Tornebuskegade og Rosenborggade (1915-17 af Henning Hansen). Fredet 2007;Rosenborggade 15-17, København, Danmark;55,6838296;12,5745979
København;Rosenvængets Allé 46;C.F;1977;1875;Historicism;Aagaards Villa. Villaen (1875 af Vilhelm Dahlerup) samt rækken af marmorborner langs havegangen (opr. foran Det gamle kgl. Teater). Fredet 1977.*;Rosenvængets Allé 46, København, Danmark;55,7004660;12,5852170
København;Rosenvængets Hovedvej 27;P.C;1977;1860;Historicism;Skovgaards Villa. Villaen (1860 af J.D. Herholdt). Fredet 1977.*;Rosenvængets Hovedvej 27, København, Danmark;55,7012970;12,5845020
København;Ryesgade 104 og Sortedam Dossering 85;Soldenfeldts Stiftelse;1997;1893;Historicism;Det firefløjede anlæg med spærre- og portmure (1893-94 af H.B. Storck). Fredet 1997.*;Ryesgade 104 og Sortedam Dossering 85, København, Danmark;;
København;Ryvangs Allé 79;Hellerup Station;2000;1910;Historicism;Perrontaget (ca. 1910) ved spor 2/3 og de tre trappehuse (ca. 1895-1900) ved spor 2/3, 4/5 og 7/8 over nedgangene to perrontunnelen på Hellerup Station. Fredet 2000.;Ryvangs Allé 79, København, Danmark;55,7216663;12,5713861
København;Rådhuspladsen 1;Københavns Rådhus;1981;1892;Historicism;Rådhuskomplekset med trappen foran hovedindgangen og haveanlægget in gården (1892-1905 af Martin Nyrop). Fredet 1981.;Rådhuspladsen 1, København, Danmark;55,6756280;12,5695780
København;Rådhuspladsen 57 og Mikkel Bryggersgade 8;Palace Hotel;1985;1909;Historicism;Det samlede bygningskompleks mellem Rådhuspladsen og Mikkel Bryggersgade (1909-10 af Anton Rosen). Fredet 1985.*;Rådhuspladsen 57 og Mikkel Bryggersgade 8, København, Danmark;;
København;Rødkildevej 2-76;Bakkehusene, Rødkildevej;1981;1921;Historicism;Husrækken med tilhørende haver og hegnsmure (1921-22 af Thorkild Henningsen og Ivar Bentsen). Fredet 1981.*;Rødkildevej 2-76, København, Danmark;55,6985871;12,5107897
København;Rømersgade 22;Arbejdernes Forsamlingsbygning;1983;1879;Historicism;Forhuset med forbindelsesbygning og baghus (1879 af Rasmus Langeland Mathiesen). Fredet 1983.*;Rømersgade 22, København, Danmark;55,6848730;12,5701100
København;Samosvej 50;Skolen ved Sundet;1990;1938;Historicism;Hovedskolens bygninger med nagelfaste bænke og overdækkede opholdsarealer, omfattende den trefløjede skolebygning, de tre gymnastiksale, skolebetjentens bolig, de two små toiletbygninger, den tidl. inspektørbolig, de omgivende mure med tidl. sygeplejebygning samt gennemgående pergola og læskuret, der afgrænser bygningerne mod de tidl. skolehaver. Friluftsskolen, med haven mod syd, omfattende den firefløjede skolebygning med nagelfaste elementer, den tidl. økonomabolig og legepladsens drikkefontæne med gårdbelægningen og omgivende pergola (begge skoler opført 1938 af Kaj Gottlob). Fredet 1990.;Samosvej 50, København, Danmark;55,6532310;12,6280190
København;Sankt Peders Stræde 14;Valkendorfs Kollegium;1979;1865;Historicism;Hovedbygningen (1865-66 af Christian Hansen), plankeværket (forment. 1865-66) mod Sankt Pederstræde og havemurene (1743-44) Fredet 1979. Udvidet 1996.*;Sankt Peders Stræde 14, København, Danmark;55,6795300;12,5689770
København;Silkegade 6-8;Sparekassen Bikuben (tidl.);1999;1881;Historicism;Den tidl. sparekasse Bikuben, bestående af de fire fløje (1881-1884 af J.D. Herholdt), hjørnebygningen (1927-29 af Gotfred Tvede), tilbygningen (1959 af Poul Kjærgaard) og det mellem fløjene beliggende gårdrum. Fredet 1999*.;Silkegade 6-8, København, Danmark;55,6799334;12,5799866
København;Sjællandsgade 12 A;Sjællandsgades Badeanstalt;2012;1916;Historicism;Sjællandsgades Badeanstalt (1916-17, stadsarkitekt Hans Wright). Fredet 2012;Sjællandsgade 12 A, København, Danmark;55,6934790;12,5534230
København;Sofiegade 15 A-B;Sofiebadet;2000;1909;Historicism;Den tidl. badeanstalt (1909 af stadsarkitekt Hans Wright). Fredet 2000.;Sofiegade 15 A-B, København, Danmark;55,6713483;12,5901187
København;Sortedam Dossering 55;Sortedam Dossering 55;1980;1869;Historicism;Villaen (1869 af Georg Møller) og de two bygninger umiddelbart vest for denne. Fredet 1980.*;Sortedam Dossering 55, København, Danmark;55,6929510;12,5700920
København;Stockholmsgade 20;Den Hirschsprungske Samling;1995;1908;Historicism;Museumsbygningen (1908-11 af H.B. Storck), de forsænkede gårde og omgivende mure samt forpladsen med gitteret langs gaden. Fredet 1995.;Stockholmsgade 20, København, Danmark;55,6899560;12,5774230
København;Store Kongensgade 23 og 23 A;Bernhard Hertz Sølvvarefabrik;1989;1850;Historicism;Forhus med sammenbygget sidehus (1850-51 af C.O. Aagaard), samt den in gården beliggende femfags fabriksbygning (1850 af Bernhard Hertz som sølvvarefabrik). Fredet 1989.*;Store Kongensgade 23 og 23 A, København, Danmark;;
København;Store Strandstræde 19-21;Store Strandstræde 19-21;1999;1907;Historicism;De two forhuse, de fire sidehuse med kældre under de two gårdspladser samt værkstedsbygningen (1907-08 af Aage Langeland-Mathiesen). Fredet 1999.*;Store Strandstræde 19-21, København, Danmark;55,6811684;12,5890012
København;Store Strandstræde 4;Store Strandstræde 4;1987;1853;Historicism;Forhus med sidehus (trappehus) (1853). Fredet 1987.*;Store Strandstræde 4, København, Danmark;55,6808930;12,5881770
København;Stormgade 18;Overformynderiet (tidl.);1981;1893;Historicism;Det trefløjede bygningskompleks med foranliggende hegnsmur (1893-94 af Hans J. Holm). Fredet 1981.;Stormgade 18, København, Danmark;55,6742650;12,5726140
København;Stormgade 6;Stormgade 6;1918;1850;Historicism;Forhuset (1850-51, portalen 1755). Fredet 1918.;Stormgade 6, København, Danmark;55,6753210;12,5748940
København;Strandagervej 28;J.F;1982;1906;Historicism;Willumsens Villa. Villaen og havelågen (1906-07 af J.F. Willumsen). Fredet 1982.*;Strandagervej 28, København, Danmark;55,7248010;12,5713400
København;Strandboulevarden 35;Strandboulevarden 35;2001;1902;Historicism;Etagebeboelseshuset med sidehus (1902 af Eugen Jørgensen). Fredet 2001.*;Strandboulevarden 35, København, Danmark;55,7010400;12,5888050
København;Sundbyvestervej 29-31;Sundbyvestervej 29-31;2003;1936;Historicism;Villaen med tilhørende garage og havemur samt flisebelægningen (1936 af Arne Jacobsen). Fredet 2003.*;Sundbyvestervej 29-31, København, Danmark;55,6459543;12,5949766
København;Sundevedsgade 4;Sundevedsgade 4;1987;1858;Historicism;Forhuset (1858). Fredet 1987.;Sundevedsgade 4, København, Danmark;55,6707280;12,5439560
København;Sydområdet 4 A, Christiania;Loppen, Christiania;2008;1863;Historicism;Artillerimagasinet langs Prinsessegade, kaldet Loppebygningen (1863 af arkitekt Johan Henrik Nebelong). Fredet 2008.*;Sydområdet 4 A, Christiania, København, Danmark;55,6740720;12,5974310
København;Sølvgade 30;Sølvgade 30;1993;1853;Historicism;Forhuset og de dermed sammenbyggede to sidehuse (1853) samt baghuset med de dermed sammenbyggede to lagerbygninger og den heroverfor liggende tidl. hestestald. Fredet 1993.*;Sølvgade 30, København, Danmark;55,6868080;12,5813130
København;Søtorvet 1-3, hj;af Vendersgade og Frederiksborggade;1978;1873;Historicism;Søtorvet 1-3. Forhuset med sidebygninger, dog ikke den toetages bagbygning mellem sidehusene (1873-76 af Vilhelm Petersen og Ferdinand Vilhelm Jensen). Fredet 1978.*;Søtorvet 1-3, hj, København, Danmark;;
København;Søtorvet 2, hjørnerne af Gothersgade og Frederiksborggade;Søtorvet 2;1979;1873;Historicism;Forhus med sidebygninger (1873-76 af Vilhelm Petersen og Ferdinand Vilhelm Jensen). Fredet 1979.*;Søtorvet 2, hjørnerne af Gothersgade og Frederiksborggade, København, Danmark;;
København;Søtorvet 5, hj;af Vendersgade;1978;1873;Historicism;Søtorvet 5. Forhuset og det toetages fritliggende baghus (1873-76 af Vilhelm Petersen og Ferdinand Vilhelm Jensen). Fredet 1978.*;Søtorvet 5, hj, København, Danmark;;
København;Tagensvej 83 B-F;Arbejderboligerne til Holger Petersens Fabrik;1990;1885;Historicism;Arbejderboligerne til Holger Petersens Fabrik (1885 af Carl Thorning). Fredet 1990.*;Tagensvej 83 B-F, København, Danmark;;
København;Tagensvej 85 C-F;Holger Petersens Manufakturvarefabrik;1990;1883;Historicism;Den lille fladebygning med shedtag, tidl. farveri (1883 af Johan Schrøder) og den hermed sammenbyggede kontor- og lagerbygning (1887-88, forhøjet 1897). Fredet 1990.*;Tagensvej 85 C-F, København, Danmark;;
København;Toldbodgade 71;Toldbodgade 71, De Engelske Rækkehuse;1978;1870;Historicism;Forhuset (1870-74 af Vilhelm Tvede) og det naturstensbelagte fortov samt granitkantstenene. Fredet 1978. Udvidet 2012.*;Toldbodgade 71, København, Danmark;55,6860840;12,5963580
København;Toldbodgade 73;Toldbodgade 73, De Engelske Rækkehuse;1977;1870;Historicism;Forhuset (1870-74 af Vilhelm Tvede) og det naturstensbelagte fortov samt granitkantstenene. Fredet 1977. Udvidet 2012.*;Toldbodgade 73, København, Danmark;55,6860250;12,5963150
København;Toldbodgade 75;Toldbodgade 75, De Engelske Rækkehuse;1977;1870;Historicism;Forhuset (1870-74 af Vilhelm Tvede) og det naturstensbelagte fortov samt granitkantstenene. Fredet 1977. Udvidet 2012.*;Toldbodgade 75, København, Danmark;55,6859690;12,5962700
København;Toldbodgade 77;Toldbodgade 77, De Engelske Rækkehuse;1977;1870;Historicism;Forhuset (1870-74 af Vilhelm Tvede) og det naturstensbelagte fortov samt granitkantstenene. Fredet 1977. Udvidet 2012.*;Toldbodgade 77, København, Danmark;55,6859160;12,5962220
København;Toldbodgade 79;Toldbodgade 79, De Engelske Rækkehuse;1977;1870;Historicism;Forhuset (1870-74 af Vilhelm Tvede) og det naturstensbelagte fortov samt granitkantstenene. Fredet 1977. Udvidet 2012.*;Toldbodgade 79, København, Danmark;55,6858600;12,5961780
København;Toldbodgade 81;Toldbodgade 81, De Engelske Rækkehuse;1978;1870;Historicism;Forhuset (1870-74 af Vilhelm Tvede) og det naturstensbelagte fortov samt granitkantstenene. Fredet 1978. Udvidet 2012.*;Toldbodgade 81, København, Danmark;55,6858050;12,5961260
København;Toldbodgade 83;Toldbodgade 83, De Engelske Rækkehuse;1978;1870;Historicism;Forhuset (1870-74 af Vilhelm Tvede) og det naturstensbelagte fortov samt granitkantstenene. Fredet 1978. Udvidet 2012.*;Toldbodgade 83, København, Danmark;55,6857500;12,5960910
København;Toldbodgade 85;Toldbodgade 85, De Engelske Rækkehuse;1977;1870;Historicism;Forhuset (1870-74 af Vilhelm Tvede) og det naturstensbelagte fortov samt granitkantstenene. Fredet 1977. Udvidet 2012.*;Toldbodgade 85, København, Danmark;55,6856930;12,5960370
København;Toldbodgade 87;Toldbodgade 87, De Engelske Rækkehuse;1977;1870;Historicism;Forhuset (1870-74 af Vilhelm Tvede) og det naturstensbelagte fortov samt granitkantstenene. Fredet 1977. Udvidet 2012.*;Toldbodgade 87, København, Danmark;55,6856380;12,5960010
København;Valdemarsgade 5, 7 og 9;Den Suhrske Stiftelse;2003;1877;Historicism;Den Suhrske Stiftelse, bestående af de tre beboelsesbygninger (1877 af Ludvig Fenger). Fredet 2003.*;Valdemarsgade 5, 7 og 9, København, Danmark;;
København;Vestagervej 29;Vestagervej 29;2022;1924;Historicism;Villaen (1924 af Johannes Magdahl Nielsen) og haven (1924 af G.N. Brandt). Fredet 2022 *;Vestagervej 29, København, Danmark;55,7239110;12,5724530
København;Vester Søgade 44-78 og Gyldenløvesgade 21 og 25;Vestersøhus;1994;1935;Historicism;Etageejendommen (1935-36 og 1938-39 af Kay Fisker og C.F. Møller). Fredet 1994.*;Vester Søgade 44-78 og Gyldenløvesgade 21 og 25, København, Danmark;;
København;Vesterbrogade 140-142;Tvedes Bryggeri (tidl.);1980;1862;Historicism;Østre forhus (1862), vestre forhus med sidehus (1884 af Christian L. Thuren). Fredet 1980.*;Vesterbrogade 140-142, København, Danmark;55,6707795;12,5426016
København;Vesterbrogade 144;Tvedes Stiftelse;1980;1878;Historicism;Forhuset (1878 af C.A.C. Leser). Fredet 1980.*;Vesterbrogade 144, København, Danmark;55,6708799;12,5428221
København;Vesterbrogade 3;Parterrehaven, Tivoli;2014;1943;Historicism;Det selvstændige landskabsarkitektoniske værk Parterrehaven i Tivoli (1943 af G.N. Brandt i samarbejde med Poul Henningsen). Fredet 2014 *;Vesterbrogade 3, København, Danmark;55,6746540;12,5656590
København;Vesterbrogade 3, Tivoli;Pantomimeteatret;1979;1874;Historicism;Teaterbygningen (1874 af Vilhelm Dahlerup). Fredet 1979. *;Vesterbrogade 3, Tivoli, København, Danmark;;
København;Vesterbrogade 34;Løvenborg;1985;1906;Historicism;Forhuset med side- og tværhus (1906-07 af Anton Rosen). Fredet 1985.*;Vesterbrogade 34, København, Danmark;55,6725950;12,5564460
København;Vesterbrogade 60 og 60 A-C;Wegeners Gård;1981;1854;Historicism;Forhuset med sidehus (1854) samt tværhuset og den hermed sammenbyggede biblioteksbygning (1867 af Carl Rasmussen). Fredet 1981.*;Vesterbrogade 60 og 60 A-C, København, Danmark;;
København;Vesterbrogade 72 og 72 A-B;Vesterbro Apotek;1979;1853;Historicism;Forhus med sidehus (1853 af P.C. Hagemann) samt havehuset og laboratoriebygningen (1883). Fredet 1979. Udvidet 1983.*;Vesterbrogade 72 og 72 A-B, København, Danmark;;
København;Vesterfælledvej 100 (m;fl;1996;1886;Historicism;adresser). Carlsberg Bryggeri. Gl. Carlsberg: Porthuset (1886-87 af C.F. Thomsen) samt støbejernsrækværket og portene mod Gl. Carlsbergvej, bryghuset (1867 af N.S. Nebelong) og svalehuset med gærkældre (1859 af N.S. Nebelong, brændt og genopført 1867), malteriet med lagerkældre (1856, brændt og genopført 1867 af N.S. Nebelong) samt det dermed sammenbyggede støbekartårn (1855-56, brændt og genopført 1867), den søndre lagerbygning med lagerkældre (1855, brændt og genopført 1867, ombygget 1923-24 til funktionærboliger), den nordre lagerbygning med lagerkældre (1847, ombygget 1862-63 og forhøjet med en etage 1875), kornmagasinet (1866, ombygget efter brand 1867 af N.S. Nebelong), kedelhuset (1875) og de to skorstene (1875 og 1879), stalden (1847 af H.C. Stilling, ombygget 1858), staldbygningen (1876), kørehallen med lagerkældre (1878), lagerbygningen med lagerkældre (1860/1868), kørehallen med lagerkældre (1857-1860, ombygget til lagerrum 1935, ombygget to stald 1991), hovedbygningen (Æresboligen) med den tilhørende mur mod nord (1853-54 af N.S. Nebelong), vinterhaven (1858 af Peter Christian Bønecke), Pompeji (1876 af Peter Christian Bønecke) samt den italienske pergola (1851) syd for Pompeji og den søndre lagerbygning. Ny Carlsberg: Vagttårnet (1905 af Hack Kampmann), museumsbygningen, Glyptoteket (1885-95 af Vilhelm Dahlerup og Hack Kampmann), Carl Jacobsens villa (1890-92), indkørslen with port, den sydlige del af haven med skulpturer og Den Venetianske Tepavillon (1895) samt ishuset (1896, alle af Hack Kampmann), Kvaltek, kontor- og laboratoriebygningen (1873 ombygget 1901 af Hack Kampmann). Fredet 1996. (* Bevaringsdeklaration for dele af Carlsberg) Kældrene under Den Røde Lagerbygning (1883). Stjerneporten samt Kridttårnet with vagtbygningen with den tilhørende mur og det brolagte areal mellem mur og bolig (1883 af P.C. Bønecke). Malteri og Maltmagasiner (1881 af Vilhelm Dahlerup). Dipylon (Dobbeltporten (1892 af Vilhelm Dahlerup). Bryghuset (1901 af Vilhelm Klein med senere ændringer) samt siloerne nord for Bryghuset. Elefantporten (1901 af Vilhelm Dahlerup). Vejbelægningen på Ny Carlsberg Vej på strækningen under Elefantporten, under Dipylon, mellem Elefantporten og Dipylon, mellem Vesterfælledvej og Dipylon samt vejens allé-beplantning. Den Snoede Skorsten (1900 af Carl Jacobsen og Vilhelm Dahlerup, udført af murermester Beckmann). Mineralvandsfabrikkens lagerbygning samt pergola syd herfor (1920-1927 af Carl Harild i samarbejde med Carlsbergs ingeniørkontor). Kraftværket (1923-29 af Carl Harild i samarbejde med Carlsbergs projekteringsafdeling, udvidet 1953). Kedelhuset (1926 af Carl Harild i samarbejde med Carlsbergs ingeniørkontor, udvidet 1928). De hængende Haver (1967/69 af Svenn Eske Kristensen i samarbejde med Carlsbergs projekteringsafdeling og planlægningsafdeling). Haven foran Æresboligen (1851-1867 af Rudolph Rothe). Lagerkælder 3 (1969 af Svenn Eske Kristensen og ingeniørfirmaet B. Højlund Rasmussen). Carlsberg Laboratorium samt forstanderboliger mod nord og syd med tilhørende forbindelsesgange (1893-96 af F.C. Thomsen) samt indgangsparti bestående af fire portsøjler og låger. Fredet 2009. Udvidet 2015. Ændret 2017;Vesterfælledvej 100 (m, København, Danmark;55,6635935;12,5376365
København;Viktoriagade 10;Viktoriagade 10;1986;1867;Historicism;Forhuset (1867). Fredet 1986.*;Viktoriagade 10, København, Danmark;55,6717980;12,5576530
København;Viktoriagade 12;Viktoriagade 12;1986;1863;Historicism;Forhuset (1863) og sidehuset (1881). Fredet 1986.*;Viktoriagade 12, København, Danmark;55,6716960;12,5577590
København;Viktoriagade 8;Viktoriagade 8;1984;1860;Historicism;Forhuset (1860). Fredet 1984.*;Viktoriagade 8, København, Danmark;55,6719880;12,5574170
København;Vingårdstræde 20;Vingårdstræde 20;1959;1851;Historicism;Forhuset (1851 af P.C. Hagemann). Fredet 1959.*;Vingårdstræde 20, København, Danmark;55,6785850;12,5827220
København;Åboulevard 12-14;Åhusene;1981;1896;Historicism;Den sammenhængende forhusbebyggelse med tilhørende sidebygninger (1896 af Ulrik Plesner og Fridlev Jacobsen). Fredet 1981.;Åboulevard 12-14, København, Danmark;55,6824542;12,5571433
København;Åboulevard 16-18;Åhusene;1981;1898;Historicism;De to forhuse med hertil hørende fire sidehuse (1898 af Ulrik Plesner). Fredet 1981.*;Åboulevard 16-18, København, Danmark;55,6824542;12,5571433
København;Åboulevard 84-86, Hans Egedes Gade 19-15, Henrik Runges Gade 14-18, Jesper Brochmands Gade 17;Linoleumshuset;2009;1931;Historicism;Linoleumshuset (1931 af Povl Baumann) samt granitbelægningen omkring bygningen. Fredet 2009.*;Åboulevard 84-86, Hans Egedes Gade 19-15, Henrik Runges Gade 14-18, Jesper Brochmands Gade 17, København, Danmark;;
København;Ådalsvej 5;Ådalsvej 5;2022;1939;Historicism;Villaen (1939 af Edvard Heiberg) og haven (1939 af C. Th. Sørensen). Fredet 2022*;Ådalsvej 5, København, Danmark;55,6891480;12,5017060
København;Østbanegade 11, Trondhjems Plads 2;Glacisgaarden;2001;1903;Historicism;Etagebeboelseshuset Glacisgaarden (1903-04 af Aage Langeland-Mathiesen). Fredet 2001.*;Østbanegade 11, Trondhjems Plads 2, København, Danmark;;
København;Østbanegade 19;Gefion;2001;1902;Historicism;Etagebeboelseshuset Gefion med mellemliggende portbygning (1902 af Philip Smidth). Fredet 2001.;Østbanegade 19, København, Danmark;55,6954830;12,5901010
København;Østbanegade 21;Gylfe;2000;1902;Historicism;Etagebeboelseshuset Gylfe med mellemliggende portbygning (1902 af Philip Smidth). Fredet 2000.;Østbanegade 21, København, Danmark;55,6958700;12,5904270
København;Øster Farimagsgade 2 C;Botanisk Have;1979;1872;Historicism;Væksthusbygningen, terrassen med balustrade og trappe og det runde bassin syd herfor, de to lave væksthuse op ad terrassen samt det fritliggende væksthus øst herfor (1872-74 af J.C. Jacobsen og Frederik Emil Kerrn). Fredet 1979, udvidet 2005;Øster Farimagsgade 2 C, København, Danmark;55,6876080;12,5728990
København;Øster Farimagsgade 3-7;Kommunehospitalet;1959;1863;Historicism;Kommunehospitalet, bestående af hovedfløjen med de to krumme forbindelsesgange og sidepavillonerne mod Øster Farimagsgade, den hermed parallelle fløj, de to forbindelsesfløje og disses forlængelse mod nordwest samt den tidl. funktionærbolig og det fritliggende kapel mod Bartholinsgade (alt 1859-63 af Christian Hansen) samt den tidl. vaskeribygning (1863, 1923), den tidl. bygning for sindslidende (1863, 1888, 1905), den tidl. bygning for patienter med smitsomme sygdomme (1863, 1935), den tidl. lægeboligbygning (1924), den tidl. sygeplejeboligbygning med vinterhave (1905) samt plankeværket omkring hospitalet. Fredet 1959. Udvidet 2001.*;Øster Farimagsgade 3-7, København, Danmark;55,6955121;12,5798441
København;Øster Søgade 8;Øster Søgade 8;1978;1873;Historicism;Forhuset og sidehuset samt det toetages fritliggende baghus (1873-76 af Vilhelm Petersen og Ferdinand Vilhelm Jensen) samt baggårdens brostensbelægning (ca. 1875). Fredet 1978. Udvidet 1998.*;Øster Søgade 8, København, Danmark;55,6869170;12,5664110
København;Øster Voldgade 3;Astronomisk Laboratorium;1959;1859;Historicism;Observatoriekomplekset (1859-61 af Christian Hansen). Fredet 1959.;Øster Voldgade 3, København, Danmark;55,6868010;12,5759390
København;Østerbrogade 158-160 og Nyborggade 2;Vibensgård;1987;1903;Historicism;Den trefløjede fem etages beboelsesejendom (1903-05 af Anton Rosen). Fredet 1987.*;Østerbrogade 158-160 og Nyborggade 2, København, Danmark;;
København;Østerbrogade 29 B, tidl;Trianglen 1Z;1986;1904;Historicism;Bien. Ventesalsbygningen midt på Trianglen (1904-07 af P.V. Jensen-Klint). Fredet 1986.;Østerbrogade 29 B, tidl, København, Danmark;;
København;Østerbrogade 57;Lægeforeningens Boliger (Brumleby);1959;1853;Historicism;Mnr. 157b: de otte boligblokke (1853-57 af Gottlieb Bindesbøll, blok D genopført 1870 af Vilhelm Klein) med tilhørende udhuse (1870 af Vilhelm Klein), Vaskehuset (1855 af Gottlieb Bindesbøll, genopført 1995), Kontorbygningen (1854 af Gottlieb Bindesbøll, genopført 1870 af Vilhelm Klein), huset mod Øster Allé med tilhørende sidehus (1906 af Andreas Clemmensen), Badeanstalten (1892 af Georg A. Rasmussen og Charles Ambt) samt friarealerne. Mnr. 542: de ti boligblokke med tilhørende udhuse (1866-72 af Vilhelm Klein), Kakkelovnsskuret (1889), mødesalen Kostalden mod Øster Allé (1897 af Andreas Clemmensen) samt friarealerne. Fredet 1959. Udvidet 1998.;Østerbrogade 57, København, Danmark;55,7029780;12,5768790
København;Østergade 16;Østergade 16;1978;1852;Historicism;Forhuset (før 1732, udvidet og forhøjet 1758, helt ombygget 1852). De to sidehuse (1852) og baghuset (mellem 1781 og 1791). Fredet 1978.*;Østergade 16, København, Danmark;55,6801510;12,5838290
København;Østergade 18, hj;af Ny Østergade;1995;1934;Historicism;Svaneapoteket. Hjørneejendommen (1934 af Bent Helweg-Møller og ingeniører C.N. Nøkkentved og Svend Friis Jespersen). Fredet 1995.*;Østergade 18, hj, København, Danmark;;
København;Amagertorv 20;Amagertorv 20;1959;1680;Baroque and rococo;Forhuset med tilbygning til bagsiden (ca. 1680, ombygget og forhøjet 1731 og forhøjet yderligere 1857). Fredet 1959.*;Amagertorv 20, København, Danmark;55,6787480;12,5776420
København;Antonigade 3;Antonigade 3;1986;1682;Baroque and rococo;Forhuset (før 1682 forhøjet mellem 1713 og 1733, ombygget mellem 1768 og 1779). Fredet 1986.;Antonigade 3, København, Danmark;55,6803440;12,5808660
København;Christiansborg Slot 1;Christiansborg;1918;1733;Baroque and rococo;Ridebaneanlæggets bygninger og Marmorbroen med kajmuren mod syd (1733-45 af Elias David Häusser og Niels Eigtved), slotskirken og de tre løngange samt slottets og højesterets facader mod Prins Jørgens Gård (1803-26 af C.F. Hansen). Fredet 1918.;Christiansborg Slot 1, København, Danmark;;
København;Dronningens Tværgade 2, hj;af Bredgade;1932;1700;Baroque and rococo;Moltkes Palæ. Forhus mod Bredgade med tofags sidefløj mod Dr. Tværgade (1700-02 muligvis af Ernst Brandenburger, ombygget i 1720'rne af Johan Cornelius Krieger). Fredet 1932.*;Dronningens Tværgade 2, hj, København, Danmark;;
København;Dronningensgade 14;Dronningensgade 14;1964;1737;Baroque and rococo;Forhuset (ca. 1737). Fredet 1964.*;Dronningensgade 14, København, Danmark;55,6706090;12,5899000
København;Farvergade 27 A-L og Løngangsstræde 24;Vartov;1918;1724;Baroque and rococo;Bygningerne mod Farvergade, Vester Voldgade og Løngangsstræde (1724-54 af Johan Cornelius Krieger, ombygget og forhøjet 1855-60) samt tilbygningen til Løngangsstæde 24, beliggende i gårdens nordøstlige ende (1930 af Aage Rafn). Fredet 1918. Udvidet 1996.*;Farvergade 27 A-L og Løngangsstræde 24, København, Danmark;;
København;Fiolstræde 16;Fiolstræde 16;1945;1728;Baroque and rococo;Forhus (1728-32, istandsat og forhøjet med en etage 1807) med trappehus. Fredet 1945.*;Fiolstræde 16, København, Danmark;55,6805890;12,5731470
København;Fiolstræde 18, hj;af Krystalgade;1939;1734;Baroque and rococo;Fiolstræde 18. Hjørnehuset med side- og baghus (1734). Fredet 1939.*;Fiolstræde 18, hj, København, Danmark;;
København;Fredericiagade 24-28 og Bredgade 59;Landsretsbygningen, Operahuset;1918;1701;Baroque and rococo;Hovedbygningen (1701-03 antagelig af Johan Conrad Ernst, ombygget 1769 af C.F. Harsdorff) og den lange bygning med gavl mod Fredericiagade. Fredet 1918.;Fredericiagade 24-28 og Bredgade 59, København, Danmark;;
København;Fredericiagade 90;Fredericiagade 90;1950;1746;Baroque and rococo;Forhuset (1746, forhøjet 1847). Fredet 1950.*;Fredericiagade 90, København, Danmark;55,6877470;12,5835870
København;Fredericiagade 94 (tidl;også Rigensgade 18);1950;1739;Baroque and rococo;Fredericiagade 94. Forhuset mod Fredericiagade (1739, forhøjet 1855). Fredet 1950.*;Fredericiagade 94 (tidl, København, Danmark;;
København;Frederiksholms Kanal 12;Nationalmuseet, Prinsens Palæ;1918;1684;Baroque and rococo;Palæet (1684, udvidet og ombygget 1726 ff. af Johan Cornelius Krieger, og 1743-44 af Niels Eigtved). Fredet 1918.*;Frederiksholms Kanal 12, København, Danmark;55,6750160;12,5760160
København;Frederiksholms Kanal 20 og Ny Kongensgade 4;Frederiksholms Kanal 20 og Ny Kongensgade 4;1959;1700;Baroque and rococo;Hjørnehuset (1700-tallet forhøjet og ombygget fuldstændigt i 1848) og pakhuset (1848) samt forhuset Ny Kongensgade 4 (1848). Fredet 1959.*;Frederiksholms Kanal 20 og Ny Kongensgade 4, København, Danmark;;
København;Frederiksholms Kanal 21-23 og Tøjhusgade 5-11;Staldmestergården og Havremagasinet;1918;1703;Baroque and rococo;Staldmestergården på hj. af Tøjhusgade (1703-06 af Wilhelm Friedrich von Platen og Christof Marselis) og bagved liggende enetages bygning. Garagebygningen ved Christian IV's Bryghus, Havremagasinet (ca. 1820-40). Fredet 1918.;Frederiksholms Kanal 21-23 og Tøjhusgade 5-11, København, Danmark;;
København;Frederiksholms Kanal 24;Frederiksholms Kanal 24;1950;1740;Baroque and rococo;Forhus og dermed sammenbygget etfagsbygning mod gaden op til mnr. 289 (1740'rne). Fredet 1950.*;Frederiksholms Kanal 24, København, Danmark;55,6737980;12,5775170
København;Gammel Mønt 17;Gammel Mønt 17;1980;1730;Baroque and rococo;Forhus (1730-37, bagsiden grundmuret og forsynet med kvist før 1781, facadeudsmykning 1883-91), baghus og trappehus samt muren mod Sværtegade. Fredet 1980.*;Gammel Mønt 17, København, Danmark;55,6813100;12,5810450
København;Gammel Mønt 19;Gammel Mønt 19;1959;1732;Baroque and rococo;Forhuset (1732, forhøjet 1780). Fredet 1959.*;Gammel Mønt 19, København, Danmark;55,6813570;12,5808990
København;Gammel Mønt 21;Gammel Mønt 21;1979;1730;Baroque and rococo;Forhus med sidehus (1730-37, forhøjet 1755-60, facaden grundmuret før 1780, mansard før 1785). Fredet 1979. Udvidet 1980.*;Gammel Mønt 21, København, Danmark;55,6814080;12,5807800
København;Gammel Mønt 23;Gammel Mønt 23;1980;1730;Baroque and rococo;Forhus og sidehus (1730-35, forhøjet før 1765, ombygget og facaden grundmuret mellem 1765 og 1804, bagsiden delvis grundmuret 1837). Fredet 1980.*;Gammel Mønt 23, København, Danmark;55,6814360;12,5807060
København;Gammel Mønt 25;Gammel Mønt 25;1980;1729;Baroque and rococo;Forhus og sidehus (1729, grundmuret og forhøjet formentlig 1788-89, facadeudsmykning 1891). Fredet 1980.*;Gammel Mønt 25, København, Danmark;55,6814700;12,5806230
København;Gammel Mønt 27;Gammel Mønt 27;1980;1730;Baroque and rococo;Forhus med trappehus (1730-35, forhøjet og bagsiden grundmuret 1793-94). Fredet 1980.*;Gammel Mønt 27, København, Danmark;55,6815140;12,5805260
København;Gammel Mønt 29;Gammel Mønt 29;1980;1730;Baroque and rococo;Forhus og sidehus (1730-35, forhøjet 1743, 1779 og 1847, gadesiden grundmuret 1779). Fredet 1980.*;Gammel Mønt 29, København, Danmark;55,6815510;12,5804420
København;Gammel Mønt 31;Gammel Mønt 31;1959;1732;Baroque and rococo;Forhuset (1732, forhøjet 1831). Fredet 1959.*;Gammel Mønt 31, København, Danmark;55,6815950;12,5803420
København;Gammel Mønt 35;Gammel Mønt 35;1980;1730;Baroque and rococo;Forhuset (1730-36, ombygget 1760-80, forhøjet mellem 1835 og 1853). Fredet 1980.*;Gammel Mønt 35, København, Danmark;55,6816920;12,5801590
København;Gammel Mønt 37;Gammel Mønt 37;1980;1730;Baroque and rococo;Forhus med side- og trappehus (1730-35, forhøjet og grundmuret før 1793, fabriksetage ca. 1850). Fredet 1980.*;Gammel Mønt 37, København, Danmark;55,6817330;12,5800610
København;Gammel Mønt 39;Gammel Mønt 39;1980;1731;Baroque and rococo;Forhuset (1731, forhøjet og ombygget 1748-87 og senere). Fredet 1980.*;Gammel Mønt 39, København, Danmark;55,6817720;12,5799330
København;Gammel Mønt 41, hj;af Møntergade;1959;1734;Baroque and rococo;Gammel Mønt 41. Hjørnehuset (1734). Fredet 1959. Udvidet 1984.*;Gammel Mønt 41, hj, København, Danmark;;
København;Gammel Strand 46;Gammel Strand 46;1918;1732;Baroque and rococo;Forhuset med side- og baghus (1732-33, genopbygget 1796-97 af Andreas Hallander).Fredet 1918.;Gammel Strand 46, København, Danmark;55,6776060;12,5778550
København;Gothersgade 100 (tidl;Øster Voldgade 2 A-F);1932;1742;Baroque and rococo;"Garderkasernen. Kasernebygningen (den store bygnings midtpavillon oprindelig et lysthus, opført under Christian V, ombygget 1742 af Johan Cornelius Krieger to ""laurierhus"" og udvidet med lange sidefløje og endepavilloner, ombygget 1785 til garderkaserne af Ernst Peymann, bygningerne forhøjet med en etage og mansard i 1845-47, den mindre fløj mod nordøst, oprindelig domestikhus, fra 1742). Fredet 1932.";Gothersgade 100 (tidl, København, Danmark;;
København;Gothersgade 111, hj;af Rosenborggade og hj;1939;1688;Baroque and rococo;af Åbenrå. Reformert Kirke. Kirkebygningen, kirkegården med indhegninger, gravminder, brolægningen og træer (1688-94 af Hendrik Brokham, monument for søhelten Olfert Fischer af G.B. Hagen og Hans W. Larsen, 1920, indhegning 1902-3 af Christian L. Thuren). Fredet 1939. Udvidet 1987.*;Gothersgade 111, hj, København, Danmark;;
København;Gothersgade 29;Gothersgade 29;1981;1677;Baroque and rococo;Forhus og trappehus (mellem 1677 og 1684, forhøjet 1765 og 1837-48, facadeudformning 1863) samt baghus (før 1710, later forhøjet). Fredet 1981.*;Gothersgade 29, København, Danmark;55,6819760;12,5829780
København;Gothersgade 41 og 41 A;Mathias Ortmanns Gård;1989;1735;Baroque and rococo;Forhus i syv grundmurede fag (1735), sidehus i gårdens højre side på 24 bindingsværksfag med grundmuret gavl mod Ny Østergade (1733), det hermed sammenbyggede tværhus på 12 bindingsværksfag, den hermed sammenbyggede sidefløj med grundmuret gavl mod Ny Østergade (1733, ombygget 1918 og 1925), de to udstillingspavilloner mod Ny Østergade (1925) samt sidehus i gårdens venstre side i seks grundmurede fag (1735). Fredet 1989.*;Gothersgade 41 og 41 A, København, Danmark;;
København;Gråbrødretorv 1, hj;af Niels Hemmingsens Gade;1924;1731;Baroque and rococo;Fiskebløderhuset. Forhus med side- og baghus (1731-32).Fredet 1924.*;Gråbrødretorv 1, hj, København, Danmark;;
København;Gråbrødretorv 13;Gråbrødretorv 13;1932;1730;Baroque and rococo;Forhuset (1730-35, forhøjet 1784). Fredet 1932.;Gråbrødretorv 13, København, Danmark;55,6795510;12,5759370
København;Gråbrødretorv 19-21, Gråbrødrestræde 23, Klosterstræde 20;Gråbrødretorv 19-21, Gråbrødrestræde 23 og Klosterstræde 20;1945;1730;Baroque and rococo;"Forhusbebyggelsen mod Gråbrødretorv, Gråbrødrestræde og Klosterstræde samt sidehus mod nordøst (Gråbrødretorv 19: ca. 1730, ombygget 1808 og 1857-58; Gråbrødretorv 21, Gråbrødrestræde 23: 1813, ombygget 1857-58; Klosterstræde 20, hj. af Gråbrødrestræde: 1815-16). Fredet 1945.*";Gråbrødretorv 19-21, Gråbrødrestræde 23, Klosterstræde 20, København, Danmark;;
København;Gråbrødretorv 3;Wessels Hus;1926;1732;Baroque and rococo;"Forhus med side- og baghus (1732, ombygget 1759; trappehus fra ca. 1816). Fredet 1926.*";Gråbrødretorv 3, København, Danmark;55,6798530;12,5763970
København;Gråbrødretorv 5;Gråbrødretorv 5;1964;1732;Baroque and rococo;Forhus med trappehus og baghus (1732, kvist, forsvundet ca. 1816, genskabt 1964). Fredet 1964.*;Gråbrødretorv 5, København, Danmark;55,6798100;12,5763330
København;Gråbrødretorv 6, hj;af Niels Hemmingsens Gade;1945;1729;Baroque and rococo;Gråbrødretorv 6. Hjørnebygningen (1729). Fredet 1945.*;Gråbrødretorv 6, hj, København, Danmark;;
København;Gråbrødretorv 7;Gråbrødretorv 7;1926;1730;Baroque and rococo;Forhus med side- og baghus (1730-32). Fredet 1926.*;Gråbrødretorv 7, København, Danmark;55,6797580;12,5762020
København;Gråbrødretorv 8;Petri Skole (tidl.);;1730;Baroque and rococo;Forhuset (ca. 1730, kvist ombygget til fuld tredje etage 1852, fjerde etage tilføjet 1858). Fredning 1945.*;Gråbrødretorv 8, København, Danmark;55,6800360;12,5757590
København;Gråbrødretorv 9;Gråbrødretorv 9;1926;1729;Baroque and rococo;Forhuset mod Gråbrødretorv samt trappehusets tre bindingsværksfag i gården (1729, ombygget 1779 fra toetages kvisthus til fire etager med kvist). Fredet 1926.;Gråbrødretorv 9, København, Danmark;55,6797330;12,5761780
København;Grønnegade 18;Grønnegade 18;1971;1742;Baroque and rococo;"Forhus mod Grønnegade (1742, forhøjet med en etage 1836), hjørnehus mod Ny Østergade og Pistolstræde (1732, underetagen grundmuret 1854; nuværende facade fra 1870'erne), forhus mod Pistolstræde (1732, grundmuret 1826; nuværende facade fra 1870'erne). Fredet 1971.*";Grønnegade 18, København, Danmark;55,6810050;12,5827160
København;Grønnegade 27;Grønnegade 27;1978;1695;Baroque and rococo;Forhus (før 1695, ombygget ca. 1785 og 1834) med sidehus og baghus. Fredet 1978. Udvidet 1979.*;Grønnegade 27, København, Danmark;55,6812940;12,5830360
København;Grønnegade 29;Grønnegade 29;1978;1741;Baroque and rococo;Forhus (1741, forhøjet mellem 1750 og 1773, gadefacaden ca. 1880) med sidehus og baghus. Fredet 1978. Udvidet 1979.*;Grønnegade 29, København, Danmark;55,6813590;12,5830980
København;Grønnegade 41;Snedkerlauget;1979;1724;Baroque and rococo;Forhuset (1724, grundmuret før 1768), de to sidehuse og baghuset samt udløberfløjen mod syd (1861, i udløberfløjen snedkerlaugets sal af Vilhelm Dahlerup 1887). Fredet 1979.*;Grønnegade 41, København, Danmark;55,6816580;12,5833410
København;Hauser Plads 24 og Åbenrå 23;Hauser Plads 24 og Åbenrå 23;1945;1733;Baroque and rococo;"Den sammenbyggede forhusbebyggelse mod Hauser Plads og Åbenrå (forhus mod Hauser Plads 1733, ombygget 1807; forhus mod Åbenrå 1733). Fredet 1945.*";Hauser Plads 24 og Åbenrå 23, København, Danmark;;
København;Kastellet 1-110;Citadellet Frederikshavn (Kastellet);1918;1703;Baroque and rococo;"Fæstningsanlægget med grave og jordværker indbefattet Smedelinien samt alle til voldanlægget hørende porte med broværker, dæmning, forværker og hovedvagtbygninger ved hovedportene (volde og grave 1662-63 af Henrick Ruse, Kongeporten 1663 af Henrick Ruse med François Dieussarts buste af Frederik III samt Norgesporten 1663 af Henrick Ruse). Følgende på voldanlægget og fæstningsterrænet stående bygninger: Kastelskirken (1703-04 formentlig af Georg Philip Müller) og den dermed sammenbyggede gamle arrest (1725 af Elias David Häusser); Kommandantgården (1725 af Elias David Häusser); Stjerne-, Artilleri-, Elefant-, Fortun-, General- og Svanestok (1600-tallets slutning og senere); nordre og søndre magasin (1660'erne, stræbepillerne fra 1752, bygningerne delvis nedbrudt og genopført 1824-40); krudthus i Dronningens Bastion (1712 af Domenico Pelli); Smedehuset på Falsters Contregarde (1745, ombygget 1838); vindmøllen i Kongens Bastion (1847); Materialgården (1842) og Hovedvagt med arrest (1873-74). Fredet 1918.";Kastellet 1-110, København, Danmark;55,6901297;12,5951733
København;Klareboderne 10;Klareboderne 10;1985;1730;Baroque and rococo;Forhuset med sidehus (mellem 1730 og 1737, forhøjet 1845). Fredet 1985.;Klareboderne 10, København, Danmark;55,6809710;12,5785030
København;Klareboderne 14;Klareboderne 14;1988;1735;Baroque and rococo;Forhus og sidehus (1735, forhøjet 1779 og 1847). Fredet 1988.*;Klareboderne 14, København, Danmark;55,6810850;12,5786800
København;Klareboderne 16;Klareboderne 16;1975;1730;Baroque and rococo;Forhuset (1730, forhøjet 1754 og 1838) og det hermed sammenbyggede sidehus. Fredet 1975.*;Klareboderne 16, København, Danmark;55,6811440;12,5787640
København;Klareboderne 3;Klareboderne 3;1918;1731;Baroque and rococo;Forhuset (1731-34 af Abraham Stoy). Fredet 1918.;Klareboderne 3, København, Danmark;55,6809630;12,5781870
København;Klareboderne 8;Klareboderne 8;1964;1733;Baroque and rococo;Forhuset med sidehus (1733, forhøjet med en etage 1864). Fredet 1964.;Klareboderne 8, København, Danmark;55,6809200;12,5784270
København;Klosterstræde 16;Klosterstræde 16;1992;1731;Baroque and rococo;Forhuset og sidehuset (ca. 1731, forhøjet mellem 1778 og 1793, sidehuset senere forlænget med en grundmuret tilbygning) samt den brolagte gårdsplads. Fredet 1992.*;Klosterstræde 16, København, Danmark;55,6792050;12,5754350
København;Klosterstræde 8;Klosterstræde 8;1974;1732;Baroque and rococo;Forhuset (1732, forhøjet og ombygget mellem 1782 og 1795). Fredet 1974.*;Klosterstræde 8, København, Danmark;55,6789680;12,5758060
København;Knabrostræde 22;Knabrostræde 22;1945;1735;Baroque and rococo;Forhuset (1735, ombygget 1775, 1871 og 1896). Fredet 1945.*;Knabrostræde 22, København, Danmark;55,6768970;12,5756390
København;Knabrostræde 30, hj;af Nybrogade;1918;1733;Baroque and rococo;Det Ferske Fiskehandler-Kompagnis Hus. Forhuset (1733). Fredet 1918.*;Knabrostræde 30, hj, København, Danmark;;
København;Kompagnistræde 21, hj;af Knabrostræde;1918;1741;Baroque and rococo;Kompagnistræde 21. Forhusbebyggelsen mod Kompagnistræde og Knabrostræde med side- og baghus (ca. 1741) . Fredet 1918. Udvidet 1951.;Kompagnistræde 21, hj, København, Danmark;;
København;Kompagnistræde 23;Kompagnistræde 23;1918;1734;Baroque and rococo;Forhuset (1734, forhøjet med en etage mellem 1739 og 1762). Fredet 1918.;Kompagnistræde 23, København, Danmark;55,6768700;12,5751120
København;Kompagnistræde 25;Kompagnistræde 25;1945;1730;Baroque and rococo;Forhuset (1730'erne, ombygget og forhøjet 1837). Fredet 1945.*;Kompagnistræde 25, København, Danmark;55,6768120;12,5749810
København;Kompagnistræde 31;Kompagnistræde 31;1945;1734;Baroque and rococo;Forhus (1734, forhøjet 1844) med sidehus (1734, senere ombygget). Fredet 1945.*;Kompagnistræde 31, København, Danmark;55,6766980;12,5746610
København;Kongens Nytorv;Christian V's rytterstatue;1918;1685;Baroque and rococo;Rytterstatuen (1685-87 af Abraham César Lamoureux, fornyet 1946) samt det indre gitter omkring rytterstatuen. Fredet 1918. Udvidet 1998.;Kongens Nytorv, København, Danmark;55,6805738;12,5866225
København;Kongens Nytorv 1;Charlottenborg;1918;1672;Baroque and rococo;Det firefløjede anlæg (1672 ff. formentlig af Ewert Janssen) med den hermed sammenbyggede bygning i sydøst (ca. 1780, Thorvaldsens lejlighed). Fredet 1918.*;Kongens Nytorv 1, København, Danmark;55,6802230;12,5870630
København;Krystalgade 11;Krystalgade 11;1982;1730;Baroque and rococo;Forhuset og det hermed sammenbyggede sidehus (1730-35, forhøjet flere gange mellem 1766 og 1788). Fredet 1982.*;Krystalgade 11, København, Danmark;55,6809350;12,5739170
København;Krystalgade 5-5 B;Krystalgade 5-5 B;1986;1730;Baroque and rococo;Forhuset med side- og baghus (mellem 1730 og 1740, forhøjet 1857-58), retiradebygningen i gården (ca. 1913) samt bro- og chausséstensbelægningen i gårdrummet. Fredet 1986. Udvidet 2010.*;Krystalgade 5-5 B, København, Danmark;55,6809464;12,5736221
København;Kvæsthusgade 5;Kvæsthusgade 5;1959;1736;Baroque and rococo;Forhuset (1736, forhøjet med to etager og ombygget i 1845). Fredet 1959.*;Kvæsthusgade 5, København, Danmark;55,6798790;12,5935000
København;Købmagergade 13;Købmagergade 13;1974;1729;Baroque and rococo;Forhus (1729-30, ombygget 1852) med sidehuse af bindingsværk (før 1759), trappehus (1847), mellembygning (1729, forhøjet 1800), sidehus i bageste gård (1801) samt baghuse (før 1800 og 1898). Fredet 1974.*;Købmagergade 13, København, Danmark;55,6798630;12,5789740
København;Købmagergade 33 og Valkendorfsgade 2-4;Postgården;1918;1729;Baroque and rococo;Det gamle palæ med dertil hørende sidefløj langs Valkendorfsgade (1729-32 af Philip de Lange). Fredet 1918.*;Købmagergade 33 og Valkendorfsgade 2-4, København, Danmark;;
København;Købmagergade 5;Købmagergade 5;1991;1729;Baroque and rococo;Den fireetages bebyggelse, bestående af forhus og to sidehuse (1729, oprindelig treetages, men forhøjet sidst i 1700-tallet) og baghuset på fire etager, der forbinder de to sidehuse (1807). Fredet 1991.*;Købmagergade 5, København, Danmark;55,6793750;12,5793180
København;Købmagergade 7;Købmagergade 7;1973;1729;Baroque and rococo;Forhus (1729 af Philip de Lange, forhøjet i 1790'erne), sidehus og baghus. Fredet 1973.*;Købmagergade 7, København, Danmark;55,6794670;12,5792370
København;Landemærket 53;Landemærket 53;1978;1730;Baroque and rococo;Forhuset (mellem 1730 og 1735, gavlkvist retableret 1969-70). Fredet 1978.*;Landemærket 53, København, Danmark;55,6831500;12,5779680
København;Landemærket 55;Landemærket 55;1973;1730;Baroque and rococo;Forhuset (mellem 1730 og 1736, gavlkvist retableret 1969-70). Fredet 1973.*;Landemærket 55, København, Danmark;55,6831900;12,5780220
København;Lille Kongensgade 6;Lille Kongensgade 6;1918;1720;Baroque and rococo;Forhuset (før 1720, forhøjet og gadesiden grundmuret ca. 1770). Fredet 1918.*;Lille Kongensgade 6, København, Danmark;55,6797140;12,5843610
København;Lille Strandstræde 12;Lille Strandstræde 12;1950;1700;Baroque and rococo;Forhus (beg. af 1700-tallet, omb. 1857), sidehus (1700-tallet) og mellembygning (1732) omkring den første gård. Fredet 1950.*;Lille Strandstræde 12, København, Danmark;55,6808000;12,5898190
København;Lille Strandstræde 16;Lille Strandstræde 16;1950;1700;Baroque and rococo;Forhuset (1700-tallet og later). Fredet 1950.;Lille Strandstræde 16, København, Danmark;55,6810170;12,5900380
København;Lille Strandstræde 8;Lille Strandstræde 8;1959;1700;Baroque and rococo;Forhuset (1700-tallet, ombygget og forhøjet med to etager 1786) og det dermed sammenbyggede sidehus (1832). Fredet 1959. Udvidet 1976.*;Lille Strandstræde 8, København, Danmark;55,6806700;12,5896760
København;Magstræde 12;Magstræde 12;1945;1731;Baroque and rococo;"Forhus mod Magstræde og mellemhus samt de forbindende sidehuse (1731-32, forhøjet og ombygget 1810; forreste sidehus 1600-tallet). Fredet 1945.";Magstræde 12, København, Danmark;55,6764180;12,5753910
København;Magstræde 16;Magstræde 16;1945;1730;Baroque and rococo;Forhus (mellem 1730 og 1735) og trappehus. Fredet 1945.*;Magstræde 16, København, Danmark;55,6763170;12,5751300
København;Magstræde 18;Magstræde 18;1945;1730;Baroque and rococo;Forhus (ca. 1730) med side- og baghus. Fredet 1945.*;Magstræde 18, København, Danmark;55,6762930;12,5750520
København;Magstræde 6;Magstræde 6;1945;1733;Baroque and rococo;Forhus med tilstødende sidehus af pudset bindingsværk (1733-34 af Philip de Lange). Fredet 1945.*;Magstræde 6, København, Danmark;55,6765640;12,5757650
København;Magstræde 7;Magstræde 7;1945;1730;Baroque and rococo;Forhuset (ca. 1730, ombygget 1803 af Poul Egeroed). Fredet 1945.*;Magstræde 7, København, Danmark;55,6764750;12,5758790
København;Magstræde 8;Magstræde 8;1945;1730;Baroque and rococo;Forhuset (ca. 1730-50, ombygget ca. 1780-90). Fredet 1945.*;Magstræde 8, København, Danmark;55,6765170;12,5756380
København;Møllegade 12;Mosaisk Begravelsesplads;1983;1694;Baroque and rococo;Begravelsespladsen med monumenter, gravsten og gravplader, den høje hegnsmur mod Møllegade, Guldbergsgade og Birkegade samt bolig- og indgangsbygningen ved Møllegade (anlagt 1694 ff., mur og bygninger 1873 af Vilhelm Tvede). Fredet 1983.*;Møllegade 12, København, Danmark;55,6912510;12,5567390
København;Møntergade 10;Møntergade 10;1959;1732;Baroque and rococo;Forhuset (1732, facaden 1857). Fredet 1959.*;Møntergade 10, København, Danmark;55,6816700;12,5794070
København;Møntergade 12;Møntergade 12;1978;1730;Baroque and rococo;Forhuset og de to sidehuse (1730). Fredet 1978.*;Møntergade 12, København, Danmark;55,6817230;12,5794790
København;Møntergade 14;Møntergade 14;1979;1730;Baroque and rococo;Forhus (mellem 1730 og 1736, helt ombygget 1763) med sidehus og baghus. Fredet 1979.*;Møntergade 14, København, Danmark;55,6817760;12,5795430
København;Møntergade 16;Møntergade 16;1983;1730;Baroque and rococo;Forhuset, baghuset og det mellemliggende trappehus (1730'erne, forhøjet 1770). Fredet 1983.;Møntergade 16, København, Danmark;55,6818230;12,5796080
København;Møntergade 4;Møntergade 4;1982;1730;Baroque and rococo;Forhuset (1730-37, forhøjet ca. 1775) med trappehus (ca. 1830). Fredet 1982.*;Møntergade 4, København, Danmark;55,6815000;12,5792000
København;Møntergade 6;Møntergade 6;1978;1730;Baroque and rococo;Forhuset (mellem 1730 og 1749, forhøjet 1775, facadeudsmykningen 1839). Fredet 1978.*;Møntergade 6, København, Danmark;55,6815560;12,5792610
København;Møntergade 8;Møntergade 8;1978;1730;Baroque and rococo;Forhuset (1730-35, forhøjet og facaden grundmuret mellem 1829 og 1832) samt sidehus og baghus. Fredet 1978. Udvidet 2016. *;Møntergade 8, København, Danmark;55,6816130;12,5793360
København;Niels Hemmingsens Gade 1, hj;af Amagertorv;1959;1736;Baroque and rococo;Niels Hemmingsens Gade 1. Forhusbebyggelsen mod Niels Hemmingsens Gade og Amagertorv med side- og baghus (1736, alle på grunden stående bygninger forhøjet med en etage 1762. Forhuset forhøjet med en etage 1855 og atter forandret i 1900-tallet). Fredet 1959.*;Niels Hemmingsens Gade 1, hj, København, Danmark;;
København;Niels Hemmingsens Gade 23;Niels Hemmingsens Gade 23;1973;1730;Baroque and rococo;Forhus og sidehus (ca. 1730). Fredet 1973.*;Niels Hemmingsens Gade 23, København, Danmark;55,6803300;12,5757540
København;Niels Hemmingsens Gade 3;Niels Hemmingsens Gade 3;1959;1736;Baroque and rococo;Forhuset med to sidehuse (1736, ombygget og forhøjet 1786). Fredet 1959.*;Niels Hemmingsens Gade 3, København, Danmark;55,6789830;12,5777700
København;Niels Hemmingsens Gade 32;Niels Hemmingsens Gade 32;1981;1739;Baroque and rococo;Forhus (mellem 1739 og 1744, ombygget 1853-54) og sidehus (mellem 1762 og 1777, ombygget 1853-54, forhøjet mellem 1869 og 1873). Fredet 1981.*;Niels Hemmingsens Gade 32, København, Danmark;55,6802850;12,5761210
København;Nordområdet 262 A og B;Kommandørhuset i Vilhelms Bastion, Christiania;2007;1735;Baroque and rococo;Bindingsværksbygningen benævnt Kommandørhuset i Vilhelms Bastion (1735). Fredet 2007.*;Nordområdet 262 A og B, København, Danmark;;
København;Nordområdet 270;Krudthuset i Vilhelms Bastion, Christiania;2007;1688;Baroque and rococo;Krudthuset i Vilhelms Bastion (1688, af Hans V. Steenwinckel den yngste). Fredet 2007.*;Nordområdet 270, København, Danmark;55,6763750;12,6080500
København;Ny Adelgade 6-6 A;Ny Adelgade 6-6 A;1986;1738;Baroque and rococo;Forhuset (1738, gavlkvisten mellem 1802 og 1837) og baghuset (1738). Fredet 1986.*;Ny Adelgade 6-6 A, København, Danmark;55,6812075;12,5841136
København;Ny Kongensgade 1, hj;af Frederiksholms Kanal;1918;1740;Baroque and rococo;Barchmanns Palæ. Forhuse mod Ny Kongensgade og Frederiksholms Kanal (1740 af Philip de Lange) og det fem fags sidehus i tre etager og mansard til forhuset mod Ny Kongensgade.Fredet 1918. Udvidet 2000.*;Ny Kongensgade 1, hj, København, Danmark;;
København;Ny Kongensgade 11;Ny Kongensgade 11;1976;1730;Baroque and rococo;Forhuset og det hermed sammenbyggede bindingsværkssidehus (1730'erne). Fredet 1976.*;Ny Kongensgade 11, København, Danmark;55,6736450;12,5763120
København;Ny Vestergade 9;Ny Vestergade 9;1932;1700;Baroque and rococo;Forhuset (ca. 1700, ombygget 1771-73) samt de hermed sammenbyggede sidehuse, det vestre på to fag (før 1770) og det østre i hele længden (før 1770). Fredet 1932.*;Ny Vestergade 9, København, Danmark;55,6743820;12,5756500
København;Nybrogade 10 og Snaregade 7;Nybrogade 10 og Snaregade 7;1945;1700;Baroque and rococo;"Nybrogade 10: forhus (ca. 1740, forhøjet og ombygget 1853-54) med sidehus (1700-tallet); Snaregade 7: forhus (1853-54). Fredet 1945.*";Nybrogade 10 og Snaregade 7, København, Danmark;;
København;Nybrogade 12, hj;af Knabrostræde;1918;1732;Baroque and rococo;Hofkonditor Zieglers Gård. Det firefløjede anlæg (1732 af Philip de Lange, østlige del 1748). Fredet 1918.*;Nybrogade 12, hj, København, Danmark;;
København;Nybrogade 16 og Magstræde 3;Nybrogade 16 og Magstræde 3;1918;1734;Baroque and rococo;De to forhuse (1734-35) og det mellemliggende trappehus (mellem 1745 og 1790). Fredet 1918.*;Nybrogade 16 og Magstræde 3, København, Danmark;;
København;Nybrogade 18;Nybrogade 18;1918;1732;Baroque and rococo;Forhus mod Nybrogade samt sidehus (1732, forhøjet med en etage 1854). Fredet 1918.;Nybrogade 18, København, Danmark;55,6763990;12,5761380
København;Nybrogade 2;Assistenshuset;1918;1729;Baroque and rococo;Det firefløjede anlæg (1729-30, ombygget 1765 af Philip de Lange) med udløberfløj langs Snaregade. Fredet 1918.;Nybrogade 2, København, Danmark;55,6770610;12,5771690
København;Nybrogade 20;Nybrogade 20;1918;1731;Baroque and rococo;Forhuset (1731). Fredet 1918.*;Nybrogade 20, København, Danmark;55,6763530;12,5760760
København;Nybrogade 26 og Magstræde 13;Nybrogade 26 og Magstræde 13;1918;1700;Baroque and rococo;"Forhusene mod Nybrogade og Magstræde (Nybrogade 26: 1700-tallet, ombygget 1827 og senere; Magstræde 13: 1808-09, forhøjet 1827). Fredet 1918.*";Nybrogade 26 og Magstræde 13, København, Danmark;;
København;Nybrogade 4;Pæretræet;1918;1729;Baroque and rococo;Forhus (1729-30, forhøjet med en etage 1846) med sidehus (1729). Fredet 1918.;Nybrogade 4, København, Danmark;55,6769360;12,5769440
København;Nyhavn 13;Nyhavn 13;1945;1690;Baroque and rococo;Forhuset (ca. 1690, kvist erstattet af de to øverste etager 1842). Fredet 1945.;Nyhavn 13, København, Danmark;55,6805800;12,5888650
København;Nyhavn 19, hj;af Lille Strandstræde;1973;1713;Baroque and rococo;Nyhavn 19. Forhus (før 1713, forhøjet mellem 1766 og 1787) med trappehus (mellem 1787 og 1801). Fredet 1973.*;Nyhavn 19, hj, København, Danmark;;
København;Nyhavn 25;Nyhavn 25;1945;1730;Baroque and rococo;Forhus med sidehus (ca. 1730, forhøjet ca. 1790). Fredet 1945.*;Nyhavn 25, København, Danmark;55,6803380;12,5897720
København;Nyhavn 27;Nyhavn 27;1945;1700;Baroque and rococo;Forhuset (ca. 1700, forhøjet 1784, forlænget 1789). Fredet 1945.*;Nyhavn 27, København, Danmark;55,6803100;12,5899000
København;Nyhavn 29;Nyhavn 29;1945;1730;Baroque and rococo;Forhuset og østre sidehus (ca. 1730). Fredet 1945.*;Nyhavn 29, København, Danmark;55,6802780;12,5900500
København;Nyhavn 31;Nyhavn 31;1945;1700;Baroque and rococo;Forhuset (ca. 1700, forhøjet 1731) samt de two hermed sammenbyggede sidehuse (det forreste ca. 1800, det bageste fra 1. halvdel af 1700-tallet). Fredet 1945. Udvidet 1979.*;Nyhavn 31, København, Danmark;55,6802370;12,5901790
København;Nyhavn 33;Nyhavn 33;1945;1696;Baroque and rococo;Forhuset (1696, forhøjet 1767 og 1853), det østre sidehus (1784, forhøjet 1853), det vestre sidehus (nordlige del 1784, forhøjet 1833, sydlige del 1833) samt hegnsmuren mellem østre og vestre sidehus. Fredet 1945. Udvidet 1951. Udvidet 2001.;Nyhavn 33, København, Danmark;55,6802150;12,5902730
København;Nyhavn 35;Nyhavn 35;1945;1700;Baroque and rococo;Forhuset (ca. 1700, kvist ombygget to fuld etage ca. 1783, etage påbygget 1835) og det hermed sammenbyggede sidehus. Fredet 1945. Udvidet 1979.*;Nyhavn 35, København, Danmark;55,6801760;12,5904250
København;Nyhavn 37;Nyhavn 37;1923;1700;Baroque and rococo;Forhuset (ca. 1700, forhøjet med en etage 1791). Fredet 1923.*;Nyhavn 37, København, Danmark;55,6801370;12,5905460
København;Nyhavn 39;Nyhavn 39;1945;1700;Baroque and rococo;Forhuset (ca. 1700, forhøjet med en etage 1850). Fredet 1945.;Nyhavn 39, København, Danmark;55,6801140;12,5906670
København;Nyhavn 41;Nyhavn 41;1918;1698;Baroque and rococo;Forhuset (1698, kvist ombygget to fuld etage og ny kvist påbygget ca. 1752) med side- og baghus. Fredet 1918. Udvidet 1984.*;Nyhavn 41, København, Danmark;55,6800740;12,5908030
København;Nyhavn 45;Nyhavn 45;1945;1740;Baroque and rococo;Forhus (1740, forhøjet med en etage 1794) med sidehus (1794) og baghus (1794) og den brolagte gårdsplads med muren mod naboskel. Fredet 1945. Udvidet 1990.*;Nyhavn 45, København, Danmark;55,6800020;12,5910870
København;Nyhavn 47, hj;af Toldbodgade;1932;1737;Baroque and rococo;Nyhavn 47. Hjørnehuset, sidehuset og muren mod Nyhavn (1737-38, ombygget 1845 af J.A. Blom). Fredet 1932.*;Nyhavn 47, hj, København, Danmark;;
København;Nyhavn 49, hj;af Toldbodgade;1932;1746;Baroque and rococo;Nyhavn 49. Forhuset (1746, forhøjet med en etage 1886). Fredet 1932.*;Nyhavn 49, hj, København, Danmark;;
København;Nyhavn 55;Nyhavn 55;1945;1700;Baroque and rococo;Forhuset (ca. 1700, ombygget 1906) og det sydøstre sidehus (før 1756, senere delvis grundmuret). Fredet 1945.*;Nyhavn 55, København, Danmark;55,6797230;12,5921300
København;Nyhavn 57;Nyhavn 57;1945;1690;Baroque and rococo;Forhuset (ca. 1690, ca. 1850-60) og det hermed sammenbyggede sidehus, mellemhuset og baghuset (beg. af 1700-tallet, ombygget 1889) og de tilhørende befæstede arealer i gårdforløbene på matriklen. Fredet 1945* Udvidet 2017.*;Nyhavn 57, København, Danmark;55,6797000;12,5922060
København;Nyhavn 59;Guldmagerens Hus;1945;1689;Baroque and rococo;Forhuset (1689 og later) med side-, bag- og tværhus. Fredet 1945. Udvidet 1984.*;Nyhavn 59, København, Danmark;55,6796770;12,5923010
København;Nyhavn 61;Nyhavn 61;1945;1700;Baroque and rococo;Forhuset (ca. 1700 and later) med side- og baghus. Fredet 1945. Udvidet 1984.*;Nyhavn 61, København, Danmark;55,6796530;12,5923970
København;Nyhavn 65;Mahnfeldts Gård;1918;1737;Baroque and rococo;Forhuset (1737), sidehus i vest (mellem 1739 og 1756), sidehus i øst (mellem 1756 og 1801), vestlige baghus (1731) og østlige baghus (ca. 1700). Fredet 1918.*;Nyhavn 65, København, Danmark;55,6795580;12,5927340
København;Nyhavn 67;Nyhavn 67;1932;1737;Baroque and rococo;Forhuset (1737, forhøjet med to etager 1846). Fredet 1932.*;Nyhavn 67, København, Danmark;55,6795250;12,5928960
København;Nyhavn 9;Nyhavn 9;1918;1681;Baroque and rococo;Forhuset (1681) med side-, bag- og tværhus (før 1729). Fredet 1918. *;Nyhavn 9, København, Danmark;55,6806580;12,5886160
København;Nørregade 10 (tidl;8-10);1918;1731;Baroque and rococo;Kommunitetsbygningen og Professorboligen. Kommunitetsbygningen (1731) og Professorboligen (ca. 1732 af Johan Cornelius Krieger). Fredet 1918.;Nørregade 10 (tidl, København, Danmark;;
København;Nørregade 11;Bispegården;1918;1731;Baroque and rococo;Forhuset med de to sidehuse mod Studiestræde (1731-32, ombygget 1896). Fredet 1918.;Nørregade 11, København, Danmark;55,6794570;12,5716710
København;Nørregade 13;Nørregade 13;1918;1730;Baroque and rococo;Forhuset til Nørregade (1730-32). Fredet 1918. *;Nørregade 13, København, Danmark;55,6796210;12,5715620
København;Olfert Fischers Gade 5;Olfert Fischers Gade 5;1979;1700;Baroque and rococo;Forhuset (beg. af 1700-tallet). Fredet 1979.*;Olfert Fischers Gade 5, København, Danmark;55,6865970;12,5886510
København;Olfert Fischersgade 7;Olfert Fischersgade 7;1979;1740;Baroque and rococo;De to forhuse (det østre før 1740, forhøjet mellem 1740 og 1766, det vestre før 1767, mansarden opsat mellem 1767 og 1788) samt bindingsværksmuren ved skellet to mnr. 76. Fredet 1979. Udvidet 1983.*;Olfert Fischersgade 7, København, Danmark;;
København;Overgaden neden Vandet 31;Overgaden neden Vandet 31;1918;1746;Baroque and rococo;Det mod gaden liggende femfags kvisthus med sidehus (1746-47). Fredet 1918.*;Overgaden neden Vandet 31, København, Danmark;55,6731020;12,5912410
København;Overgaden neden Vandet 33;Hans Caspersens Gård;1918;1740;Baroque and rococo;Det femetages forhus med sidehus (ca. 1740, forhøjet 1783). Fredet 1918.*;Overgaden neden Vandet 33, København, Danmark;55,6731900;12,5913640
København;Overgaden oven Vandet 18;Overgaden oven Vandet 18;1918;1700;Baroque and rococo;Forhuset (1700-tallet og senere). Fredet 1918.*;Overgaden oven Vandet 18, København, Danmark;55,6710070;12,5889730
København;Overgaden oven Vandet 22;Overgaden oven Vandet 22;1945;1650;Baroque and rococo;Forhuset (ca. 1650, forhøjet 1786, facaden ca. 1800). Fredet 1945.;Overgaden oven Vandet 22, København, Danmark;55,6710740;12,5890880
København;Overgaden oven Vandet 24;Overgaden oven Vandet 24;1945;1730;Baroque and rococo;Forhuset (ca. 1730). Fredet 1945.*;Overgaden oven Vandet 24, København, Danmark;55,6711250;12,5891670
København;Overgaden oven Vandet 28;Overgaden oven Vandet 28;1945;1730;Baroque and rococo;Forhus og det dermed sammenbyggede sidehus på fem fag (ca. 1730). Fredet 1945.*;Overgaden oven Vandet 28, København, Danmark;55,6712660;12,5893960
København;Overgaden oven Vandet 54;Overgaden oven Vandet 54;1945;1745;Baroque and rococo;Forhuset og de dermed sammenbyggede two sidehuse (før 1745, ombygget 1846). Fredet 1945.*;Overgaden oven Vandet 54, København, Danmark;55,6739910;12,5939190
København;Overgaden oven Vandet 56, hj;af Bådsmandsstræde;1945;1700;Baroque and rococo;Overgaden oven Vandet 56. Hjørnehuset (1700-tallet). Fredet 1945.*;Overgaden oven Vandet 56, hj, København, Danmark;;
København;Overgaden oven Vandet 8, hj;af Store Søndervoldstræde;1945;1700;Baroque and rococo;Overgaden oven Vandet 8. Hjørnebygningen (1700-tallet). Fredet 1945.*;Overgaden oven Vandet 8, hj, København, Danmark;;
København;Pilestræde 33;Pilestræde 33;1987;1745;Baroque and rococo;Forhuset samt sidehus og baghus (forhus 1745, ombygget 1769-98, ombygget 1851). Fredet 1987.*;Pilestræde 33, København, Danmark;55,6806650;12,5802880
København;Refshalevej 20 (tidl;Refshalevej 70);2007;1690;Baroque and rococo;Krudthuset på Carls Bastion, Christiania. Krudthuset på Carls Bastion og den smalle brostensbelægning, der omkranser bygningen (1690, af Hans V. Steenwinckel den yngste). Fredet 2007.;Refshalevej 20 (tidl, København, Danmark;;
København;Refshalevej 28 (tidl;Refshalevej 80);2007;1744;Baroque and rococo;Krudthuset på Frederiks Bastion, Christiania. Krudthuset på Frederiks Bastion og brostensbelægningen, der omkranser bygningen (opført 1744-45 efter tegning af C.E.D. von Oetken). Fredet 2007.;Refshalevej 28 (tidl, København, Danmark;;
København;Rigsdagsgården 11 A-B og 13 B;Haveanlægget på Slotsholmen;1945;1700;Baroque and rococo;"De two toetages og den enetages ældre bygning ved Rigsarkivet (""""Artillerigeneralens kontor"""" (nærmest Tøjhuset) ca. 1700, forhøjet 1826; den lille vagtbygning 1769). Fredet 1945.";Rigsdagsgården 11 A-B og 13 B, København, Danmark;;
København;Rigsdagsgården 5-9 og 15;Rigsarkivet;1945;1665;Baroque and rococo;Den gamle biblioteks- og kunstkammerbygning (1665-73 af Albertus Mathiesen), Geheimearkivets bygning med Generalstabsporten (1715-21 af Johan Conrad Ernst) samt den Zuberske eller Harsdorffske fløj (1781-85 af Christian Joseph Zuber). Fredet 1945.;Rigsdagsgården 5-9 og 15, København, Danmark;55,6754595;12,5805794
København;Rådhusstræde 11;Rådhusstræde 11;1945;1730;Baroque and rococo;Forhuset (ca. 1730). Fredet 1945.*;Rådhusstræde 11, København, Danmark;55,6765360;12,5746220
København;Rådhusstræde 13;Rådhusstræde 13;1945;1740;Baroque and rococo;Forhus mod Rådhusstræde (ca. 1740, stærkt ombygget 1852-53). F. 1945.;Rådhusstræde 13, København, Danmark;55,6764110;12,5747280
København;Rådhusstræde 15;Rådhusstræde 15;1945;1730;Baroque and rococo;Forhus med sidehus (1730-32, ombygget 1888). Fredet 1945.*;Rådhusstræde 15, København, Danmark;55,6763270;12,5747980
København;Rådhusstræde 17, hj;af Magstræde;1945;1700;Baroque and rococo;Rådhusstræde 17. Hjørnebygningen med sidehus (formentlig ca. 1700). Fredet 1945.*;Rådhusstræde 17, hj, København, Danmark;;
København;Rådhusstræde 9, hj;af Kompagnistræde;1945;1734;Baroque and rococo;Rådhusstræde 9. Forhus mod Rådhusstræde og Kompagnistræde (1734, ombygget 1844). Fredet 1945.*;Rådhusstræde 9, hj, København, Danmark;;
København;Sankt Annæ Gade 14;Sankt Annæ Gade 14;1950;1650;Baroque and rococo;Forhuset (ca. 1650). Fredet 1950.*;Sankt Annæ Gade 14, København, Danmark;55,6737590;12,5915690
København;Sankt Annæ Gade 3 B;Sankt Annæ Gade 3 B;1950;1700;Baroque and rococo;Forhus på seks fag og dermed sammenbygget sidehus mod mnr. 73 på two fag (1700-tallet). Fredet 1950.*;Sankt Annæ Gade 3 B, København, Danmark;55,6741970;12,5911650
København;Sankt Gertruds Stræde 6;Sankt Gertruds Stræde 6;1950;1736;Baroque and rococo;Forhuset (1736-37, ombygget og forhøjet 1838). Fredet 1950.*;Sankt Gertruds Stræde 6, København, Danmark;55,6831130;12,5744500
København;Sankt Gertruds Stræde 8;Sankt Gertruds Stræde 8;1950;1735;Baroque and rococo;Forhus mod nord (1735) med side- og baghus (ombygget in slutn. af 1800-tallet), forhus mod syd (1735, forhøjet in slutn. af 1700-tallet) med side- og baghus (slutn. af 1700-tallet, ombygget 1816-36). Fredet 1950.*;Sankt Gertruds Stræde 8, København, Danmark;55,6832410;12,5743630
København;Skindergade 13, hj;af Niels Hemmingsens Gade;1973;1730;Baroque and rococo;Skindergade 13. Hjørnehuset (mellem 1730 og 1734). Fredet 1973.*;Skindergade 13, hj, København, Danmark;;
København;Skindergade 6;Skindergade 6;1950;1730;Baroque and rococo;Forhus og dermed sammenbygget tifags bindingsværkslænge (1730-34). Fredet 1950.*;Skindergade 6, København, Danmark;55,6808430;12,5759770
København;Skindergade 8;Skindergade 8;1950;1733;Baroque and rococo;Forhuset (1733). Fredet 1950.*;Skindergade 8, København, Danmark;55,6807670;12,5758540
København;Slotsholmsgade 10;Det Lercheske Palæ, Württembergske Palæ;1918;1741;Baroque and rococo;Forhuset (1741-42 af J.A. Soherr, forhøjet senere). Fredet 1918.;Slotsholmsgade 10, København, Danmark;55,6750800;12,5837440
København;Slotsholmsgade 4;Kancellibygningen;1918;1715;Baroque and rococo;Hovedfløjen mod Slotsholmsgade med sidebygninger mod nordvest (Slotspladsen) og sydøst (1715-20 af Johan Conrad Ernst). Fredet 1918.;Slotsholmsgade 4, København, Danmark;55,6755620;12,5823220
København;Slotsholmsgade 8;Den Stormske Gård, Anna Sophie Reventlows Gård;1945;1696;Baroque and rococo;Forhuset (1696) med tilbygget sidehus mod vest. Fredet 1945.;Slotsholmsgade 8, København, Danmark;55,6752530;12,5831220
København;Store Kannikestræde 10;Admiral Geddes Gård;1926;1730;Baroque and rococo;Forhus med sidehus og det dermed sammenbyggede tværhus (1730-36, kvisten ombygget og udvidet fra tre to fem fag 1749) samt baghus og dertil bygget trappehus. Fredet 1926. Udvidet 1977.*;Store Kannikestræde 10, København, Danmark;55,6806030;12,5746810
København;Store Kannikestræde 6;Store Kannikestræde 6;1945;1734;Baroque and rococo;Forhuset (1734-37, forhøjet med en etage 1790), sidehus på fire fag, et baghus på fem fag samt endnu et sidehus på et fag. Fredet 1945. Udvidet 1989.*;Store Kannikestræde 6, København, Danmark;55,6807470;12,5749420
København;Store Kannikestræde 8;Store Kannikestræde 8;1945;1730;Baroque and rococo;Forhuset samt sidehus med samme gesimshøjde som forhus (1730'erne, forhøjet med en etage in slutn. af 1700-tallet). Fredet 1945. *;Store Kannikestræde 8, København, Danmark;55,6806770;12,5748110
København;Store Kannikestræde 9;Elers Kollegium;1918;1702;Baroque and rococo;Forhuset (1702-05 af Johan Conrad Ernst), de two havepavilloner (1730 af Johan Cornelius Krieger) og hegnsmurene (1730) samt smedejernsgitteret (antagelig 1739). Fredet 1918. Udvidet 2000.;Store Kannikestræde 9, København, Danmark;55,6807940;12,5753270
København;Store Kongensgade 68;Danneskjold-Laurvigs Palæ, Jernmagasinet;1964;1745;Baroque and rococo;Forhuset (ca. 1745, formentlig af J.A. Soherr, senere forhøjet med en etage). Fredet 1964.*;Store Kongensgade 68, København, Danmark;55,6842810;12,5878840
København;Store Kongensgade 78;Store Kongensgade 78;1979;1732;Baroque and rococo;Forhus (før 1732, helt ombygget 1769) med sidehus og baghus. Fredet 1979.;Store Kongensgade 78, København, Danmark;55,6849350;12,5884300
København;Store Kongensgade 80;Store Kongensgade 80;1979;1748;Baroque and rococo;Forhuset (1748, forhøjet og delvis grundmuret mellem 1748 og 1783). Fredet 1979.*;Store Kongensgade 80, København, Danmark;55,6849800;12,5884620
København;Store Kongensgade 82;Store Kongensgade 82;1979;1734;Baroque and rococo;Forhus (før 1734, helt ombygget 1795, facadeudsmykningen fra 1840'erne) med sidehus og baghus. Fredet 1979.*;Store Kongensgade 82, København, Danmark;55,6850200;12,5885040
København;Store Strandstræde 6;Store Strandstræde 6;1987;1731;Baroque and rococo;Forhus og sidehus (før 1731, forhøjet og grundmuret facade 1783, grundmuret bagside samt gadefacadens nuværende udformning fra midten af 1800-tallet). Fredet 1987.;Store Strandstræde 6, København, Danmark;55,6809170;12,5882840
København;Stormgade 10-12;Holsteins Palæ;1918;1687;Baroque and rococo;"Forhuset nr. 10 med sidelænger samt bindingsværksbaghus (forhuset fra 1687 muligvis af Lambert van Haven, udvidet med brede endefag mellem 1711 og 1740, forhøjet og ombygget 1756 af Jacob Fortling; sidefløjenes nordender fra 1706 muligvis af Johan Conrad Ernst, sammenbygget med hovedbygningen inden 1760; bindingsværksbaghus fra sidste halvdel af 1600-tallet). Fredet 1918.* Forhuset nr. 12 (ca. 1680, stærkt ombygget og forhøjet to gaden 1798, to gården 1830; facadeændring ca. 1850). Fredet 1945.";Stormgade 10-12, København, Danmark;55,6756011;12,5759331
København;Stormgade 14 E;Det Harboeske Enkefruekloster;1918;1741;Baroque and rococo;"Forhuset (ældre mindre bygning ombygget 1741 af Elias David Häusser udvidet og omformet to de store pavilloner med toetages forbindelsesbygning 1754-60 efter Lauritz de Thurahs tegning; forbindelsesbygningen forhøjet 1772 af C.F. Harsdorff). Fredet 1918.*";Stormgade 14 E, København, Danmark;55,6747980;12,5735070
København;Stormgade 8;Stormgade 8;1918;1737;Baroque and rococo;Forhuset (two huse fra før 1737, sammenbygget 1748 og forhøjet med en etage 1845) og sidehuset (før 1737, sammenbygget med forhuset formentlig 1748). Fredet 1918. Udvidet 1951.*;Stormgade 8, København, Danmark;55,6752280;12,5746600
København;Strandgade 10;I.B;1918;1668;Baroque and rococo;Schottmanns Gård. Forhuset (1668 (se nr. 8), ombygget 1775 af Johan Bernhardt Schottmann) med grundmuret sidehus, bindingsværkssidehus og baghus samt gårdrummet. Fredet 1918. Udvidet 2007.*;Strandgade 10, København, Danmark;55,6731370;12,5886430
København;Strandgade 24;Strandgade 24;1918;1670;Baroque and rococo;Forhus med sidehus og dertil stødende tværhus samt hegnsmuren (ca. 1670, forhøjet med en etage 1748). Fredet 1918.*;Strandgade 24, København, Danmark;55,6738450;12,5898150
København;Strandgade 34, hj;af Sankt Annæ Gade;1918;1733;Baroque and rococo;Topps Gård, Brydes Gård. Forhus med pakhus (1733, pakhuset 1777-78). Fredet 1918.*;Strandgade 34, hj, København, Danmark;;
København;Strandgade 38;Strandgade 38;1918;1688;Baroque and rococo;Forhus og dermed sammenbyggede sidehus (1688, stærkt ombygget). Fredet 1918.*;Strandgade 38, København, Danmark;55,6747210;12,5912530
København;Strandgade 46 og 46 A og Bådsmandsstræde 3;Andreas Bjørns Gård;1918;1733;Baroque and rococo;"Forhusene mod Strandgade (1733-34; portpartiet ca. 1760) og Bådsmandsstræde (1761, forhøjet med en etage 1830). Fredet 1918.*";Strandgade 46 og 46 A og Bådsmandsstræde 3, København, Danmark;;
København;Strandgade 52-54;Strandgade 52-54;1945;1741;Baroque and rococo;Den toetages bygning (ca. 1741 af Andreas Bjørn, mindre ændringer siden). Fredet 1945.*;Strandgade 52-54, København, Danmark;55,6769025;12,5963159
København;Strandgade 6;Lehns Gård, Tordenskjolds Gård;1918;1703;Baroque and rococo;"Forhus med tilstødende sidelænge til og med den i gården fremspringende pavillon (1703, ombygget ca. 1850; pavillon 1743). Fredet 1918.*";Strandgade 6, København, Danmark;55,6729630;12,5883700
København;Strandgade 8;Strandgade 8;1932;1668;Baroque and rococo;Forhuset med smigfag til gården (1668, forhøjet 1816-39), det syv fag lange sidehus (1816-39) samt det i forlængelse heraf byggede sidehus i tre fag (1853, ombygget 1933). Fredet 1932. Udvidet 1991.*;Strandgade 8, København, Danmark;55,6769025;12,5963159
København;Sværtegade 1;Sværtegade 1;1986;1728;Baroque and rococo;Hjørnehuset (1728 af Gotfrid Schuster med dele af Christian IV's gjethus 1610, forhøjet 1812 og 1850). Fredet 1986.*;Sværtegade 1, København, Danmark;55,6809950;12,5802010
København;Sværtegade 5;Sværtegade 5;1959;1736;Baroque and rococo;Forhuset (1736, forhøjet og ombygget 1800, facaden fra 1855, forhøjet med en etage i 1900-tallet) samt det hermed sammenbyggede side- og baghus. Fredet 1959. Udvidet 1983.*;Sværtegade 5, København, Danmark;55,6811220;12,5805870
København;Sværtegade 7;Det Norske Selskab;1950;1738;Baroque and rococo;Forhus og dermed sammenbygget syvfags bindingsværkslænge (1738). Fredet 1950.*;Sværtegade 7, København, Danmark;55,6811720;12,5807410
København;Torvegade 28;Torvegade 28;1982;1740;Baroque and rococo;Hjørnehuset (ca. 1740, forhøjet 1852, ombygget slutning af 1990'erne.) samt bygningen mod Wildersgade (Pakhus ca. 1790, forhøjet 1852, ombygget slutningen af 1990'erne.) med side- og baghus (ca. 1780 ombygget slutningen af 1990'erne). Fredet 1982.*;Torvegade 28, København, Danmark;55,6729780;12,5899280
København;Valkendorfsgade 11;Zeises Hus;1918;1732;Baroque and rococo;Nordøstre forhus og det dermed sammenbyggede sidehus (1732). Fredet 1918.*;Valkendorfsgade 11, København, Danmark;55,6799080;12,5777360
København;Valkendorfsgade 15;Valkendorfsgade 15;1959;1736;Baroque and rococo;Forhus og sidehus (1736 med svale til gårdsiden, facaden fra ca. 1889). Fredet 1959.*;Valkendorfsgade 15, København, Danmark;55,6797790;12,5775110
København;Valkendorfsgade 3;Valkendorfsgade 3;1959;1730;Baroque and rococo;Forhuset (de fire vestlige fag opført 1730-34 af Jens Olsen, de to østlige fag fra 1756). Fredet 1959.*;Valkendorfsgade 3, København, Danmark;55,6802320;12,5781940
København;Valkendorfsgade 36;Valkendorfsgade 36;1918;1737;Baroque and rococo;Forhus med sidehus (1737). Fredet 1918.*;Valkendorfsgade 36, København, Danmark;55,6790500;12,5760670
København;Valkendorfsgade 5;Valkendorfsgade 5;1959;1731;Baroque and rococo;Forhuset (1731, facaden fra ca. 1850) og de to sidehuse: det venstre på to bindingsværksfag og det højre på tre brede bindingsværksfag samt to grundmurede fag (1731 og 1751). Fredet 1959. Udvidet 1989.*;Valkendorfsgade 5, København, Danmark;55,6801520;12,5780910
København;Vandkunsten 11;Vandkunsten 11;1977;1735;Baroque and rococo;Forhuset (før 1735, forhøjet og facaden grundmuret 1777) med sidehus. Fredet 1977.*;Vandkunsten 11, København, Danmark;55,6758830;12,5740770
København;Ved Stranden 16;Ved Stranden 16;1918;1748;Baroque and rococo;Forhuset (1748 af Philip de Lange, forhøjet 1886) og de to sammenbyggede sidehuse på fire fag og seks fag (1795 og 1796, forhøjet 1844, som forhuset). Fredet 1918. Udvidet 1990.*;Ved Stranden 16, København, Danmark;55,6776060;12,5811840
København;Wilders Plads 7 (tidl;10);1945;1736;Baroque and rococo;Wilders Plads 7 (tidl. 10). Gavlkvisthus ved Wilders Kanal (1736). Fredet 1945.*;Wilders Plads 7 (tidl, København, Danmark;;
København;Wildersgade 17;Wildersgade 17;1989;1700;Baroque and rococo;Forhuset med det lille trappehus (slutningen af 1700-tallet). Fredet 1989.;Wildersgade 17, København, Danmark;55,6728140;12,5893010
København;Wildersgade 19;Wildersgade 19;;1700;Baroque and rococo;Forhuset (slutningen af 1700-tallet, ombygget ca. 1850). Fredet. 1989.*;Wildersgade 19, København, Danmark;55,6728520;12,5893510
København;Wildersgade 36;Wildersgade 36;1964;1725;Baroque and rococo;Forhuset, svalen og baghuset (forhus 1725, baghus 1780 af Johan Bernhardt Schottmann, svalen lukket ved ombygning 1832). Fredet 1964. Udvidet 1987.*;Wildersgade 36, København, Danmark;55,6734090;12,5906170
København;Wildersgade 40;Wildersgade 40;1964;1738;Baroque and rococo;Forhuset (1738, grundmuret til gaden og forhøjet med to etager i 1793). Fredet 1964.;Wildersgade 40, København, Danmark;55,6735100;12,5907850
København;Wildersgade 52, hj;af Sankt Annæ Gade;1950;1700;Baroque and rococo;Wildersgade 52. Forhus og baghus (ca. 1700). Fredet 1950.*;Wildersgade 52, hj, København, Danmark;;
København;Wildersgade 53;Wildersgade 53;1959;1731;Baroque and rococo;Forhuset (1731, ombygget og forhøjet 1776). Fredet 1959.*;Wildersgade 53, København, Danmark;55,6744210;12,5919170
København;Wildersgade 58;Wildersgade 58;1981;1700;Baroque and rococo;Forhuset (beg. 1700-tallet). Fredet 1981.;Wildersgade 58, København, Danmark;55,6740810;12,5917030
København;Wildersgade 64-66;Wildersgade 64-66;1987;1725;Baroque and rococo;Pakhuset (før 1725, ombygget 1794 og 1884). Fredet 1987.;Wildersgade 64-66, København, Danmark;55,6719672;12,5888721
København;Åbenrå 25;Åbenrå 25;1945;1733;Baroque and rococo;Forhuset (1733). Fredet 1945.*;Åbenrå 25, København, Danmark;55,6833260;12,5757150
København;Åbenrå 26;Åbenrå 26;1964;1730;Baroque and rococo;Forhuset (ca. 1730). Fredet 1964.*;Åbenrå 26, København, Danmark;55,6833300;12,5762730
København;Åbenrå 32-34;Reformert Kirkes Præstegård;1918;1730;Baroque and rococo;Forhusene og den med disse sammenbyggede fælles sidefløje (1730-33). Fredet 1918.*;Åbenrå 32-34, København, Danmark;55,6832991;12,5760958
København;Øster Voldgade 4 B;Slotsforvalterboligen;1964;1688;Baroque and rococo;Forhuset (1688, forhøjet 1777) med tilhørende sidehus (slutningen af 1700- tallet) og baghus (ca. 1850) samt den én etages længe med slotsgartnerbolig (slutningen af 1600-tallet) og overvintringshuset (slutningen af 1700- tallet). Fredet 1964.;Øster Voldgade 4 B, København, Danmark;55,6867160;12,5773760
København;Dybensgade 14;Dybensgade 14;1959;;;Forhuset. Fredet 1959*;Dybensgade 14, København, Danmark;55,6781170;12,5830550
København;Fabriksområdet 76, Christiania;Det lille Krudthus, Christiania;2008;;;Krudthuset i Ulriks Bastion, ”Det lille Krudthus”. Fredet 2008.*;Fabriksområdet 76, Christiania, København, Danmark;55,6724990;12,6014890
København;Frederiksgade 5;Frederiksgade 5;;;;Forhuse;Frederiksgade 5, København, Danmark;55,6854580;12,5894730
København;Lille Strandstræde 13-15;Lille Strandstræde 13-15;1950;;;Hjørneejendommen Lille Strandstræde 15 med sidehus, forhuset Lille Strandstræde 13 og det bagvedliggende pakhus. Fredet 1950.*;Lille Strandstræde 13-15, København, Danmark;55,6812474;12,5898482
København;Midtdyssen 35;Fakirskolen, Christiania;2007;;;Krudtmagasinet i 4. Redan, kaldet Fakirskolen. Fredet 2007.;Midtdyssen 35, København, Danmark;55,6744950;12,6091490
København;Strandgade 1-2;To huse ved Christianskirkens indgang;1950;;;De to små huse ved Christianskirkens indgang. Fredet 1950.*;Strandgade 1-2, København, Danmark;55,6769025;12,5963159
København;Syddyssen 9;Den kosmiske Blomst, Christiania;2007;;;Krudtmagasinet i 5. Redan, kaldet Den kosmiske Blomst. Fredet 2007.;Syddyssen 9, København, Danmark;55,6716060;12,6034970
København;Wagnersvej 19;Dansepavillon;1992;;;Dansepavillonen ved Karens Minde. Fredet 1992.;Wagnersvej 19, København, Danmark;55,6467830;12,5296080
Køge;Brogade - Vordingborgvej;Køge Bro;1918;1633;Renaissance;Broen (1633 af Hans II van Steenwinckel, udvidet i bredden i 1802, 1923, 1935 og 1994). Fredet 1918.;Brogade - Vordingborgvej, Køge, Danmark;;
Køge;Brogade 16;Brogade 16;1918;1636;Renaissance;Forhuset (1636) og den nordre sidebygning (mellem 1761 og 1791). Fredet 1918. Udvidet 1983.*;Brogade 16, Køge, Danmark;55,4553060;12,1813710
Køge;Brogade 18;Brogade 18;1983;1634;Renaissance;Forhus (1634, facaden grundmuret 1867) og sidehus (ca. 1800, forhøjet 1867). Fredet 1983.*;Brogade 18, Køge, Danmark;55,4552370;12,1816020
Køge;Brogade 22;Brogade 22;1983;1600;Renaissance;Forhuset (midten af 1600-tallet, ombygget før 1817) og sidebygningens bindingsværksdel. Fredet 1983. *;Brogade 22, Køge, Danmark;55,4550870;12,1815270
Køge;Brogade 23, hj;af Fennediget;1919;1638;Renaissance;Brogade 23, hj. af Fennediget. Forhuset (de ni nordre fag opført 1638, de otte søndre fag 1649-51) samt sidehus og sidelænge (1638, ombygget). Fredet 1919. Udvidet 1983.*;Brogade 23, hj, Køge, Danmark;;
Køge;Brogade 5-7;Brogade 5-7;1983;1600;Renaissance;Sidelængen (1600-tallet) og nordre pakhus (1855). Fredet 1983*.;Brogade 5-7, Køge, Danmark;55,4546230;12,1813868
Køge;Kirkestræde 10;Asylgården;1919;1620;Renaissance;Forhuset (ca. 1620). Fredet 1919.*;Kirkestræde 10, Køge, Danmark;55,4574920;12,1819770
Køge;Kirkestræde 13;Smedegården;1918;1600;Renaissance;Forhuset (den lave søndre del formentlig fra 1600-tallet, den nordre del på to etager formentlig fra midten af 1500-tallet, døren 1696) med de to bislagsten (ca. 1520) samt nordre sidelænge (ca. 1650). Fredet 1918. Udvidet 1983.*;Kirkestræde 13, Køge, Danmark;55,4576910;12,1816540
Køge;Kirkestræde 25-27;Kirkestræde 25-27;1983;1600;Renaissance;Forhuset (1600-tallet, ombygget). Fredet 1983.*;Kirkestræde 25-27, Køge, Danmark;55,4592042;12,1827046
Køge;Kirkestræde 3;Kirkestræde 3;1919;1638;Renaissance;Forhuset (1638). Fredet 1919.;Kirkestræde 3, Køge, Danmark;55,4579860;12,1815950
Køge;Kirkestræde 5;Kirkestræde 5;1984;1600;Renaissance;Forhuset (formentlig fra 1600-tallet, den grundmurede gadeside mellem 1847 og 1857). Fredet 1984.*;Kirkestræde 5, Køge, Danmark;55,4571070;12,1814330
Køge;Kirkestræde 6;Kirkestræde 6;1944;1600;Renaissance;Forhuset (ca. 1600). Fredet 1944.*;Kirkestræde 6, Køge, Danmark;55,4573150;12,1818580
Køge;Kirkestræde 8;Kirkestræde 8;1984;1600;Renaissance;Forhus med sidehus (beg. af 1600-tallet, gadesiden delvis ombygget ca. 1845 og ca. 1870-80). Fredet 1984.*;Kirkestræde 8, Køge, Danmark;55,4574000;12,1819250
Køge;Kirkestræde 9;Kirkestræde 9;1984;1600;Renaissance;"Forhus (to bindingsværksbygninger formentlig fra 1600-tallet, som før 1791 havde mistet deres øverste etage; den fælles, grundmurede gadeside fra 1847) med sidehus i nord. F. 1984.*";Kirkestræde 9, Køge, Danmark;55,4573800;12,1815060
Køge;Nørregade 22;Nørregade 22;1983;1600;Renaissance;Forhuset (slutningen af 1600-tallet, gadefacaden 1877). Fredet 1983.*;Nørregade 22, Køge, Danmark;55,4580550;12,1836730
Køge;Nørregade 31;Nørregade 31;1918;1612;Renaissance;Forhuset (mellem 1612 og 1615). Fredet 1918.*;Nørregade 31, Køge, Danmark;55,4588860;12,1836570
Køge;Nørregade 4;Museet;1918;1610;Renaissance;Forhuset med sidelænge (opr. dobbeltgård, sdr. halvdel opført ca. 1610-15, nordre del med de syv vestlige fag af det opr. to etager høje sidehus 1619, den midterste del af sidebygningen - ca. 11 fag - hidrører fra den sdr. gårds sidebygning, også opr. to etager høj, de 13 østligste fag formentlig fra 2. halvdel af 1600-tallet). Fredet 1918.*;Nørregade 4, Køge, Danmark;55,4569000;12,1830680
Køge;Nørregade 5;Nørregade 5;1919;1620;Renaissance;Forhuset (ca. 1620). Fredet 1919.*;Nørregade 5, Køge, Danmark;55,4572530;12,1830310
Køge;Torvet 1;Køge Rådhus;1918;1552;Renaissance;Forhuset (1552 ff., nordlige del antageligt ca. 1570, stærkt ombygget 1803). Fredet 1918.;Torvet 1, Køge, Danmark;55,4565540;12,1828020
Køge;Torvet 13;Torvet 13;1919;1580;Renaissance;Forhuset (formentlig 1580-1600, forhuset delvis nybygget og forlænget hen over Åstræde ca. 1635-45) og sidehuset (formentlig 1580-1600). Fredet 1919. Udvidelse 1983.;Torvet 13, Køge, Danmark;55,4561280;12,1818080
Køge;Torvet 5;Torvet 5;1950;1550;Renaissance;Forhuset (ca. 1550, ombygget i 1800-tallet). Fredet 1950.;Torvet 5, Køge, Danmark;55,4562670;12,1826430
Køge;Vestergade 16;Vestergade 16;1918;1644;Renaissance;Forhuset (1644). Fredet 1918.*;Vestergade 16, Køge, Danmark;55,4572070;12,1789810
Køge;Vestergade 6;Blikkenslagergården;1919;1580;Renaissance;Forhuset (ca. 1580) med udskud (efter 1863) og sidelænge. Fredet 1919. Udvidet 1983.*;Vestergade 6, Køge, Danmark;55,4568850;12,1800210
Køge;Vestergade 7 og 7 A;Garvergården;1918;1600;Renaissance;Forhuset med sidehus og dettes nu fritstående tre sydligste fag (ca. 1600). Fredet 1918. Udvidet 1983.*;Vestergade 7 og 7 A, Køge, Danmark;;
Køge;Kirkestræde 20;Kirkestræde 20;1918;1527;Medieval;Forhuset (trefags lejevåning 1527). Fredet 1918.;Kirkestræde 20, Køge, Danmark;55,4578930;12,1822520
Køge;Kirkestræde 23;Kirkestræde 23;1982;;Medieval;Medievalligt murværk. Fredet 1982.;Kirkestræde 23, Køge, Danmark;55,4582190;12,1821590
Køge;Torvet 21;Manufakturgården;1919;middelalder;Medieval;Forhuset med sidehus og trappetårn (middelalder og 1634, ombygget 1824-26). Fredet 1919. Udvidelsen 1983.*;Torvet 21, Køge, Danmark;55,4564650;12,1806580
Køge;Borupvej 96, 98 A, 98 B og 100;Svenstrup;1918;1781;Classicism;Hovedbygningen med to sidefløje (1781-84 af Johan Christian Kitzling), de to lygter på gårdspladsen, stalden med de to tjenesteboliger, murene mellem stalden og tjenesteboligerne med hundehuset, gitteret mellem de to tjenesteboliger samt havepavillonen og fårestalden (1894-96 af Vilhelm Holck).Fredet 1918. Udvidet. 2001.*;Borupvej 96, 98 A, 98 B og 100, Køge, Danmark;;
Køge;Gammel Køgegård 3;Gammel Køgegård;1944;1791;Classicism;Hovedbygningen (1791) med sidefløje (1856) og den sammenbyggede nordfløj av bindingsværk (1603). Fredet 1944.;Gammel Køgegård 3, Køge, Danmark;;
Køge;Kirkestræde 11;Kirkestræde 11;1950;1761;Classicism;Forhuset (to ældre bindingsværksbygninger fra før 1761 med grundmurede gadesider, den nordre mellem 1847 og 1857, den søndre 1863). Fredet 1950.*;Kirkestræde 11, Køge, Danmark;55,4574410;12,1816830
Køge;Kirkestræde 15;Kirkestræde 15;1984;1761;Classicism;Forhuset (bindingsværksbygning fra før 1761, delvis grundmuret 1857). Fredet 1984.*;Kirkestræde 15, Køge, Danmark;55,4577180;12,1818530
Køge;Kirkestræde 17;Kirkestræde 17;1944;1791;Classicism;Forhuset (bindingsværksbygning fra før 1791, gadesiden grundmuret og forhøjet til to etager 1861) med sidehus. Fredet 1944.*;Kirkestræde 17, Køge, Danmark;55,4577750;12,1818890
Køge;Kirkestræde 21;Kirkestræde 21;1944;1810;Classicism;Hjørnebygningen (1810, den vestre halvdel af Lille Kirkestrædefløjen 1847). Fredet 1944*.;Kirkestræde 21, Køge, Danmark;55,4580800;12,1820760
Køge;Niels Juelsgade 1;Norske Løve;1919;1801;Classicism;Forhuset (mellem 1801 og 1811). Fredet 1919.*;Niels Juelsgade 1, Køge, Danmark;55,4605730;12,1846030
Køge;Nørregade 41;Nørregade 41;1983;1846;Classicism;Forhus og nordre sidelænge (1846-47). Fredet 1983.;Nørregade 41, Køge, Danmark;55,4598120;12,1839850
Køge;Torvet 19;Torvet 19;1985;1844;Classicism;Pakhuset (1844) og lysthuset. Fredet 1985.*;Torvet 19, Køge, Danmark;55,4559470;12,1805720
Køge;Vestergade 33;Vestergade 33;;1801;Classicism;Forhuset (1801, afkortet). Fredet. 1983.*;Vestergade 33, Køge, Danmark;55,4575810;12,1775610
Køge;Borup-Lammestrup strækning;Jernbanebro på Borup-Lammestrup strækning 48,906 km;1981;1920;Historicism;fra København. Jernbanebroen over vestbanen på vejstrækningen Borup-Lammestrup, 48,906 km. fra København (ca. 1920). Fredet 1981.;Borup-Lammestrup strækning, Køge, Danmark;;
Køge;Brogade 21 og Bag Haverne 52 A;Brogade 21 og Bag Haverne 52 A;1983;1853;Historicism;Forhus med sidehus (mellem 1847 og 1854) samt pakhuset (1853). Fredet 1983.*;Brogade 21 og Bag Haverne 52 A, Køge, Danmark;;
Køge;Laugshusgade 8;Laugshusgade 8;1983;1882;Historicism;Forhuset (1882). Fredet 1983.*;Laugshusgade 8, Køge, Danmark;55,4588840;12,1815160
Køge;Nørregade 43;Tøxens Skole;1983;1859;Historicism;Skolens hovedbygning (1859). Fredet 1983.;Nørregade 43, Køge, Danmark;55,4601220;12,1839360
Køge;Stationsvej 16;Herfølge Station;1992;1908;Historicism;Hovedbygningen, pakhus- og toiletbygning, plankeværk med port herimellem og signalhuset (1908 af Heinrich Wenck). Fredet 1992.;Stationsvej 16, Køge, Danmark;55,4176870;12,1372270
Køge;Torvet 1 (tidl;Bygårdsstræde 1);1979;1855;Historicism;Arresthuset (tidl.), Køge. Den tidl. arrestbygning (1855) med tilhørende mur mod Nørregade (1857). Fredet 1979.;Torvet 1 (tidl, Køge, Danmark;;
Køge;Torvet 28;Torvet 28;1983;1867;Historicism;Forhuset (1867). Fredet 1983.*;Torvet 28, Køge, Danmark;55,4568840;12,1804670
Køge;Vestergade 29 A-C;Køge Jernstøberi;1983;1875;Historicism;Forhuset (1875), sidehuset (den smalle del 1837, den brede del 1842) samt baghuset (støberibygningen 1865). Fredet 1983. *;Vestergade 29 A-C, Køge, Danmark;55,4574537;12,1781281
Køge;Vestergade 31;Vestergade 31;1983;1857;Historicism;Forhuset (1857, gadesiden forhøjet 1886). Fredet 1983.;Vestergade 31, Køge, Danmark;55,4575340;12,1776970
Køge;Vestergade 5;Vestergade 5;1983;1850;Historicism;Forhuset (1850). Fredet 1983.*;Vestergade 5, Køge, Danmark;55,4566770;12,1799290
Køge;Ågade 1;Privatmejeriet Vasebæk (tidl.);1997;1930;Historicism;Mejeribygningen (1930). Fredet 1997.;Ågade 1, Køge, Danmark;55,4574300;12,1773310
Køge;Billesborgvej 59 A;Billesborg;1918;1721;Baroque and rococo;Hovedbygningen (1721-22 af Johan Cornelius Krieger). Fredet 1918.;Billesborgvej 59 A, Køge, Danmark;55,4279790;12,1994380
Køge;Brogade 1;Apoteket;1919;1660;Baroque and rococo;Forhuset med sidefløj og sidelænge (1660'erne, ombygget ca. 1800 og 1865). Fredet 1919. Udvidet 1982.*;Brogade 1, Køge, Danmark;55,4559460;12,1824760
Køge;Brogade 26;Brogade 26;1950;1700;Baroque and rococo;Forhus mod gaden og sidelængen langs åen (1700- og 1800-tallet).Fredet 1950.*;Brogade 26, Køge, Danmark;55,4548410;12,1814270
Køge;Hovedgaden 41;Borup gamle Skole;1971;1661;Baroque and rococo;Den tifags bindingsværkslænge (1661). Fredet 1971.*;Hovedgaden 41, Køge, Danmark;55,4995220;11,9760250
Køge;Kirkevej 3 og 3 A;Scheels Hospital;1939;1720;Baroque and rococo;Hospitalet med havepavillon (1720'rne). Fredet 1939.;Kirkevej 3 og 3 A, Køge, Danmark;;
Køge;Vordingborgvej 82;Hegnetslund Overførsterbolig;1939;;;Hovedbygningen. Fredet 1939.;Vordingborgvej 82, Køge, Danmark;55,4211210;12,1430840
Kolding;Axeltorv 2 A;Den Borchske Gård;1918;1595;Renaissance;Forhuset (1595). Fredet 1918.;Axeltorv 2 A, Kolding, Danmark;;
Kolding;Helligkorsgade 18;Helligkorsgade 18;1918;1589;Renaissance;Forhuset (1589). Fredet 1918.;Helligkorsgade 18, Kolding, Danmark;55,4889920;9,4747870
Kolding;Helligkorsgade 20;Helligkorsgade 20;1918;1632;Renaissance;Forhuset (ca. 1632, ombygget 1800-tallet). Fredet 1918.;Helligkorsgade 20, Kolding, Danmark;55,4890380;9,4749220
Kolding;Låsbygade 56;Låsbygade 56;1919;1600;Renaissance;Forhuset (1600-tallet). Fredet 1919.;Låsbygade 56, Kolding, Danmark;55,4931110;9,4681220
Kolding;Koldinghus 1 og Staldgården 1;Koldinghus;1918;1440;Medieval;"Det firelængede slotsanlæg med ""Kæmpetårnet"" (1440-1726, brændt 1808, genopbygget 1972-92 af Johannes Exner) og matr.nr. 1bk: slottets staldgård (1600-tallet). Fredet 1918.";Koldinghus 1 og Staldgården 1, Kolding, Danmark;;
Kolding;Bramdrupskovvej 20;Hviidsminde;1950;1800;Classicism;Hovedbygningen og de tre længer omkring gårdspladsen (beg. af 1800-tallet, laden 1805). Fredet 1950.*;Bramdrupskovvej 20, Kolding, Danmark;55,5073740;9,5025130
Kolding;Delken 8;Vonsild Præstegård;1979;1832;Classicism;Præstegårdens tre længer (stuehus 1832, østlængen 1835, vestlængen 1867). Fredet 1979.;Delken 8, Kolding, Danmark;55,4551780;9,4684280
Kolding;Gammel Kongevej 11;Christina Frederica Stiftelsen;1920;1824;Classicism;Stiftelsesbygningen (1824 formentlig af W.F. Meyer). Fredet 1920.*;Gammel Kongevej 11, Kolding, Danmark;55,4980020;9,4930830
Kolding;Hjerndrupvej 36;Christinero;1981;1812;Classicism;Lunden og dens stier, kildevæld, søer, springvand, pavillon, kogehus, den spånklædte hytte, graven og monumentet over Christina Friderica v. Holstein (død 1812) med dets gitter. Fredet 1981.;Hjerndrupvej 36, Kolding, Danmark;55,3417840;9,4661550
Kolding;Hoppesvej 15;Sønderholm;1987;1844;Classicism;Stuehuset og haven med dam og lund (1844). Fredet 1987.;Hoppesvej 15, Kolding, Danmark;55,4535030;9,4712950
Kolding;Hospitalsgade 4;Sankt Jørgens Hospital;1919;1805;Classicism;Forhuset med sidefløj (1805). Fredet 1919.;Hospitalsgade 4, Kolding, Danmark;55,4937180;9,4697560
Kolding;Kirkegårds Allé 4;Gudsageren Kirkegård, Christiansfeld;1988;1773;Classicism;Kirkegårdens seks karreer med gravsten, pavillon og portal samt rækkerne af lindetræer omkring de enkelte karréer i hele kirkegårsområdet og langs kirkegårdsalleen (1773, senere udvidet) samt to mindesmærker (1848 og 1920). Fredet 1988.;Kirkegårds Allé 4, Kolding, Danmark;55,3561640;9,4850300
Kolding;Kirkegårds Allé 6;Kirkegårds Allé 6, Christiansfeld;1988;1800;Classicism;Lysthuset (ca. 1800). Fredet 1988.;Kirkegårds Allé 6, Kolding, Danmark;55,3565910;9,4851340
Kolding;Lindegade 10;Lindegade 10, Christiansfeld;1945;1797;Classicism;Forhus (1797) og sidehus. Fredet 1945. *;Lindegade 10, Kolding, Danmark;55,3552830;9,4792630
Kolding;Lindegade 11 (tidl;Lindegade 11-13);1945;1781;Classicism;Lindegade 11, Christiansfeld. Forhuset (1781). Fredet 1945.;Lindegade 11 (tidl, Kolding, Danmark;;
Kolding;Lindegade 12 og 12 B;Posthuset i Christiansfeld;1945;1797;Classicism;Forhuset (1797) og bygningen vest i gården. Fredet 1945.*;Lindegade 12 og 12 B, Kolding, Danmark;;
Kolding;Lindegade 13 (tidl;Lindegade 15);1945;1788;Classicism;Drengeskolen, Christiansfeld. Forhuset (1788, forlænget med to fag mod øst 1796 og med to fag mod vest 1862). Fredet 1945.;Lindegade 13 (tidl, Kolding, Danmark;;
Kolding;Lindegade 14;Lindegade 14, Christiansfeld;1945;1794;Classicism;Forhus (1794) og sidehus (før 1878). Fredet 1945.*;Lindegade 14, Kolding, Danmark;55,3553000;9,4796270
Kolding;Lindegade 15 (tidl;Kirkepladsen);1922;1776;Classicism;"Brødremenighedens Kirke, Christiansfeld. Kirken med sidefløje (1776-77 af Johan Gottfried Arndt; sidefløjene 1795-97). Fredet 1922.*";Lindegade 15 (tidl, Kolding, Danmark;;
Kolding;Lindegade 16;Lindegade 16, Christiansfeld;1945;1794;Classicism;Forhus (1794) og sidehus (før 1878). Fredet 1945.*;Lindegade 16, Kolding, Danmark;55,3553030;9,4797940
Kolding;Lindegade 17;Første Hus, Christiansfeld;1920;1773;Classicism;Forhuset (1773 ff. af murermester Höpfner). Fredet 1920.;Lindegade 17, Kolding, Danmark;55,3561095;9,4929777
Kolding;Lindegade 18;Lindegade 18, Christiansfeld;1945;1792;Classicism;Forhuset (1792), det vestlige sidehus og bygningen øst i gården (mellem 1812 og 1878). Fredet 1945.*;Lindegade 18, Kolding, Danmark;55,3551720;9,4802680
Kolding;Lindegade 19;Lindegade 19, Christiansfeld;1945;1781;Classicism;Forhuset (1781-82, forhøjet 1797) og de i vest (ca. 1801) og øst (ml. 1812 og 1872) sammenbyggede udhuse. Fredet 1945.*;Lindegade 19, Kolding, Danmark;55,3555600;9,4824190
Kolding;Lindegade 2;Lindegade 2, Christiansfeld;1945;1824;Classicism;Forhuset (1824). Fredet 1945.*;Lindegade 2, Kolding, Danmark;55,3552380;9,4781580
Kolding;Lindegade 20;Arndts Hus, Christiansfeld;1945;1784;Classicism;Forhuset (1784 af Johan Gottfried Arndt). Fredet 1945.*;Lindegade 20, Kolding, Danmark;55,3553290;9,4805230
Kolding;Lindegade 21;Apoteket, Christiansfeld;1945;1783;Classicism;Forhuset (1783, muret kvist ca. 1840). Fredet 1945.*;Lindegade 21, Kolding, Danmark;55,3555690;9,4828030
Kolding;Lindegade 22;Lindegade 22, Christiansfeld;1945;1783;Classicism;Forhuset (1783) og de to sammenbyggede sidehuse (nordre 1801, søndre ml. 1812 og 1878). Fredet 1945.*;Lindegade 22, Kolding, Danmark;55,3553340;9,4807020
Kolding;Lindegade 23;Spielwerg, Christiansfeld;1979;1778;Classicism;Forhuset (1778, ombygget 1856) og det dermed sammenbyggede sidehus mod Kongensgade (1856). Fredet 1979. Udvidet 1982.*;Lindegade 23, Kolding, Danmark;55,3555790;9,4831250
Kolding;Lindegade 24;Lindegade 24, Christiansfeld;1945;1777;Classicism;Forhuset (1777). Fredet 1945.*;Lindegade 24, Kolding, Danmark;55,3553400;9,4809880
Kolding;Lindegade 25, hj;af Kongensgade;1945;1773;Classicism;Hotellet, Gæstehuset (tidl.), Christiansfeld. Forhuset (1773) med koncertsalstilbygning (1899 af Magnus Hansen) og køkkentilbygningen (ca. 1900). Fredet 1945.*;Lindegade 25, hj, Kolding, Danmark;;
Kolding;Lindegade 26;Christiansfeld Præstegård (Brødremenighedens præstebolig);1920;1773;Classicism;Forhuset (1773), sidehus i vest (ml. 1878 og 1909) og bindingsværkshuset i øst. Fredet 1920.*;Lindegade 26, Kolding, Danmark;55,3553390;9,4813090
Kolding;Lindegade 28;Lindegade 28, Christiansfeld;1920;1773;Classicism;Forhuset (1773, forhøjet 1778) og bindingsværksbygningen i gården (ml. 1812 og 1878). Fredet 1920.*;Lindegade 28, Kolding, Danmark;55,3553400;9,4817240
Kolding;Lindegade 34 og Kongensgade 9 og 9 E;Brødrehuset, Christiansfeld;1945;1774;Classicism;Forhuset (1774) med sidehus i vest (1793), sidehus mod Kongensgade (1854) og baghuset (1854 og senere). Fredet 1945.*;Lindegade 34 og Kongensgade 9 og 9 E, Kolding, Danmark;;
Kolding;Lindegade 4;Lindegade 24, Christiansfeld;1945;1826;Classicism;Forhuset (1826). Fredet 1945.*;Lindegade 4, Kolding, Danmark;55,3552530;9,4784530
Kolding;Lindegade 6;Lindegade 6, Christiansfeld;1945;1820;Classicism;Forhuset (1820). Fredet 1945.*;Lindegade 6, Kolding, Danmark;55,3552650;9,4785820
Kolding;Lindegade 8;Lindegade 8, Christiansfeld;1945;1813;Classicism;Forhuset (1813). Fredet 1945.*;Lindegade 8, Kolding, Danmark;55,3552640;9,4788990
Kolding;Lindegade 9;Lindegade 9, Christiansfeld;1945;1806;Classicism;Forhuset (1806). Fredet 1945.;Lindegade 9, Kolding, Danmark;55,3554760;9,4798270
Kolding;Låsbygade 61-65;Låsbygade 61-65;1983;1781;Classicism;Forhusbebyggelsen mod Låsbygade (nr. 61: 1781, nr. 63: før 1761, nr. 65: 1882). Fredet 1983.;Låsbygade 61-65, Kolding, Danmark;55,4940993;9,4675620
Kolding;Nørregade 12;Pigeskolen (tidl.), Christiansfeld;1920;1784;Classicism;Forhus (1784) med sidehus (antagelig 1797) i øst. Fredet 1920.*;Nørregade 12, Kolding, Danmark;55,3561620;9,4820040
Kolding;Nørregade 14;Søstrehuset, Christiansfeld;1920;1776;Classicism;Det trefløjede anlæg (hovedfløj 1776, formentlig af Johan Gottfried Arndt, østfløj 1784-86, vestfløj 1799-1800) med to T-formede økonomibygninger (ml. 1798 og 1878). Fredet 1920.*;Nørregade 14, Kolding, Danmark;55,4946540;9,4649610
Kolding;Nørregade 16 og Birkevej 2;Enkehuset, Christiansfeld;1920;1802;Classicism;Det vinkelformede bygningsanlæg (hovedfløj 1779-80 af Johan Gottfried Arndt, vestfløj og forbindelsesbygningen 1797-99) og det ottekantede havehus (1802). Fredet 1920.*;Nørregade 16 og Birkevej 2, Kolding, Danmark;;
Kolding;Nørregade 3;Nørregade 3, Christiansfeld;1979;1830;Classicism;Forhus (østlige del 1778, vestlige del 1780) og det dermed sammenbyggede tofags sidehus (1830). Fredet 1979.*;Nørregade 3, Kolding, Danmark;55,3560170;9,4827460
Kolding;Nørregade 5 og 7, hj;af Kirkepladsen;1920;1773;Classicism;Nørregade 5-7, Christiansfeld. Forhuset mod Nørregade (1773) og forhuset mod Kirkepladsen (1780 af J.H. Høffner). Fredet 1920.*;Nørregade 5 og 7, hj, Kolding, Danmark;;
Kolding;Nørregade 9 (tidl;Kirkepladsen 1);1920;1778;Classicism;Sprøjtehus (tidl.), Christiansfeld. Gavlhuset (1778 af murermester Höpfner). Fredet 1920.;Nørregade 9 (tidl, Kolding, Danmark;;
Kolding;Storgaden 54;Kirstinelyst;1950;1846;Classicism;Det grundmurede stuehus (1846). Fredet 1950.*;Storgaden 54, Kolding, Danmark;55,5826520;9,4927760
Kolding;Alpedalsvej 107 A og 109;Harteværket;2001;1919;Historicism;Tilløbsbassinet med de to styrehuse, trykrøret og kraftværket (1919-21 projekteret af ingeniørerne M. Thomsen og professor Rung, udført under tilsyn af Eriksen og Sardemann og arkitektonisk bearbejdet af arkitekt Ernst Petersen) med tilhørende maskinværksted og gangbro (1937) samt transformertårnet mod vest (1937). Fredet 2001.;Alpedalsvej 107 A og 109, Kolding, Danmark;;
Kolding;Kongensgade 11;Kongensgade 11, Christiansfeld;1979;1853;Historicism;Forhuset (1853). Fredet 1979.;Kongensgade 11, Kolding, Danmark;55,3557540;9,4832520
Kolding;Nørregade 1;Nørregade 1, Christiansfeld;1979;1876;Historicism;Forhuset (1876, ombygget 1890). Fredet 1979.*;Nørregade 1, Kolding, Danmark;55,4946620;9,4640520
Kolding;Skolegade 2;Borgerskolen og Katrinegadesalen;1988;1856;Historicism;Borgerskolen (1856) og Katrinegadesalen (1881). Fredet 1988.;Skolegade 2, Kolding, Danmark;55,4912320;9,4707910
Kolding;Torvet 2;Lunderskov Station;1992;1866;Historicism;Lunderskov Stations hovedbygning og pakhuset (1866 af N.P. Holsøe). Fredet 1992. *;Torvet 2, Kolding, Danmark;55,4799580;9,3033730
Kolding;Gammel Præstegårdsvej 11;Bulladen, Gammel Præstegårdsvej 11;1920;1660;Baroque and rococo;Bulladen (ca. 1660). Fredet 1920.*;Gammel Præstegårdsvej 11, Kolding, Danmark;55,3521300;9,4701920
Kolding;Hjarup Byvej 7;Hjarup Præstegård;1950;1660;Baroque and rococo;Hovedbygningen (ca. 1660-70). Fredet 1950.;Hjarup Byvej 7, Kolding, Danmark;55,4458590;9,3595150
Kolding;Stubbumgårdvej 23;Stubbumgårdvej 23;1998;1688;Baroque and rococo;Stuehuset (1688). Fredet 1998.;Stubbumgårdvej 23, Kolding, Danmark;55,3497290;9,5495230
Læsø;Danzigmannvej 6;Danzigmannvej 6;2020;1600;Renaissance;"Den firlængede, delvis tangtækte gård (1600-tallet, udvidet flere gange; nordvestlængen ca. 1928) med stuehusets udløberfløj i nordøst, staldlængens udskud på gårdsiden mod sydvest, den pigstensbelagte gårdsplads med brønd, pigstensbelægningerne langs bygningernes ydersider, møddingsplads og ajlebeholder samt det fritliggende tangtækte udhus nord herfor med pigstensbelægningen langs nord- og vestsiden. Fredet 2020. *";Danzigmannvej 6, Læsø, Danmark;57,3093300;11,1533260
Læsø;Alleen 1;Alleen 1, Andrines Hus;1989;1780;Classicism;Den tangtækte bygning (ca. 1780). Fredet 1989.;Alleen 1, Læsø, Danmark;57,3075330;11,1500790
Læsø;Danzigmannvej 2;Danzigmannvej 2;1989;1750;Classicism;Det tangtækte længehus (ca. 1750). Fredet 1989.;Danzigmannvej 2, Læsø, Danmark;57,3085990;11,1496120
Læsø;Lille Strandgårdsvej 1;Lille Strandgårdsvej 1;1989;1750;Classicism;Den trelængede gård (ca. 1750 og tidl.). Fredet 1989.;Lille Strandgårdsvej 1, Læsø, Danmark;57,2746130;11,0682580
Læsø;Mosevej 16;Mosevej 16;1994;1830;Classicism;Det tangtækte længehus (1830). Fredet 1994.;Mosevej 16, Læsø, Danmark;57,3163120;11,1561680
Læsø;Stoklundvejen 25 (tidl;Lille Stoklundvej 25);1989;1750;Classicism;Stoklundvejen 25. Det tangtækte stuehus (ca. 1750). Fredet 1989.;Stoklundvejen 25 (tidl, Læsø, Danmark;;
Læsø;Alléen 3;Alléen 3;1989;1870;Historicism;Det tangtækte længehus (1870). Fredet 1989.;Alléen 3, Læsø, Danmark;57,3052100;11,1522860
Læsø;Alléen 5;Alléen 5;1989;1880;Historicism;Det tangtækte længehus (ca. 1880). Fredet 1989.;Alléen 5, Læsø, Danmark;57,3044720;11,1551930
Læsø;Tangborgvej 4;Tangborgvej 4;1989;1865;Historicism;Det tangtækte længehus (ca. 1865). Fredet 1989.;Tangborgvej 4, Læsø, Danmark;57,3016630;11,1341350
Læsø;Linievejen 36;Hedvigs Hus;2015;1675;Baroque and rococo;Den trelængede tangtækte bindingsværksgård (ca. 1675 med senere udvidelser). Fredet 2015;Linievejen 36, Læsø, Danmark;57,3076410;11,1254620
Læsø;Museumsvej 3;Museumsgården;1950;1700;Baroque and rococo;Den firelængede gård (2. halvdel af 1700-tallet). Fredet 1950.;Museumsvej 3, Læsø, Danmark;57,2631180;11,0324910
Læsø;Nattergalevej 15;Nattergalevej 15;1993;1700;Baroque and rococo;To i vinkel sammenbyggede bindingsværkslænger med stråtag og tangtækt tag (ca. 1700). Fredet 1993.*;Nattergalevej 15, Læsø, Danmark;57,2896700;10,9264740
Langeland;Sidsel Bagersgade 11;Sidsel Bagersgade 11;1996;1600;Renaissance;Forhuset (slutn. af 1600-tallet, udv. 1777 og 1846). Fredet 1996.*;Sidsel Bagersgade 11, Langeland, Danmark;;
Langeland;Kågårdsvej 3;Kågård;2012;1945;Modernism;Kågård (1945) bestående af det fritliggende stuehus, de tre sammenbyggede avlslænger samt hækken mod vejen. Fredet 2012.;Kågårdsvej 3, Langeland, Danmark;54,8470880;10,7813550
Langeland;Slotsgade 82-88;Tranekær;1918;middelalder;Medieval;Den tofløjede hovedbygning (middelalder, 1720'rne, stærkt ombygget 1862-63 af N.S. Nebelong), teaterbygningen, herskabsstalden og vognladen (ca. 1800 muligvis Andreas Kirkerup) samt thepavillonen. Fredet 1918. Udvidet 1994.*;Slotsgade 82-88, Langeland, Danmark;54,9970076;10,8504700
Langeland;Tryggelev 27;Kirkeladen ved Tryggelev Kirke;1980;før 1536;Medieval;Kirkeladen (opført før 1536). Fredet 1980.;Tryggelev 27, Langeland, Danmark;54,8036420;10,7021950
Langeland;Bygaden 1;Bjerreby Mølle;1964;1819;Classicism;Vindmøllen (1819) og møllegården. Fredet 1964.;Bygaden 1, Langeland, Danmark;54,9547640;10,7881220
Langeland;Egeløkkevej 3;Egeløkke;1979;1845;Classicism;Hovedbygningen (1845 af G.F. Hetsch). Fredet 1979.;Egeløkkevej 3, Langeland, Danmark;55,0442500;10,8587980
Langeland;Grønnegade 13, hj;af Smedegade;1945;1834;Classicism;Sprøjtehuset. Sprøjtehuset (1834). Fredet 1945.;Grønnegade 13, hj, Langeland, Danmark;;
Langeland;Haveskovvej 17;Hjortholm;1918;1789;Classicism;Hovedbygningen (1789) og kavalerfløjen nordøst herfor (ca. 1675). Fredet 1918. Udvidet. 1991.*;Haveskovvej 17, Langeland, Danmark;54,8226700;10,7574110
Langeland;Hedevejen 33;Broløkke;1918;1758;Classicism;Hovedbygningens nordfløj (1758) samt den senere tilføjede østfløj (1873). Fredet 1918. Udvidet 2001.;Hedevejen 33, Langeland, Danmark;54,7690350;10,7220290
Langeland;Hennetvedvej 19;Hennetvedvej 19;1985;1835;Classicism;Landarbejderhuset i bindingsværk (1835). Fredet 1985.;Hennetvedvej 19, Langeland, Danmark;54,8498940;10,7362080
Langeland;Lejbøllevej 3;Tranekær Slotsmølle;1959;1846;Classicism;Vindmøllen (1846), fundamentet med omgivende stensætning, motorhuset samt kontorbygning og magasinbygning begge sammenbygget med vindmøllen. Fredet 1959.*;Lejbøllevej 3, Langeland, Danmark;55,0110710;10,8596920
Langeland;Møllebanken 1;Lindelse Mølle, Phønix Møllen;1964;1828;Classicism;Vindmøllen (1828) med magasinbygning modvest og det vinkelbyggede stuehus. Fredet 1964.* Delvis ophævet 2018;Møllebanken 1, Langeland, Danmark;54,8677480;10,7405500
Langeland;Møllevejen 30;Strynø Mølle;1984;1830;Classicism;Vindmøllen (1830'rne). Fredet 1984.*;Møllevejen 30, Langeland, Danmark;54,9044340;10,5957880
Langeland;Nørregade 12-14, hj;af Sidsel Bagersgade;1918;1799;Classicism;Nørregade 12-14. Forhusene (1799 og 1804). Fredet 1918.;Nørregade 12-14, hj, Langeland, Danmark;;
Langeland;Nørregade 21 og Strandgade 1-3;Den gamle Borgmestergård;1919;1802;Classicism;Forhuset mod Nørregade (1802) samt porthuset og sidehuset langs Strandgade. Fredet 1919. Udvidet 1987.*;Nørregade 21 og Strandgade 1-3, Langeland, Danmark;;
Langeland;Påøvej 1;Skovsgård Mølle;1983;1836;Classicism;Vindmøllen (1836), møllegården with stuehus, stald og lade (beg. af 1800-tallet), kampestensmur ved møllebakkens fod og seks lindetræer mellem gårdspladsen og vejen. Fredet 1983.*;Påøvej 1, Langeland, Danmark;54,8389080;10,7436500
Langeland;Rue 1;Bymøllens Møllegård;1959;før 1796;Classicism;Bymøllens stuehus og vognhus (før 1796). Fredet 1959.*;Rue 1, Langeland, Danmark;54,9350400;10,7110760
Langeland;Rue 1 A;Rudkøbing Bymølle;1959;1826;Classicism;Vindmølle (1826). Fredet 1959.;Rue 1 A, Langeland, Danmark;54,9349950;10,7109950
Langeland;Slotsgade 20;Tranekær gamle Skole;1918;1800;Classicism;Gadehuset (1800 dormitory med Andreas Kirkerup). Fredet 1918. *;Slotsgade 20, Langeland, Danmark;54,9973330;10,8453970
Langeland;Slotsgade 88;Renes Hus;2007;1800;Classicism;"Beboelsesbygningen ""Renes Hus"" med udhus (1800-1815). Fredet 2007.";Slotsgade 88, Langeland, Danmark;55,0029930;10,8558850
Langeland;Stengårdsvej 7;Steensgaard;1985;1836;Classicism;Hovedbygningen (1836-37 af G.F. Hetsch). Fredet 1985.;Stengårdsvej 7, Langeland, Danmark;;
Langeland;Torvet 1 A;Rudkøbing Rådhus;1977;1843;Classicism;Rådhusbygningen (1843-45 af Jørgen Hansen Koch). Fredet 1977. *;Torvet 1 A, Langeland, Danmark;54,9364550;10,7099100
Langeland;Torvet 6 og 6 B;Hestehandlergården;1987;1761;Classicism;Den sambele bebyggelse bestående af forhus (1761, grundmuret 1851, forhøjet 1863), østre sidehus (1761 og 1863), femfagshus (1766 og 1873), tværhus (1761, forlænget 1799, 1851), vestre sidehus (1824, forlænget 1842, udvidet og forhøjet 1863), udlænge (1919), magasinhus (1838), tørreovnshus og kulhus (ca. 1860) samt den brolagte gårdsplads og haven. Fredet 1987.*;Torvet 6 og 6 B, Langeland, Danmark;;
Langeland;Østergade 2;Rudkøbing Præstegård;1919;1760;Classicism;Forhuset (1760). Fredet 1919.*;Østergade 2, Langeland, Danmark;54,9361640;10,7111210
Langeland;Østergade 24;Den Bayske Gård;1919;1782;Classicism;Forhuset (1782) og det hermed sammenbyggede sidehus (ca. 1750). Fredet 1919. Udvidet 1973.*;Østergade 24, Langeland, Danmark;54,9356130;10,7129990
Langeland;Brogade 15;Apoteket;1978;1856;Historicism;Forhuset (1856), de to sidehuse med havepavillon i øst, hegnsmuren samt gårdspladsens brolægning. Fredet 1978.*;Brogade 15, Langeland, Danmark;54,9369210;10,7080800
Langeland;Nørrevej 1;Strynø Skole;1999;1905;Historicism;Strynø Skole med tilhørende udhus (1905). F. 1999.;Nørrevej 1, Langeland, Danmark;54,9054930;10,6083360
Langeland;Rathvej 8;Kelds Nor Fyr;2002;1905;Historicism;Kelds Nor Fyr bestående af fyrtårn, fyrmesterbolig, fyrpasserbolig, fyrassistentbolig, maskinhus, udhus og oliehus (1905). Fredet 2002.*;Rathvej 8, Langeland, Danmark;54,7312240;10,7215580
Langeland;Røjlevej 8 B;Søndenbro Andelsmejeri (tidl.);1998;1888;Historicism;Mejeribygningen (1888, udvidet 1929 med skummesal og osteri af Hans Carl Andersen) og vognbygningen (1929 af Hans Carl Andersen). Fredet 1998.*;Røjlevej 8 B, Langeland, Danmark;54,7629480;10,7091610
Langeland;Brogade 14;Sankt Ansgarius Stiftelse;1939;1700;Baroque and rococo;Bindingsværkshjørnehuset Gåsetorvet 1/Brogade 14 samt bindingsværkssidehuset mod Kirkestræde (1700-tallet). Fredet 1939.;Brogade 14, Langeland, Danmark;54,9367810;10,7087480
Langeland;Smedegade 3;Glads Legat;1945;1700;Baroque and rococo;Dobbelthuset (1700-tallet). Fredet 1945.*;Smedegade 3, Langeland, Danmark;54,9369900;10,7100700
Langeland;Smedegade 5;Smedegade 5;1955;1700;Baroque and rococo;Forhuset (1700-tallet). Fredet 1955.*;Smedegade 5, Langeland, Danmark;55,1359220;10,9035520
Langeland;Smedegade 7;Håndværkssvendenes Rejse- & Sygeforening;1955;1700;Baroque and rococo;Forhuset (1700-tallet). Fredet 1955.*;Smedegade 7, Langeland, Danmark;54,9370680;10,7097770
Langeland;Smedegade 9;Madam Schmidts Legat;1955;1700;Baroque and rococo;Hjørnehuset (1700-tallet). Fredet 1955.*;Smedegade 9, Langeland, Danmark;55,1362430;10,9036920
Langeland;Søvertorpvej 2;Søvertorp;1988;1700;Baroque and rococo;Hovedbygningen (1700-tallet), den tidl. mejeribygning (ca. 1880) samt haven (1855 af Vilhelm Suhr). Fredet 1988.*;Søvertorpvej 2, Langeland, Danmark;54,9147920;10,7720000
Langeland;Røjlevej 8 A;Søndenbro Andelsmejeri, bestyrerbolig;1998;;;Bestyrerboligen (Hans Carl Andersen). Fredet 1998.*;Røjlevej 8 A, Langeland, Danmark;54,7631010;10,7095260
Lejre;Gershøjvej 110-112;Gershøjvej 110-112;1986;1600;Renaissance;Den 23 fag lange bindingsværksbygning (muligvis 1600-tallet). Fredet 1986. (*: Gershøjvej 110).;Gershøjvej 110-112, Lejre, Danmark;55,7130945;11,9675925
Lejre;Hvalsøvej 16;Trudsholm;1959;1551;Renaissance;Hovedbygningen (1551, ombygget 1874). Fredet 1959.;Hvalsøvej 16, Lejre, Danmark;55,6466110;11,8429080
Lejre;Åstrupvej 63;Åstrup;1918;1613;Renaissance;"Hovedbygningen med omgivende grave (østfløjen 1613; nordfløjen muligvis 1589; vestfløjen 1856). Fredet 1918.*";Åstrupvej 63, Lejre, Danmark;;
Lejre;Hornsherredvej 430;Sæby Præstegård;1945;1826;Classicism;Det trelængede bindingsværksanlæg (1826), den brolagte gårdsplads, de to træer på gårdspladsen samt stendigerne langs indkørslen. Fredet 1945. Udvidet 1985.;Hornsherredvej 430, Lejre, Danmark;55,7047980;11,9396910
Lejre;Landevejen 105;Frihedsstøtten, Kirke Såby;1971;1794;Classicism;Sandstensmonumentet (1794 af Johannes Wiedewelt). Fredet 1971.;Landevejen 105, Lejre, Danmark;55,6452830;11,8664550
Lejre;Orehøjvej 12;Kongsgården;1946;1780;Classicism;Stuehus (ca. 1712) med bislag mod vest (1780) og sidelænge mod øst (1827) samt det fritliggende, grundmurede udhus. Fredet 1946.;Orehøjvej 12, Lejre, Danmark;55,6170930;11,9697280
Lejre;Raunshøjvej 40;Hallisgård;1984;1750;Classicism;Det firelængede anlæg (ca. 1750-1800, nordlængen 1900-tallet) samt den brolagte gårdplads. Fredet 1984.*;Raunshøjvej 40, Lejre, Danmark;;
Lejre;Tingstedet 6;Sæby gamle Skole;1970;1830;Classicism;Skolebygningen (1830). Fredet 1970.*;Tingstedet 6, Lejre, Danmark;55,7052570;11,9444170
Lejre;Trehøjevej 45;Egholm;1989;1824;Classicism;Hovedbygningen (1824), ladebygningen og staldbygningen (ca. 1880 og ca. 1890), porthuset (1870), hesteomgangen, den stensatte bro over voldgraven, lindealléen og kastaniealléen. Fredet 1989.*;Trehøjevej 45, Lejre, Danmark;55,7328940;11,9124080
Lejre;Tadre Møllevej 23;Nederste Tadre Mølle;1959;1876;Historicism;Vandmøllen (ca. 1840) med vandhjul og alt nagelfast mølleinventar, den dermed sammenbyggede lade (1876), mølleslusen nord for møllen med stigbord, de to kanaler mellem mølleslusen og mølledammen, mølledæmningen med stigbord, mølledammen, malekarmen, den stensatte møllerende, den rørlagte kanal fra møllerenden til bagløbet samt bagløbet med stensætninger indtil vandenergianlægget ca. 150 meter sydvest for møllen på ejendommen . Fredet 1959. Udvidet 2012.;Tadre Møllevej 23, Lejre, Danmark;55,6148360;11,8132150
Lejre;Abbetvedvej 2 A og 2E-F (Tidl;Abbetvej 2A-B);1918;1730;Baroque and rococo;Lindholm. Hovedbygningen (ca. 1730) og godsforvalterboligen. Fredet 1918.;Abbetvedvej 2 A og 2E-F (Tidl, Lejre, Danmark;;
Lejre;Dellingevej 3;Dellinge Vandmølle;1959;1740;Baroque and rococo;Stuehuset med mølleanlægget og staldlængen i vest (ca. 1740). Fredet 1959.;Dellingevej 3, Lejre, Danmark;55,6006630;11,9472910
Lejre;Ledreborg Allé;Granitbroer (2 stk.) ved Ledreborg;1949;1747;Baroque and rococo;De to granitbroer, der hører til alléen gennem Blæsenborg (1747-55). Fredet 1949.;Ledreborg Allé, Lejre, Danmark;55,6081925;11,9629111
Lejre;Ledreborg Allé 2 A, B og E;Ledreborg;1918;1742;Baroque and rococo;"Hovedbygningen (de midterste ni fag fra ca. 1660, ombygget og udvidet 1741-45 af Johan Cornelius Krieger) med sidefløje (de svungne pavilloner 1748-50 af Lauritz de Thurah), øst- og vestfløjene (1742-46 af Johan Cornelius Krieger) og portbygning (antagelig 1799), gitteret på gårdspladsen, de to bassiner, de seks obelisker og kældernedgangen med tilhørende gitter og flisebelægning, hegnsmure øst og vest for hovedbygningen, de to sandstensfigurer i haven (muligvis af Johann Friedrich Hännel) og ""Amalienborgporten"" ved den østlige indkørsel, ""Det peripatetiske Akademi"" (1755-62), statuerne af Knud den Store og Dronning Margrethe (begge af S.C. Stanley), to buster og syv obelisker i Dyrehaven og to buster i den sydvendte slotshave.Fredet 1918. Udvidet 1978 og 1986.*";Ledreborg Allé 2 A, B og E, Lejre, Danmark;;
Lejre;Kisserupvej 5;Hule Møllegård;1984;;;Hovedbygningen med møllehjul og stensætning, det rørlagte vandløb under gårdspladsen, grøften samt broen over denne. Fredet 1984.;Kisserupvej 5, Lejre, Danmark;55,5954000;11,9332670
Lemvig;Bøvlingvej 40;Rysensten, Bøvling Slot (tidl.);1918;1638;Renaissance;Hovedbygningens vestfløj og muren mod syd samt voldsted og grave (1638-39, 1646-51). Fredet 1918.*;Bøvlingvej 40, Lemvig, Danmark;56,4533160;8,1783980
Lemvig;Kabbelvej 1;Stjernhjelms Hospital, Nørre Lem Hospital;1950;1780;Classicism;Bygningen ved kirkegårdens sydskel (1780). Fredet. 1950.;Kabbelvej 1, Lemvig, Danmark;56,5544010;8,3244020
Lemvig;Lemvigvej 12;Sønder Vinkel;1950;1838;Classicism;Hovedbygningen (1838). Fredet 1950.;Lemvigvej 12, Lemvig, Danmark;56,5594170;8,2810620
Lemvig;Remmerstrandvej 186-188;Å Mølle;1959;1790;Classicism;Vandmøllen (1790, flyttet 1839) og stuehuset (1839) med tilbygning (1881). Fredet 1959.*;Remmerstrandvej 186-188, Lemvig, Danmark;56,5454128;8,4931176
Lemvig;Sodborgvej 10;Sodborggård;1950;1846;Classicism;Stuehuset (1846). Fredet 1950.;Sodborgvej 10, Lemvig, Danmark;56,5295090;8,2896990
Lemvig;Vestergade 44;Vesterhus;1919;1825;Classicism;Forhuset (antagelig ca. 1825). Fredet 1919.*;Vestergade 44, Lemvig, Danmark;56,5493490;8,3018510
Lemvig;Flyvholmvej 33 (tidl;Flyvholm 3);1995;1934;Historicism;Flyvholm Redningsstation. Redningsstation (1934). Fredet 1995.;Flyvholmvej 33 (tidl, Lemvig, Danmark;;
Lemvig;Rubyvej 23;Tuskær Redningsstation;1995;1934;Historicism;Redningsstation (1934). Fredet 1995.;Rubyvej 23, Lemvig, Danmark;56,4698710;8,1306500
Lemvig;Kabbelvej 55;Kabbel Hovedgård;2012;;;Kabbel Hovedgård bestående af hovedbygning med sidefløj mod nordøst, tårnagtig tilbygning mod vest samt murstykke mod sydvest samt det trelængede avlsanlæg. Fredet 2012.;Kabbelvej 55, Lemvig, Danmark;56,5708460;8,3136410
Lolland;Havnegade 73;Dronningens Pakhus, Nakskov;1965;1600;Renaissance;Pakhuset (ca. 1600, gavlen fornyet i 1800-tallet). Fredet 1965.*;Havnegade 73, Lolland, Danmark;54,8287310;11,1377780
Lolland;Hovvasen 6;Rudbjerggård;1918;1600;Renaissance;"Hovedbygningen (ca. 1600; tårnet 1606). Fredet 1918.";Hovvasen 6, Lolland, Danmark;54,7671950;11,1267400
Lolland;Højbygårdvej 20 A;Højbygaard;1971;1600;Renaissance;Stuehuset (slutn. af 1600-tallet, ombygget og udvidet 1761), magasinbygningen (slutn. af 1600-tallet), sdr. sidelænge og vognport af bindingsværk samt den mellem disse bygninger værende brolægning. Fredet 1971.;Højbygårdvej 20 A, Lolland, Danmark;54,6962260;11,4485110
Lolland;Præstestræde 2;Præstestræde 2, Nakskov;1919;;Renaissance;Forhuset (renæssance). Fredet 1919.;Præstestræde 2, Lolland, Danmark;54,8308480;11,1357090
Lolland;Stenvadsvej 2-4;Gloslunde Præstegård;1950;1600;Renaissance;Den firelængede bindingsværksgård (1600-1700-tallet). Fredet 1950.;Stenvadsvej 2-4, Lolland, Danmark;54,7533784;11,2330788
Lolland;Ullerslevvej 42 og Maribovej 248, 250 og 252;Halsted Kloster, hovedbygning mv;1918;1589;Renaissance;(Ullerslevvej 42 og Maribovej 248, 250 og 252). Ullerslevvej 42, Den gamle fløj (1589-91 af Hans von Andorf), den nye hovedbygning (1847-49) og parken med muren mod Maribovej, den gamle stald i bindingsværk (1744), herskabsstalden i grundmur (1855). Maribovej 248, Havehuset, bindingsværkshuset (beg. 1800-tallet) med tilhørende udhus. Maribovej 250, Godskontoret, hovedhuset i grundmur (slutn. 1800-tallet), vestre sidehus med tilbygning, begge i bindingsværk (beg 1800-tallet). Maribovej 252, Den tidl. Skovriderbolig, tre længer i bindingsværk (beg. af 1800-tallet) samt udhuset i bindingsværk. Fredet 1918. Udvidet 1989.;Ullerslevvej 42 og Maribovej 248, 250 og 252, Lolland, Danmark;;
Lolland;Axeltorv 1 og Havnegade 55 A-C;Theisens Gård, Nakskov;1918;1786;Classicism;Mnr. 47: forhus med sidehus (1786) samt mnr. 57, 58, 59: længer mod havn og Badstuestræde (før 1682, 1702). Fredet 1918.*;Axeltorv 1 og Havnegade 55 A-C, Lolland, Danmark;;
Lolland;Axeltorv 3;Det Gamle Apothek, Nakskov;1919;1777;Classicism;Forhus (1777) og sidehus (1600-tallet). Fredet 1919.*;Axeltorv 3, Lolland, Danmark;54,8301380;11,1358760
Lolland;Frederiksdalsvej 30;Frederiksdal;1918;1758;Classicism;Hovedbygningen (1758, rimeligvis af Georg Dietrich Tschierske) samt det kinesiske tehus i parken. Fredet 1918. Udvidet 1983.*;Frederiksdalsvej 30, Lolland, Danmark;54,9043020;11,0408720
Lolland;Havnegade 23;Hvedemagasinet, Bandholm;1994;1800;Classicism;Det toetages, grundmurede pakhus med teglhængt mansardtag (1800-tallets midte). Fredet 1994.*;Havnegade 23, Lolland, Danmark;54,8300780;11,1327130
Lolland;Herredsvej 281, Fejø;Herredsvej 281, Fejø;1987;1780;Classicism;Bindingsværkshuset (ca. 1780). Fredet 1987.*;Herredsvej 281, Fejø, Lolland, Danmark;54,9515370;11,4333290
Lolland;Kapellanstræde 10;Kapellanstræde 10, Maribo;1950;1756;Classicism;Forhuset (1756).Fredet 1950.;Kapellanstræde 10, Lolland, Danmark;54,7729110;11,5018420
Lolland;Kapellanstræde 12;Kapellanstræde 12, Maribo;1950;1756;Classicism;Forhuset (1756).Fredet 1950.*;Kapellanstræde 12, Lolland, Danmark;54,7728350;11,5018560
Lolland;Kapellanstræde 6;Kapellanstræde 6, Maribo;1950;1756;Classicism;Forhuset (1756). Fredet 1950.;Kapellanstræde 6, Lolland, Danmark;54,7730400;11,5018030
Lolland;Kapellanstræde 8;Kapellanstræde 8, Maribo;1950;1756;Classicism;Forhuset (1756).Fredet 1950.*;Kapellanstræde 8, Lolland, Danmark;54,7729760;11,5018210
Lolland;Kærstrupvej 17;Kærstrup;1918;1765;Classicism;"Hovedbygningen (1765, kældrene ældre; ombygget 1836; tårnet 1868). Fredet 1918.";Kærstrupvej 17, Lolland, Danmark;54,6915510;11,5261820
Lolland;Mageltving Møllevej 23 (tidl;Magletving Møllevej 23);1985;1790;Classicism;Mageltving Møllevej 23. Beboelseshuset med udhus (1790'erne). Fredet 1985.;Mageltving Møllevej 23 (tidl, Lolland, Danmark;;
Lolland;Maribovej 277;Halsted Kloster, Den gamle Kro (Maribovej 277);1989;1800;Classicism;Forhuset i bindingsværk samt sidehus (beg. af 1800-tallet). Fredet 1989.;Maribovej 277, Lolland, Danmark;54,8473400;11,2251250
Lolland;Maribovej 281, 283, 285, 287 og 289;Halsted Kloster (Maribovej 281-289);1989;1845;Classicism;Maribovej 281, Graverboligen, bestående af forhus og sidehus, begge i bindingsværk (1845). Maribovej 283, Det Røde Hus, beboelseshuset i bindingsværk (slutn. af 1800-tallet) og det bagved liggende skur af træ. Maribovej 285 og 287, Tømrerboligen, beboelseshuset i bindingsværk (ca. 1800), det bagved liggende snedkerværksted. Maribovej 289, Kuskeboligen, beboelseshuset i bindingsværk (beg. af 1800-tallet). Fredet 1989.;Maribovej 281, 283, 285, 287 og 289, Lolland, Danmark;;
Lolland;Marrebæksvej 22;Vindeby Mølle;1959;1800;Classicism;Vindmøllen (ca. 1800). Fredet 1959.*;Marrebæksvej 22, Lolland, Danmark;54,9206080;11,1410100
Lolland;Nørregade 17;Nørregades Bomhus, Maribo;1919;1820;Classicism;Bomhusbygningen (1820-21). Fredet 1919.*;Nørregade 17, Lolland, Danmark;54,7759530;11,4999890
Lolland;Pederstrupvej 124;Pederstrup;1945;1813;Classicism;Hovedbygningen (1813-22 af C.F. Hansen). Fredet 1945.*;Pederstrupvej 124, Lolland, Danmark;54,8959290;11,2655140
Lolland;Pederstrupvej 3;Reventlow-asylet, Horslunde;1964;1824;Classicism;Asylbygningen (1824). Fredet 1964.*;Pederstrupvej 3, Lolland, Danmark;54,8273370;11,1516200
Lolland;Præstegårdsvej 42;Købelev Præstegård;1959;1769;Classicism;Stuehus (1769). Fredet 1959.;Præstegårdsvej 42, Lolland, Danmark;54,8988700;11,1228450
Lolland;Rødbyvej 45;Ålstrup;1945;1800;Classicism;Hovedbygningen (ca. 1800). Fredet 1945.*;Rødbyvej 45, Lolland, Danmark;54,7597620;11,4583630
Lolland;Søholtvej 28;Skelsnæspavillon, Søholt Hovedgård;1996;1822;Classicism;Pavillonen (1822). Fredet 1996.*;Søholtvej 28, Lolland, Danmark;54,7388590;11,5419270
Lolland;Torvet 3;Qvades Gård, Maribo;1945;1819;Classicism;Hovedbygningen mod torvet (1819) med sidehus av bindingsværk samt pakhus bag i gården (1852). Fredet 1945.;Torvet 3, Lolland, Danmark;54,7746320;11,5016310
Lolland;Østergade 65;Østergade 65, Rødby;1984;1800;Classicism;Magasinbygningen (ca. 1800-50). Fredet 1984.*;Østergade 65, Lolland, Danmark;54,7751040;11,5109870
Lolland;Østofte Gade 36;Østofte Præstegård;1964;1795;Classicism;De tre længer om gårdpladsen (stuehus og lade 1795, nordre længe ca. 1850). Fredet 1964.*;Østofte Gade 36, Lolland, Danmark;54,8033750;11,4261640
Lolland;Errindlevvej 34 B;Errindlev tidl;2000;1913;Historicism;Andelsmejeri. Mejeribygningen med skorsten (1913 af H.P. Philipsen), den dermed sammenbyggede længe (1886) og ostelager (1951). Fredet 2000.;Errindlevvej 34 B, Lolland, Danmark;54,6715960;11,4958800
Lolland;Højbygårdvej 22;Højbygaard Skovløberhus;1971;1850;Historicism;Stuehuset (ca. 1850). Fredet 1971.;Højbygårdvej 22, Lolland, Danmark;54,6911310;11,4510260
Lolland;Højbygårdvej 34;Tågerup Polakkaserne;1983;1911;Historicism;Kasernebygningen (1911 af H.C. Glahn). Fredet 1983.*;Højbygårdvej 34, Lolland, Danmark;54,6770280;11,4538730
Lolland;Kirkevej 4;Kapellanboligen (tidl.), Holeby;1986;1850;Historicism;Beboelseshuset og udhuset (1850). Fredet 1986.;Kirkevej 4, Lolland, Danmark;54,8180450;11,2711570
Lolland;Maribovej 279 og 279A;Halsted Kloster, Den gamle Smedie og Smedieboligen (Maribovej 279 og 279A);1989;1850;Historicism;"Maribovej 279A, Den gamle Smedie; smedien i grundmur (ca. 1850). Maribovej 279, Smedieboligen; beboelseshuset (beg. af 1800-tallet).Fredet 1989.";Maribovej 279 og 279A, Lolland, Danmark;;
Lolland;Maribovej 291 og 293-297;Halsted Kloster (Maribovej 291-297);1989;1930;Historicism;"Maribovej 291, Gartnerboligen, beboelseshuset i bindingsværk (beg. af 1800-tallet) samt udvidelsen i grundmur mod øst (ca. 1920) og baghuset, den såkaldte ""elevbygning"" i grundmur (1930'rne). Maribovej 293-297, Det lange Hus. beboelseslængen i bindingsværk og udhuset (beg. af 1800-tallet). Fredet 1989.";Maribovej 291 og 293-297, Lolland, Danmark;;
Lolland;Meinckes Vej 1 (tidl;Bangshavevej 23);1964;1853;Historicism;Bangshave, Maribo. Pavillonen (Gl. Skovnæs mejeri, 1853). Fredet 1964.;Meinckes Vej 1 (tidl, Lolland, Danmark;;
Lolland;Nordenkirke 17;Nordenkirke 17, Nakskov;1964;1857;Historicism;Forhuset (1857). Fredet 1964.;Nordenkirke 17, Lolland, Danmark;54,8313610;11,1350820
Lolland;Rødbyvej 22-24;Lungholm;1988;1856;Historicism;Hovedbygningen (1856 af L.A. Winstrup, med senere om- og tilbygninger 1906 af H.C. Glahn), de to sidelænger (1500- eller beg. af 1600-tallet), gravene omkring den indre del af haven og mellem gl. avlsgårdsareal og hovedbygningen samt broerne over disse og their tilhørende rækværk. Fredet 1988.;Rødbyvej 22-24, Lolland, Danmark;54,7915354;11,2806101
Lolland;Stationsvej 10;Bandholm Jernbanestation;1973;1869;Historicism;Stationsbygningen (1869-70). Fredet 1973.;Stationsvej 10, Lolland, Danmark;54,8357370;11,4820830
Lolland;Søvej 4;Søgaard;2004;1905;Historicism;Hovedbygningen (1905 af Viggo Dahl) og de to ældre bindingsværksbygninger (ca. 1850). Fredet 2004.;Søvej 4, Lolland, Danmark;54,6588040;11,3453770
Lolland;Birketvej 64-66;Birketvej 64-66, Bandholm;1993;1700;Baroque and rococo;Den 16 fag lange og seks fag brede bindingsværksbygning (midten af 1700-tallet), og hækken langs Birketvej og Smedestræde. Fredet 1993.*;Birketvej 64-66, Lolland, Danmark;54,8719598;11,3846834
Lolland;Kappelvej 4 C;Kappel Mølle;1959;1730;Baroque and rococo;Stubmøllen (ca. 1730). Fredet 1959.*;Kappelvej 4 C, Lolland, Danmark;54,7784253;11,0363510
Lolland;Kristianssædevej 3C;Christianssæde;1918;1690;Baroque and rococo;Hovedbygningen (1690, antagelig ombygget ca. 1740 og 1878-84, brændt 1979, genopført efter brand 1986). Fredet 1918.*;Kristianssædevej 3C, Lolland, Danmark;54,7895682;11,3981046
Lolland;Søndergade 25;Søndergade 25, Nakskov;1919;1695;Baroque and rococo;Forhuset (muligvis 1695). Fredet 1919.;Søndergade 25, Lolland, Danmark;54,7729250;11,5034880
Lolland;Vestergade 1;Willers Gård, Rødby;1964;1729;Baroque and rococo;Forhuset (1729). Fredet 1964.*;Vestergade 1, Lolland, Danmark;54,7743780;11,5005480
Lolland;Østofte Møllevej 262;Østofte Mølle;1964;1700;Baroque and rococo;Stubmøllen (ca. 1700). Fredet 1964.*;Østofte Møllevej 262, Lolland, Danmark;54,8043980;11,4201480
Lyngby-Taarbæk;I.H;Mundtsvej 4B;1999;1957;Modernism;I.H. Mundtsvej 4B. Villaen (1957 af Arne Jacobsen). Fredet 1999.*;I.H, Lyngby-Taarbæk, Danmark;55,7796084;12,4866836
Lyngby-Taarbæk;Nybrovej 116;Nybrovej 116;2015;1994;Modernism;De tre sammenbyggede kontorbygninger med grønne omgivelser (1994, udvidet 2000 og 2005, af KHR Arkitekter). Fredet 2015*;Nybrovej 116, Lyngby-Taarbæk, Danmark;55,7605930;12,4999930
Lyngby-Taarbæk;Brede Hovedbygning 1 og I.C;Modewegsvej 1;1918;1795;Classicism;Brede Klædefabrik. Hovedbygningen (1795, interiører 1797 af J.C. Lillie) med tilbygning (1846) samt pladsen foran hovedbygningen, vagt- og kontorbygningen (før 1905, udvidet 1947), etagebygningen (1832-67, væveri, spinderi, senere anvendt til vaskeri, appretur samt råvarelager), etagebygningen (1861, 1882, råvarelager, ekspedition og maskinhus), halbygningen (1936, farveri), etagebygningen (1915, farveri), fabriksbygningen (1882, udv. 1943, anvendt til appretur, reparatur, nordlige del opr. kedelhus), fabriksbygningen (1884, 1890, væveri, senere maskinværksted og noppestue, sprinklertårn i vestlig ende), maskinværkstedet (1884), kedelhuset (1936), etagebygningen (1908 af Christiani & Nielsen, karteri og spinderi), etagebygningen (1918 af Christiani & Nielsen, væveri og klædeskæreri), garnlageret og driftskontoret (1951), etagebygningen (1943 af Eske Kristensen, råvarelager og kludevæveri), Brede spisehus (1891) og gartnergården (før 1783, grundmuret 1826 og ombygget 1857) med tilknyttet frugtkælder (ca. 1870), de to drivhuse (ca 1870 og ca. 1900) samt materialehuset (ca. 1900). Fredet 1918. Udvidet 1991.;Brede Hovedbygning 1 og I.C, Lyngby-Taarbæk, Danmark;;
Lyngby-Taarbæk;Gammel Lundtoftevej 31;Støvlet Kathrines Hus;1979;1808;Classicism;Stuehus (1808) med tilbygningen samt udhuset. Fredet 1979.*;Gammel Lundtoftevej 31, Lyngby-Taarbæk, Danmark;55,7776380;12,5058980
Lyngby-Taarbæk;Kongevejen 102;Fuglevad Vindmølle;1964;1814;Classicism;Vindmølle (1814). Fredet 1964.;Kongevejen 102, Lyngby-Taarbæk, Danmark;55,7861180;12,4895340
Lyngby-Taarbæk;Kongevejen 2;Sorgenfri;1918;1756;Classicism;"Hovedbygningen (1756 af Lauritz de Thurah på fundamenter og kældre fra 1705-06 af François Dieussart, ombygget 1791-94 af Peter Meyn) med damefløjen, kavaler- og staldbygningerne ved opkørslen fra Kongevejen (1743-44 af Lauritz de Thurah; ombygget 1790 af Peter Meyn, der bl.a. opførte staldbygningens tilbygning), smedejernsgitter med sandstenspiller (ca. 1800 af Nicolai Abildgaard), Den lange længe, tidl. gartnerbolig (1840-48 af Jørgen Hansen Koch), Schweizerhuset på bakken øst for Kongevejen, (ca. 1800 af Nicolai Abildgaard), Norske hus på bakken vest for Kongevejen (1809 af Nicolai Abildgaard) samt Schallske musikhus ved Mølleåen, mnr. 39a Schallsvej 16 (ca. 1800). Fredet 1918.*";Kongevejen 2, Lyngby-Taarbæk, Danmark;55,7787710;12,4970600
Lyngby-Taarbæk;Lyngby Hovedgade 2;Friboes Hvile;1918;1755;Classicism;Hovedbygningen (ca. 1755). Fredet 1918.*;Lyngby Hovedgade 2, Lyngby-Taarbæk, Danmark;55,7764780;12,4958220
Lyngby-Taarbæk;Lyngby Hovedgade 28;Gramlille;1950;1800;Classicism;Hovedbygningen (ca. 1800). Fredet 1950.;Lyngby Hovedgade 28, Lyngby-Taarbæk, Danmark;55,7733250;12,4990080
Lyngby-Taarbæk;Lyngby Hovedgade 37;Det Hvide Palæ, Moyels Gård;1918;1806;Classicism;Hovedbygningen (1806) med sidebygningen (ca. 1806). Fredet 1918. *;Lyngby Hovedgade 37, Lyngby-Taarbæk, Danmark;55,7711420;12,5037310
Lyngby-Taarbæk;Lyngby Kirkestræde 12-14;Lyngby tidl;1979;1846;Classicism;Præstegård. Stuehuset (1846) med tilbygget sidehus (1914) samt den tidl. stald- og vognportbygning. Fredet 1979.*;Lyngby Kirkestræde 12-14, Lyngby-Taarbæk, Danmark;55,7742327;12,5010213
Lyngby-Taarbæk;Lystoftevej 17;Lystoftegård;1994;1816;Classicism;Hovedbygningen i to etager og mansardetage (1816, ombyg. 1947 ved Hans Henrik Engqvist). Fredet 1994.;Lystoftevej 17, Lyngby-Taarbæk, Danmark;55,7938940;12,5105570
Lyngby-Taarbæk;Nybrovej 393-395;Christianelyst;1960;1800;Classicism;Hovedfløjen og sidebygningerne (ca. 1800). Fredet 1960.*;Nybrovej 393-395, Lyngby-Taarbæk, Danmark;55,7804393;12,4462629
Lyngby-Taarbæk;Nybrovej 401;Sophienholm;1918;1796;Classicism;Hovedbygningen (1796-1803 af Joseph-Jacques Ramée).Fredet 1918.;Nybrovej 401, Lyngby-Taarbæk, Danmark;55,7754270;12,4575990
Lyngby-Taarbæk;Raadvad 2-2A (tidl;Chausséen 2);1983;1843;Classicism;Bøgely, Raadvad. Det trelængede bygningskompleks og den fritliggende bygning mod øst (ca. 1843). Fredet 1983. Fredningspræcisering 15. oktober 2004.;Raadvad 2-2A (tidl, Lyngby-Taarbæk, Danmark;;
Lyngby-Taarbæk;Raadvad 3-30;Raadvad 3-30;1983;1805;Classicism;"Hele området syd for Søndre Mølleå: Alle bygninger og anlæg, herunder Møllehuset (ca. 1846) samt stemmeværket ved Søndre Mølleå med gelænder på begge sider af vejen samt det forbindende murstykke; Kildehuset (før 1779) samt den bagvedliggende trælade, de foranliggende havelodder og kilden syd for Kildehuset med stensætning og gelænder; Egehuset, oprindelig skole (før 1835) med haveanlæg foran og bagved huset samt stentrappen mellem Egehuset og Fileværket; Fileværket (før 1779) med de foranliggende havestykker med stensætninger samt de to bagvedliggende udhuse; Smedien (1805) samt den hertilhørende havemur; Damhuset, den tidligere inspektørbolig (ca. 1770); Ungkarlehuset (før 1805); Ny Raadvad, de fire beboelsesblokke (1917-18) med tilhørende cementstøbte afgrænsede havestykker foran husene og de bagvedliggende havestykker; Lageret (før 1779 med tilbygning i 1878) samt Længen (mellem 1835 og 1846) med de foranliggende havestykker og bagvedliggende udhus. Fredet 1983.*";Raadvad 3-30, Lyngby-Taarbæk, Danmark;55,8036032;12,5621237
Lyngby-Taarbæk;Spurveskjul 4 og 6;Spurveskjul;1924;1805;Classicism;Hovedbygningen (1805 af Nicolai Abildgaard) samt den vest herfor beliggende stråtækte beboelseslænge og det stråtækte bindingsværksudhus. Fredet 1924.*;Spurveskjul 4 og 6, Lyngby-Taarbæk, Danmark;;
Lyngby-Taarbæk;Spurveskjul Skov;Louisekilde;1918;1791;Classicism;Kilden (1791). Fredet 1918.;Spurveskjul Skov, Lyngby-Taarbæk, Danmark;;
Lyngby-Taarbæk;Strandvejen 550 og Taarbæk Strandvej 2;Cottageparken;1978;1840;Classicism;"Porthuset (""den gule cottage"") og ""den røde cottage"" (tidl. kitchenbygning) (1840'rne af Gottlieb Bindesbøll). Den gule cottage: Fredet 1978; Den røde cottage: Fredet 1979.";Strandvejen 550 og Taarbæk Strandvej 2, Lyngby-Taarbæk, Danmark;;
Lyngby-Taarbæk;Brede 33-77;Brede 33-77;1991;1888;Historicism;Brede 34-50: Gule længe (ca. 1860), Brede 51 og 52: Den seksfags boliglænge i to etager (1888), Brede 60 og 61: Vinkelbygning i to etager (1912 som købmandsbutik af J.C. Schwartz), Brede 62 og 63: Mesterboligbygningen (1905 af Vilhelm Suhr), Brede 64 og 65: Mesterboligbygningen (1905 af Vilhelm Suhr), Brede 70, 72 og 74: Lille længe (1783, ombygget 1826 og senere), Brede 75 og 77: Mesterlængen (1783, ombygget 1825 og senere) og pladsen foran Brede hovedbygning. Fredet 1991.;Brede 33-77, Lyngby-Taarbæk, Danmark;55,7941631;12,4991852
Lyngby-Taarbæk;Brede 66-67 og 69 (tidl;Brede Allé);1991;1895;Historicism;Brede 66-67 og 69 (tidl. Brede Allé). To beboelsesbygninger (nr. 66-67, 1895 opr. mesterbolig og nr. 69, 1894, ombygget ca. 1920 til skole af Niels Peter Ulstrup Hansen). Fredet 1991.;Brede 66-67 og 69 (tidl, Lyngby-Taarbæk, Danmark;;
Lyngby-Taarbæk;Brede 68 (tidl;Brede Allé 68);1991;1921;Historicism;Brede 68 (tidl. Brede Allé 68). Beboelseshus (1921, opr. skole). Fredet 1991.;Brede 68 (tidl, Lyngby-Taarbæk, Danmark;;
Lyngby-Taarbæk;Brede 81;Brede Børnehave;1991;1905;Historicism;Børnehavebygning (1905 af Vilhelm Suhr, opr. asyl). Fredet 1991.;Brede 81, Lyngby-Taarbæk, Danmark;55,7920670;12,5064600
Lyngby-Taarbæk;Dyrehaven 7;Kildeøen, Kirsten Piils Kilde;1991;1927;Historicism;"Traktørstedet ""Kildeøen"" (1927 af Ivar Bentsen), med nyere tilbygning mod vest. Fredet 1991.";Dyrehaven 7, Lyngby-Taarbæk, Danmark;55,7770750;12,5707950
Lyngby-Taarbæk;I.H;Mundtsvej 16;1987;1924;Historicism;I.H. Mundtsvej 16. Villaen med garage (1924 af Edvard Heiberg, til sig selv). Fredet 1987.*;I.H, Lyngby-Taarbæk, Danmark;55,7796084;12,4866836
Lyngby-Taarbæk;Lyngby Hovedgade 24;Lyngby Søndre Mølle;2012;1903;Historicism;Lyngby Søndre Mølle (1903 af Valdemar og Bernhard Ingemann). Fredet 2012.;Lyngby Hovedgade 24, Lyngby-Taarbæk, Danmark;55,7738140;12,4989050
Lyngby-Taarbæk;Lyngby Hovedgade 24 A;Lyngby Nordre Vandmølle;1972;1850;Historicism;Møllehuset og den hermed sammenbyggede magasinbygning (ca. 1850). Fredet 1972.;Lyngby Hovedgade 24 A, Lyngby-Taarbæk, Danmark;55,7740470;12,4983400
Lyngby-Taarbæk;Lyngby Torv 17;Lyngby Rådhus;2014;1941;Historicism;Lyngby Rådhus (1941 af Hans Erling Langkilde og Ib Martin Jensen). Fredet 2014;Lyngby Torv 17, Lyngby-Taarbæk, Danmark;55,7697550;12,5022720
Lyngby-Taarbæk;Lystoftevej 80;Lystoftevej 80;1990;1913;Historicism;Forhuset (1913, opr. arbejderbolig). Fredet 1990.*;Lystoftevej 80, Lyngby-Taarbæk, Danmark;55,7944870;12,5010030
Lyngby-Taarbæk;Møllevej 10 A-B;Møllevej 10 A-B;1991;1863;Historicism;Beboelseshus (1863, opr. plejehjem for børn). Fredet 1991.;Møllevej 10 A-B, Lyngby-Taarbæk, Danmark;55,7848699;12,4958460
Lyngby-Taarbæk;Møllevej 4;Fuglevad Vandmølle;1964;1879;Historicism;De to sammenbyggede bygninger (1879). Fredet 1964.;Møllevej 4, Lyngby-Taarbæk, Danmark;55,7847260;12,4964620
Lyngby-Taarbæk;Møllevej 5;Møllevej 5;1991;1873;Historicism;Villa og udhus (1873). Fredet 1991.*;Møllevej 5, Lyngby-Taarbæk, Danmark;55,7849090;12,4954740
Lyngby-Taarbæk;Mølleåparken 40;Brede Vandtårn;1991;1907;Historicism;Vandtårnet (1907). Fredet 1991.;Mølleåparken 40, Lyngby-Taarbæk, Danmark;55,7941300;12,5016810
Lyngby-Taarbæk;Raadvad 1;Raadvad Vandrehjem;1983;1918;Historicism;Den tidl. skolebygning, de to pavilloner samt haven på den øvrige del af ejendommen (1918-19 af Harald Lønborg-Jensen). Fredet 1983. Fredningen præciseret den 18. oktober 2004.*;Raadvad 1, Lyngby-Taarbæk, Danmark;55,8034790;12,5587080
Lyngby-Taarbæk;Raadvad 40-44;Raadvad 40-44;1983;1879;Historicism;Hele området med alle bygninger og anlæg, herunder fabriksbygningerne syd for Nordre Mølleå (1879 ff.), den fritstående skorsten i gården, broen over Nordre Mølleå samt stemmeværket med gelænder på hver side af vejen over Nordre Mølleå. Fredet 1983.*;Raadvad 40-44, Lyngby-Taarbæk, Danmark;55,8036032;12,5621237
Lyngby-Taarbæk;Strandvejen 724;Måneporten;2023;1934;Historicism;Det selvstændige landskabsarkitektoniske værk Måneporten (1934 af C. Th. Sørensen) og et udsnit af dalsænkningen på matr.nr. 72 samt dele af matr.nr. 4 og 3cd. Fredet 2023.;Strandvejen 724, Lyngby-Taarbæk, Danmark;55,7997650;12,5879660
Lyngby-Taarbæk;Strandvejen 859;Hegnslund;2001;1914;Historicism;Sommerboligen Hegnslund (1914-15 af Henning Hansen med bemalinger af Valdemar Andersen). Fredet 2001.;Strandvejen 859, Lyngby-Taarbæk, Danmark;55,8045470;12,5834640
Lyngby-Taarbæk;Taarbæk Strandvej 14A (tidl;Strandvejen 340);2001;1932;Historicism;Bellevue Strandbad. Herrernes fællesomklædningsbygning, herrernes kamformede vekselkabinebygning samt nordre livreddertårn med badebro (1932 af Arne Jacobsen). Fredet 2001.;Taarbæk Strandvej 14A (tidl, Lyngby-Taarbæk, Danmark;;
Lyngby-Taarbæk;Dyrehaven 4;Eremitagen;1918;1734;Baroque and rococo;Lystslottet (1734-36 af Lauritz de Thurah). Fredet 1918.;Dyrehaven 4, Lyngby-Taarbæk, Danmark;55,7761217;12,5778730
Lyngby-Taarbæk;Hummeltoftevej 183-187 og Frederiksdalsvej 351;Frederiksdal;1918;1744;Baroque and rococo;Hovedbygningen (1744-45 af Niels Eigtved, ombygget 1752-53 af Gottfried Rosenberg), de to pavilloner foran denne (1882) samt gartnerboligen (1741 af Elias David Häusser, ombygget ca. 1830) med espaliermuren i haven.Fredet 1918.*;Hummeltoftevej 183-187 og Frederiksdalsvej 351, Lyngby-Taarbæk, Danmark;;
Lyngby-Taarbæk;Lyngby Hovedgade 6;Sorgenfridal;1987;1700;Baroque and rococo;Hovedbygningen (slutn. af 1700-tallet ombygget 1858-59).Fredet 1987.*;Lyngby Hovedgade 6, Lyngby-Taarbæk, Danmark;55,7755100;12,4967180
Lyngby-Taarbæk;Nybrovej 410;Marienborg;1964;1700;Baroque and rococo;Hovedbygningen (formentlig sidste halvdel af 1700-tallet). Fredet 1964.;Nybrovej 410, Lyngby-Taarbæk, Danmark;55,7752850;12,4646250
Lyngby-Taarbæk;Ørholmvej 61;Ørholm;1918;1700;Baroque and rococo;Hovedbygningen (1700-tallet). Fredet 1918.;Ørholmvej 61, Lyngby-Taarbæk, Danmark;55,7997970;12,5049310
Lyngby-Taarbæk;Tårbæk Strandvej 82;Tårbæk Strandvej 82;1979;;;Den toetages træbygning (opr. søbadeanstalt, opf. af Gottlieb Bindesbøll).Fredet 1979.*;Tårbæk Strandvej 82, Lyngby-Taarbæk, Danmark;55,7857380;12,5938660
Mariagerfjord;Willestrupvej 1;Willestrup;1918;1538;Renaissance;Alle hovedbygningens fløje (1538-42, ombygget 1757 og 1812-19) med voldstedet samt det gamle bindingsværkslysthus ved vejen nordvest for hovedbygningen. Fredet 1918.;Willestrupvej 1, Mariagerfjord, Danmark;56,7642920;9,9533760
Mariagerfjord;Klosterstien 12;Klosteret, Dommerkontor;1984;1450;Medieval;Den toetages bygning med tårnet vest for kirken (1450-1500). Fredet 1984.;Klosterstien 12, Mariagerfjord, Danmark;56,6478030;9,9783060
Mariagerfjord;Als Oddevej 56;Snedkerens Hus;2023;1831;Classicism;Det enlængede beboelseshus (1831) med omkringliggende pigstensbelægning. Fredet 2023.;Als Oddevej 56, Mariagerfjord, Danmark;56,7262940;10,2978460
Mariagerfjord;Fuglsang 4;Fuglsang 4;1965;1837;Classicism;Forhuset (1837 og senere). Fredet 1965.*;Fuglsang 4, Mariagerfjord, Danmark;56,6490000;9,9834500
Mariagerfjord;Fyrkatvej 45;Fyrkat Mølle;1954;1764;Classicism;Stuehus og Ryds mølle (1764, tilflyttet 1961). Fredet 1954.*;Fyrkatvej 45, Mariagerfjord, Danmark;56,6249370;9,7724550
Mariagerfjord;Havnøvej 40;Havnø Vindmølle;1964;1842;Classicism;Vindmøllen (1842). Fredet 1964.*;Havnøvej 40, Mariagerfjord, Danmark;56,7137680;10,1649280
Mariagerfjord;Hjerritsdalvej 3;Hjerritsdal Vandmølle;1959;1830;Classicism;Det vinkelbyggede mølle- og stuehus samt det fritliggende udhus (ca. 1830). Fredet 1959.*;Hjerritsdalvej 3, Mariagerfjord, Danmark;56,6594270;9,8419620
Mariagerfjord;Kirkegade 1;Kirkegade 1;1964;1837;Classicism;Forhuset (1837). Fredet 1964.;Kirkegade 1, Mariagerfjord, Danmark;56,7178000;10,1176280
Mariagerfjord;Kirkegade 4 A-C (tidl;Kirkegade 2-6);1919;1835;Classicism;Museet. Forhuset mod Kirkegade (før 1767), porthuset (1835), sydlængen (1835-38) og det hermed sammenbyggede toetages hus i vest (1840) samt gårdspladsens brolægning. Fredet 1919.*;Kirkegade 4 A-C (tidl, Mariagerfjord, Danmark;;
Mariagerfjord;Teglgade 20;Teglgade 20;1964;1833;Classicism;Forhuset på syv fag (1833). Fredet 1964.*;Teglgade 20, Mariagerfjord, Danmark;56,6505100;9,9779540
Mariagerfjord;Torvet 1 A-B;Mariager Rådhus (tidl.);1983;1821;Classicism;Den tidl. rådhusbygning (1821-22, forhøjet 1914 af Carl Lundqvist). Fredet 1983.*;Torvet 1 A-B, Mariagerfjord, Danmark;56,7167819;10,1151841
Mariagerfjord;Tygeslundvej 60;Tygeslund;1982;1848;Classicism;Hovedbygningen (1848-49). Fredet 1982.;Tygeslundvej 60, Mariagerfjord, Danmark;;
Mariagerfjord;Visborggård Allé 39;Visborggård;1918;1768;Classicism;Den trefløjede hovedbygning (hovedfløjen med hjørnetårne 1575-76, østfløj 1748 og vestfløj 1796), haven (formentlig 1500-tallet), den stensatte bro (ca. 1915), lysthuset (beg. 1800-tallet) samt muren med portpiller, sandstensskulpturer og to magasinbygninger mod syd (1768ff.) Fredet 1918. Udvidet 2001 og 2017*;Visborggård Allé 39, Mariagerfjord, Danmark;;
Mariagerfjord;Adelgade 26;Bies Bryggeri;1986;1859;Historicism;Forhuset med sidehus i nord (1859), dettes forlængelse (1851, forhøjet 1854 og 1857), maltgøreribygningen i den forreste yards vestende (1851) og halvtagsbygningerne mod syd (1851, forhøjet i 1890'erne), tapperi- og lagerbygninger bag maltgøreribygningen (1901 og 1904), de nord for beliggende gær- og lagerkælderbygninger (1867, udvidet 1882 og 1893) samt ishuset (ca. 1800) og lysthuset i haven, endvidere de brolagte gårdspladser og prydhaven inkl. tjørne- og bøgehække mod sydvest og nordvest. Fredet 1986.;Adelgade 26, Mariagerfjord, Danmark;56,6389020;9,7934180
Mariagerfjord;Adelgade 75;Hobro Ting- og Arresthus;1995;1920;Historicism;Ting- og arresthuset (1920 af Ejnar Packness) bestående af tinghuset, forbindelsesbygningen, arrestforvalterbygningen og de to arrestbygninger, udgangshallen, garagen samt ting- og arresthusets nære omgivelser. Fredet 1995.*;Adelgade 75, Mariagerfjord, Danmark;56,6358810;9,7984980
Mariagerfjord;Fuglsangsgade 9;Sprøjtehuset;1964;1858;Historicism;Det tidl. sprøjtehus (1858). Fredet 1964.*;Fuglsangsgade 9, Mariagerfjord, Danmark;56,6493720;9,9828670
Mariagerfjord;Mariager havn;Havnekranen på Mariager Havn;1992;1930;Historicism;Svingkranen (1930 ved Titan A/S) samt betonbroen, som kranen står på. Fredet 1992.;Mariager havn, Mariagerfjord, Danmark;;
Mariagerfjord;Randersvej 125B;Handest Station;2016;1927;Historicism;Handest stationsbygning (1927 af Carl Lundquist) med brændeskur og plankeværk samt de nære omgivelser, herunder den støbte betonperronforkant og læsserampen ved pakhusdelen. Fredet 2016;Randersvej 125B, Mariagerfjord, Danmark;56,5691150;9,8263620
Mariagerfjord;Stationsvej 12;Hobro Station;1992;1893;Historicism;Hobro Stations Hovedbygning med Perrontaget (1893 af Thomas Arboe). Fredet 1992. *;Stationsvej 12, Mariagerfjord, Danmark;56,6434140;9,7829380
Mariagerfjord;Teglgade 18;Teglgade 18;1964;1865;Historicism;Forhus med sidehus (1865, af Niels Holm, sidehus senere). Fredet 1964.;Teglgade 18, Mariagerfjord, Danmark;56,6504620;9,9783570
Mariagerfjord;Fuglsangsgade 12-14 og Kirkegade 5;Fuglsangsgade 12-14 og Kirkegade 5;1964;1700;Baroque and rococo;"Forhus med sidehus (1700-tallet, facaden ændret ca. 1800; hus syd i gården 1850, hus vest i gården 1857). Fredet 1964.*";Fuglsangsgade 12-14 og Kirkegade 5, Mariagerfjord, Danmark;;
Mariagerfjord;Helberskovvej 14;Als Præstegård;1954;1712;Baroque and rococo;Det gamle stuehus (1712). Fredet 1954.;Helberskovvej 14, Mariagerfjord, Danmark;56,7527390;10,2909000
Mariagerfjord;Sognegade 2;Sognegade 2;1964;1700;Baroque and rococo;Forhuset (1700-tallet, udvidet 1766). Fredet 1964.;Sognegade 2, Mariagerfjord, Danmark;56,6488930;9,9818970
Mariagerfjord;Sognegade 4;Sognegade 4;1964;1700;Baroque and rococo;Forhuset (1700-tallet). Fredet 1964.*;Sognegade 4, Mariagerfjord, Danmark;56,6489270;9,9821140
Mariagerfjord;Torvet 6;Hotel Postgården;1919;1700;Baroque and rococo;Forhuset (1700-tallet). Fredet 1919.*;Torvet 6, Mariagerfjord, Danmark;56,7165930;10,1151830
Mariagerfjord;Vestergade 8-12;Gamle Skole;1964;1700;Baroque and rococo;Tidl. skolebygning (1700-tallet, forlænget med to fag grundmur 1853). Fredet 1964.*;Vestergade 8-12, Mariagerfjord, Danmark;56,7143337;10,1096135
Mariagerfjord;Østergade 28;Østergade 28;1964;1700;Baroque and rococo;Forhus og sidehus (slutn. af 1700-tallet). Fredet 1964.*;Østergade 28, Mariagerfjord, Danmark;56,7206170;10,1181710
Mariagerfjord;Østergade 5 A-B;Østergade 5 A-B;1989;1732;Baroque and rococo;Det 13-fags forhus i bindingsværk (1732 og 1762). Fredet 1989.;Østergade 5 A-B, Mariagerfjord, Danmark;56,7234919;10,1250194
Mariagerfjord;Østergade 7 A;Østergade 7 A;1919;1700;Baroque and rococo;Det femfags bindingsværksforhus (del af et nittenfags bindingsværkshus)(1700-tallet). Fredet 1919.*;Østergade 7 A, Mariagerfjord, Danmark;56,7192070;10,1156790
Mariagerfjord;Østergade 7 B;Østergade 7 B;1918;1700;Baroque and rococo;Det fjortenfags bindingsværkshus (del af et nittenfags bindingsværkshus)(1700-tallet). Fredet 1918.*;Østergade 7 B, Mariagerfjord, Danmark;56,7192900;10,1157390
Middelfart;Algade 60, hj;af Nygade;1918;1600;Renaissance;Algade 60, hj af Nygade. Forhuset (ca. 1600). Fredet 1918.*;Algade 60, hj, Middelfart, Danmark;;
Middelfart;Brogade 8;Henner Friisers Hus, Museet;1918;1575;Renaissance;Forhuset (ca. 1575-1600). Fredet 1918.*;Brogade 8, Middelfart, Danmark;55,5067360;9,7270980
Middelfart;Tybrindvej 2;Wedellsborg;1918;1500;Medieval;Hovedbygningen (ca. 1500 og slutningen af 1500-tallet, stærkt ombygget 1706 og 1920). Fredet 1918.;Tybrindvej 2, Middelfart, Danmark;55,3675760;9,8200260
Middelfart;Algade 18;Chr;1978;1767;Classicism;Iversens Hospital. Forhuset (1767). Fredet 1978.*;Algade 18, Middelfart, Danmark;55,5060300;9,7290970
Middelfart;Algade 23;Borgmestergården;1980;1844;Classicism;Forhuset (1844, kvisten nyere). Fredet 1980.*;Algade 23, Middelfart, Danmark;55,5062140;9,7290970
Middelfart;Algade 6;Middelfart gamle Rådhus;1919;1816;Classicism;Forhuset med portfag (1816 af Johan Hanck). Fredet 1919. *;Algade 6, Middelfart, Danmark;55,5063000;9,7279330
Middelfart;Bryggervej 15;Tjenergården;1989;1800;Classicism;Den firelængede gård (ca. 1800) samt den brolagte gårdplads. Fredet 1989. Udvidet 1993.;Bryggervej 15, Middelfart, Danmark;55,4839730;9,9776880
Middelfart;Cathrinebjergvej 7;Kathrinebjerg;1950;1803;Classicism;Den femfløjede hovedbygning (1803). Fredet 1950.;Cathrinebjergvej 7, Middelfart, Danmark;55,5433510;9,8209000
Middelfart;Fuglemosegyden 15-17;Hybæk Møllegård;1990;1830;Classicism;Mølleanlægget bestående af det fritliggende stuehus (1830), sidehuset mod syd (1832), avlsbygningen mod nord med udbygning og portlængen (begge fra 1829) samt mølledammen og den brolagte gårdsplads. Fredet 1990.;Fuglemosegyden 15-17, Middelfart, Danmark;55,3967473;9,8808268
Middelfart;Fønsskovvej 43;Risbro;1950;1842;Classicism;Hovedbygningen (1842). Fredet 1950.;Fønsskovvej 43, Middelfart, Danmark;55,4534240;9,7450890
Middelfart;Hindsgavl Allé 7-8 og Granhækken 2;Hindsgavl;1918;1784;Classicism;Mnr. 1ar: hovedbygningen (1784 formentlig af Hans Næss) og lysthuse i haven. Fredet 1918. Udvidet 1954.* Mnr. 1a: ladebygningerne og den gamle smedie. Fredet 1954. Udvidet 1964.;Hindsgavl Allé 7-8 og Granhækken 2, Middelfart, Danmark;;
Middelfart;Kongebrovej 68;Grimmermosehuset;1986;før 1844;Classicism;Bindingsværkhuset (før 1844, ombygget og udvidet 1905). Fredet 1986.*;Kongebrovej 68, Middelfart, Danmark;55,5115080;9,7115010
Middelfart;Rugårdsvej 160;Kærsgård;1918;1815;Classicism;Hovedbygningen (1815-17). Fredet 1918.;Rugårdsvej 160, Middelfart, Danmark;55,4783720;9,9799480
Middelfart;Fjellerupvej 10;Harndrup Møllegård;1985;1850;Historicism;Hovedbygningen og udlænger med vandmølle (1850 og senere) samt mølledæmning med sluser. Fredet 1985.*;Fjellerupvej 10, Middelfart, Danmark;55,4591690;10,0221590
Middelfart;Jernbanevej 4;Nørre Åby Station;1992;1909;Historicism;Hovedbygningen, pakhus- og toiletbygningen og den verbindende mur samt den overdækkede venteplads i tømmerkonstruktion mod perronen (1909 af Heinrich Wenck). Fredet 1992.*;Jernbanevej 4, Middelfart, Danmark;55,4601720;9,8700920
Middelfart;Kalvehave 4;Kalvehave 4;1990;1850;Historicism;Det firelængede gårdanlæg i bindingsværk med stråtag med udbygning på nordlængen (ca. 1850) samt den brolagte gårdsplads. Fredet 1990.*;Kalvehave 4, Middelfart, Danmark;55,3693730;9,8494820
Middelfart;Kongebrovej 42;Grimmerhus;1993;1856;Historicism;Hovedbygning, den vinkelformede herskabsstald med støttemure og de to indgangslåger med granitsøjler (1856-57 af J.D. Herholdt). Fredet 1993.;Kongebrovej 42, Middelfart, Danmark;55,5078250;9,7202240
Middelfart;Kællingbjerg 5;Kællingbjerg;1983;1872;Historicism;Hovedbygningen (1872). Fredet 1983.;Kællingbjerg 5, Middelfart, Danmark;55,3908920;9,8986320
Middelfart;Algade 24;Algade 24;1919;1700;Baroque and rococo;Forhuset (1700-tallet). Fredet 1919. *;Algade 24, Middelfart, Danmark;55,5057070;9,7302970
Middelfart;Brogade 10;Brogade 10;1919;1700;Baroque and rococo;Den gennemgående længe (1700-tallet) med del af bindingsværksgavlhus mod gaden (ca. 1600). Fredet 1919.*;Brogade 10, Middelfart, Danmark;55,5066420;9,7270330
Morsø;Feggesundvej 53;Skarregaard;2005;ca. 1840;Classicism;Det fritliggende stushus (ca. 1840), de tre sammenbyggede avlslænger med to tilbygninger mod nord (ca. 1900), det mod syd tilbyggede maskinhus (1952) samt omgivelserne i form af brolægninger m.m. og haven. Fredet 2005.;Feggesundvej 53, Morsø, Danmark;56,9412090;8,8660530
Morsø;Grønnegade 51-53 (Dueholmgade);Dueholm Kloster;1918;middelalder;Medieval;Nordfløj (middelalder, ca. 1800) og østfløj (ca. 1800). Fredet 1918.*;Grønnegade 51-53 (Dueholmgade), Morsø, Danmark;;
Morsø;Munkegade 22;Dueholm Mejeri;1981;før 1536;Medieval;Bygningsdele fra før 1536. Fredet 1981.*;Munkegade 22, Morsø, Danmark;56,7942760;8,8520140
Morsø;Rådhustorvet 1 K;Nykøbing Rådhus;1977;1846;Classicism;Rådhusbygningen (1846-47 af Jens Paul Jacobsen og Frederik Ferdinand Friis).Fredet 1977.*;Rådhustorvet 1 K, Morsø, Danmark;;
Morsø;Strandgade 61;Strandgade 61;1992;1846;Classicism;Det tidl. fisker- og landarbejderhus, (ca. 1846). Fredet 1992.;Strandgade 61, Morsø, Danmark;;
Morsø;Poulsen Dalsvej 7;Galtrup Forsamlingshus;1979;1876;Historicism;Det ottekantede forsamlingshus (1876 af Povlsen Nørbjerg). Fredet 1979.*;Poulsen Dalsvej 7, Morsø, Danmark;56,8373700;8,7183500
Morsø;Rådhustorvet 2 og 4;Palæet og Museet;1988;1890;Historicism;"Mnr. 122e: forhuset ""Palæet"" (1890)* og på mnr. 122a: forhuset ""Museet"" (1850). Fredet 1988.";Rådhustorvet 2 og 4, Morsø, Danmark;;
Morsø;Toldbodgade 12;Havnepakhuset, Nykøbing M;1984;1850;Historicism;Havnepakhuset (ca. 1850). Fredet 1984.;Toldbodgade 12, Morsø, Danmark;56,7950490;8,8624660
Næstved;Fyrendalvej 14;Fuirendal;1918;1609;Renaissance;Hovedbygning (1609) og portfløj (ca. 1610). Fredet 1918.*;Fyrendalvej 14, Næstved, Danmark;55,2493010;11,5121770
Næstved;Holmegårdsvej 71;Holmegård;1918;1635;Renaissance;Den trefløjede hovedbygning med tilbygning på nordfløjen (1635). Fredet 1918.*;Holmegårdsvej 71, Næstved, Danmark;;
Næstved;Riddergade 3;Ridderhuset;1918;1589;Renaissance;Forhuset (1589). Fredet 1918.;Riddergade 3, Næstved, Danmark;55,2292380;11,7599020
Næstved;Sankt Peders Kirkeplads 3 og Kirkestræde 3;Sankt Peders Kirkeplads 3 og Kirkestræde 3;1919;1606;Renaissance;Forhuset med sidehus (1606). Fredet 1919. Udvidet 1986. Ændret 2021.*;Sankt Peders Kirkeplads 3 og Kirkestræde 3, Næstved, Danmark;;
Næstved;Sparresholmvej 4;Sparresholm;1918;1609;Renaissance;Den trefløjede hovedbygning med udløberfløj på østfløjen (1609 ff.). Fredet 1918.*;Sparresholmvej 4, Næstved, Danmark;55,2369410;11,9505480
Næstved;Gavnø 2;Gavnø;1918;1400;Medieval;Den trefløjede hovedbygning (ca. 1400, stærkt ombygget 1755 antagelig af Jacob Fortling). Fredet 1918.;Gavnø 2, Næstved, Danmark;55,1888280;11,7251510
Næstved;Herlufsholm Allé 170-186;Herlufsholm;1918;1200;Medieval;"Mnr. 1d: hele det trefløjede klosteranlæg (1200-tallet og senere, ombygget 1868-70 af J.D. Herholdt, den østre gang ind mod klostergården 1502), skolebygningen (opr. lade 1743, ombygget 1809-12 af Johan Georg Schwartzkopf og forhøjet 1852-53 af Georg Kretz), museumsbygningen (1874-76 af J.D. Herholdt), musiklærerboligen (opr. sogneskole), rektorboligen (1794 af Philip Lange) med rest af klostermur samt det bagved liggende bindingsværksudhus og sprøjtehuset; mnr. 1b: Godsforvalterboligen (1812 af Johan Georg Schwartzkopf) og ""Hvælvingebroen"" over Susåen (ca. 1740, muligvis af Elias David Häusser). Fredet 1918. Udvidet 1945 og 1979.";Herlufsholm Allé 170-186, Næstved, Danmark;55,2476038;11,7485875
Næstved;Kompagnistræde 3;Kompagnistræde 3;1918;1500;Medieval;Kompagnihuset (ca. 1500) og den hermed sammenbyggede bindingsværksbygning. Fredet 1918.*;Kompagnistræde 3, Næstved, Danmark;55,2291490;11,7578940
Næstved;Riddergade 5;Apostelhuset;1918;1510;Medieval;Forhuset (ca. 1510-20). Fredet 1918.;Riddergade 5, Næstved, Danmark;55,2291780;11,7598230
Næstved;Ringstedgade 4 A;Helligåndshuset;1918;1420;Medieval;Forhuset (ca. 1420). Fredet 1918.;Ringstedgade 4 A, Næstved, Danmark;55,2323140;11,7584020
Næstved;Saltøvej 61;Saltø;1918;senmiddelalderlig;Medieval;"Hovedbygningen (nordfløjens østlige del senmiddelalderlig; vestlige del og østfløjen 2. halvdel af 1500-tallet; bindingsværkslænger 1700-tallet). Fredet 1918.";Saltøvej 61, Næstved, Danmark;55,2270600;11,6323990
Næstved;Sankt Peders Kirkeplads 5;Næstved gamle Rådhus;1918;1450;Medieval;Gavlhuset og den dermed sammenbyggede portfløj (ca. 1450, ca. 1520). Fredet 1918.*;Sankt Peders Kirkeplads 5, Næstved, Danmark;;
Næstved;Sankt Peders Kirkeplads 8-12;Stenboderne i Næstved;1918;1442;Medieval;"De tre sammenbyggede boder (ca. 1442) og det vestre endehus (ca. 1450) samt de syv sammenbyggede boder (""Borgmester Mogens Tuesens Boder"" ca. 1480). Fredet 1918. Udvidet 1976.";Sankt Peders Kirkeplads 8-12, Næstved, Danmark;;
Næstved;Slagelsevej 283 C;Harrestedgård;1918;middelalder;Medieval;Hovedbygningen (middelalder, 1840'rne). Fredet 1918.;Slagelsevej 283 C, Næstved, Danmark;55,2775450;11,6068330
Næstved;Bakkegårdsvej 2;Tystrup Præstegård;1969;1800;Classicism;Bindingsværkslængen i øst (første halvdel af 1800-tallet). Fredet 1969.*;Bakkegårdsvej 2, Næstved, Danmark;55,3618510;11,5631540
Næstved;Byvej 11;Hammer Præstegård;1968;1750;Classicism;Den trelængede præstegård (ca. 1750). Fredet 1968.;Byvej 11, Næstved, Danmark;55,1460080;11,8727760
Næstved;Bækkeskov Allé 1;Bækkeskov;1918;1796;Classicism;Hovedbygningen (1796-98). Fredet 1918.*;Bækkeskov Allé 1, Næstved, Danmark;55,1906510;12,0151170
Næstved;Christian Winthersvej 2;Fensmark Præstegård;1964;1837;Classicism;Stuehuset (1837) og de tre sammenbyggede udlænger (ca. 1775). Fredet 1964.*;Christian Winthersvej 2, Næstved, Danmark;;
Næstved;Engelholmvej 1;Engelholm;1918;1781;Classicism;Hovedbygningen (1781-85). Fredet 1918.;Engelholmvej 1, Næstved, Danmark;55,1414650;11,9822340
Næstved;Fyrendalvej 27;Hammershus;1992;1813;Classicism;Beboelseshuset med lerstampede mure (ca. 1813). Fredet 1992.;Fyrendalvej 27, Næstved, Danmark;55,2480100;11,5132560
Næstved;Gavnø 11-13;Gavnø Gartnerbolig;1918;1800;Classicism;Stuehuset (ca. 1800) og stalden. Fredet 1918.;Gavnø 11-13, Næstved, Danmark;55,1875441;11,7237732
Næstved;Grønnegade 10 og 10 D, F, K og T;Den gamle Rytterkaserne;1945;1799;Classicism;Det gamle ridehus (1799), den gamle fægtesalsbygning mod Grønnegade (1855), den ældste kasernebygning (1847), staldbygningen (1847) og det nye ridehus (1888). Fredet 1945.*;Grønnegade 10 og 10 D, F, K og T, Næstved, Danmark;;
Næstved;Ostenfeldtsvej 7;Ostenfeldts Stiftelse;1945;1841;Classicism;Hovedbygningen (1841) og staldbygningen. Fredet 1945.*;Ostenfeldtsvej 7, Næstved, Danmark;55,2275730;11,7595380
Næstved;Sankt Peders Kirkeplads 4;Hotel Vinhuset;1919;1778;Classicism;Forhusene mod kirkepladsen og Vinhusgade (1778 og senere, hvælvet kælder ca. 1500). Fredet 1919.*;Sankt Peders Kirkeplads 4, Næstved, Danmark;;
Næstved;Storegade 24;Glumsø Præstegård;1954;1834;Classicism;Præstegårdens fire længer (1834). Fredet 1954.*;Storegade 24, Næstved, Danmark;55,3549780;11,6886360
Næstved;Teglværksvej 4;Borrehøjgård;1979;1830;Classicism;Stuehuset (ca. 1830, tre fag senere tilføjet). Fredet 1979.*;Teglværksvej 4, Næstved, Danmark;55,1563940;11,9460410
Næstved;Tybjerg Bygade 2;Tybjerggård;1918;1763;Classicism;Den trefløjede hovedbygning (1763, med middelalderlig kælder under østfløjen). Fredet 1918.;Tybjerg Bygade 2, Næstved, Danmark;55,3485640;11,8085030
Næstved;Bårsevej 3 D;Snesere Tromlehus;1997;1928;Historicism;Sprøjte- og tromlehuset (ca. 1928 af Julius Rasmussen). Fredet 1997.;Bårsevej 3 D, Næstved, Danmark;55,1637870;11,9315360
Næstved;Hjultorv 2 og Ramsherred 2;Dom- og arresthuset - det tidl;1959;1855;Historicism;rådhus i Næstved. Tinghuset (det tidl. rådhus 1855-56 af Gottlieb Bindesbøll), arresthuset med strålegårde og gårdsplads, muren mod Hjultorv (1855-56 af Gottlieb Bindesbøll), den bagvedliggende gårdsplads samt udvidelse af tinghuset (1938 af Johannes Tidemand-Dal). Fredet. 1959. Udvidet 2003.*;Hjultorv 2 og Ramsherred 2, Næstved, Danmark;;
Næstved;Karrebækvej 852, tidl;Kirkebakken 6;1959;1860;Historicism;Karrebæk Mølle. Vindmøllen (ca. 1860). Fredet 1959. *;Karrebækvej 852, tidl, Næstved, Danmark;;
Næstved;Rønnebæksholm 1;Rønnebæksholm, Grundtvigs Pavillon;1938;1852;Historicism;Pavillonen (1852 muligvis af Gottlieb Bindesbøll). Fredet 1938.;Rønnebæksholm 1, Næstved, Danmark;55,2200880;11,7944250
Næstved;Bårsevej 4;Snesere Rytterskole;1996;1724;Baroque and rococo;Rytterskolen (1724). Fredet 1996.;Bårsevej 4, Næstved, Danmark;55,1641650;11,9315730
Næstved;Fensmarkvej 9;Viborggård;1945;1700;Baroque and rococo;Hovedbygningen (1700-tallet). Fredet 1945.;Fensmarkvej 9, Næstved, Danmark;55,2493960;11,7641840
Næstved;Førslevvej 54;Førslevgård;1918;1726;Baroque and rococo;Den trefløjede hovedbygning (1726). Fredet 1918.*;Førslevvej 54, Næstved, Danmark;55,2779210;11,5784620
Næstved;Gunderslevvej 17;Gunderslevholm;1918;1729;Baroque and rococo;Hovedbygningen (1729, ombygget 1787). Fredet 1918.;Gunderslevvej 17, Næstved, Danmark;55,3151340;11,6719250
Næstved;Brogade 2, hj;af Møllegade;1945;;;Brogade 2. Forhus med sidehus, pakhuset langs Møllegade samt det fritliggende pakhus. Fredet 1945. *;Brogade 2, hj, Næstved, Danmark;;
Næstved;Riddergade 1 A;Riddergade 1 A;1918;;;Det vinkelbyggede pakhus. Fredet 1918.*;Riddergade 1 A, Næstved, Danmark;55,2294100;11,7601310
Næstved;Riddergade 7;Riddergade 7;1945;;;Forhuset med sidehus mod Slagkildevej. Fredet 1945.*;Riddergade 7, Næstved, Danmark;55,2290350;11,7596260
Norddjurs;Hammelevvej 62-64;Hammelev Præstegård;1973;1600;Renaissance;Den trelængede bindingsværksgård (1600-tallet). Fredet 1973.*;Hammelevvej 62-64, Norddjurs, Danmark;56,4444595;10,8969661
Norddjurs;Holbækgårdsvej 20;Holbækgård;1918;1562;Renaissance;Hovedbygningen (søndre del muligvis 1562 af Villestrupmesteren, nordre del 1645). Fredet 1918.*;Holbækgårdsvej 20, Norddjurs, Danmark;56,5646930;10,2750110
Norddjurs;Katholm 1;Katholm;1918;1588;Renaissance;Den trefløjede hovedbygning (1588-91, vestfløjen 1622) og vestfløjens to sidebygninger. Fredet 1918.;Katholm 1, Norddjurs, Danmark;56,3599940;10,8926810
Norddjurs;Løvenholmvej 66;Løvenholm;1918;1576;Renaissance;Den tofløjede hovedbygning (østfløjen 1576, sydfløjen ca. 1620, hjørnetårnet i sydøst 1642). Fredet 1918.*;Løvenholmvej 66, Norddjurs, Danmark;56,4514760;10,4439080
Norddjurs;Maria Hjerte Engen 2, 3 og 47;Sostrup, Benzon (tidl.);1918;1599;Renaissance;Den trefløjede hovedbygning (1599-1606) med omgivende grave samt avlsbygningerne omkring den store gårdsplads.Fredet 1918. Udvidet 1964.*;Maria Hjerte Engen 2, 3 og 47, Norddjurs, Danmark;;
Norddjurs;Meilgaardvej 15;Mejlgård;1918;1573;Renaissance;Den trefløjede hovedbygning (1573, ombygget 1888-91). Fredet 1918.;Meilgaardvej 15, Norddjurs, Danmark;56,5029930;10,6587040
Norddjurs;Randersvej 4-6;Avlsgården, Gammel Estrup;1932;1600;Renaissance;Portfløjen, laden og ridehuset samt sidebygningerne vinkelret på portfløjen (ca. 1600, ridehuset 1722). Fredet 1932.*;Randersvej 4-6, Norddjurs, Danmark;56,4338046;10,3548386
Norddjurs;Toresvej 2;Rimsø Præstegård;1959;1593;Renaissance;Stuehuset i vest samt sydlængen (formentlig 1593 og senere). Fredet 1959.*;Toresvej 2, Norddjurs, Danmark;56,4789190;10,7950080
Norddjurs;Kirkegade 19;Auning Hospital;1978;middelalder;Medieval;Hospitalsbygningen (middelalder og senere). Fredet 1978.*;Kirkegade 19, Norddjurs, Danmark;56,4334180;10,3769790
Norddjurs;Lillegade 26 D;Ørsted Kirkelade;1924;middelalder;Medieval;Kirkeladebygningen (middelalder). Fredet 1924.;Lillegade 26 D, Norddjurs, Danmark;56,4147740;10,8728850
Norddjurs;Ballevej 30;Lykkesholm;1918;1804;Classicism;Hovedbygningen (1804). Fredet 1918.;Ballevej 30, Norddjurs, Danmark;56,3304090;10,8013890
Norddjurs;Smedestræde 2;Smedestræde 2, Grenaa;1980;1849;Classicism;Forhuset med smedje og bolig (1849). Fredet 1980.*;Smedestræde 2, Norddjurs, Danmark;56,4146860;10,8734950
Norddjurs;Stenaltvej 8;Stenalt;1924;1799;Classicism;Hovedbygningen (1799 ff. af Anders Kruuse) med omgivende grave. Fredet 1924.*;Stenaltvej 8, Norddjurs, Danmark;56,5085670;10,2911200
Norddjurs;Torvet 1 og Mogensgade 1;Grenaa gamle Rådhus;1919;1806;Classicism;Den gamle rådhusbygning (1806-08 af Just Møller) og den hermed sammenbyggede arrestbygning (1879 af Thomas Arboe).Fredet 1919. Udvidet 1987.;Torvet 1 og Mogensgade 1, Norddjurs, Danmark;;
Norddjurs;Ørkenvej 100-102;Anholt Fyr;1939;1785;Classicism;Anholt fyr (1785 af Ernst Peymann, ombygget 1836, overdelen 1881) med kasematter (1809) og fyrmesterbolig. Fredet 1939.*;Ørkenvej 100-102, Norddjurs, Danmark;56,7325178;11,6339803
Norddjurs;Randersvej 2 (tidl;Bavnehøjvej 1 A), Grenaa;2007;1907;Historicism;Grenaa Vandværk. Maskinhuset til Grenaa Vandværk (1907 af ingeniør T.R.English) samt den smalle bræmme med brosten rundt om bygningen. Fredet 2007.;Randersvej 2 (tidl, Norddjurs, Danmark;;
Norddjurs;Stokkebro 60;Stokkebro 60;1991;1855;Historicism;Det fritliggende stuehus (1855), de tre sammenbyggede avlslænger (øst- og nordlængen 1881, vestlængen 1920) samt den brolagte gårdsplads. Fredet 1991.;Stokkebro 60, Norddjurs, Danmark;56,5039020;10,8251700
Norddjurs;Østergade 22;Mommes Stiftelse, Grenaa;1988;1894;Historicism;Det toetages hus (1894).Fredet 1988.;Østergade 22, Norddjurs, Danmark;56,4132970;10,8797610
Norddjurs;Lillegade 39;Lillegade 39, Grenaa;1924;1700;Baroque and rococo;Forhuset med sidehus (1700-tallet). Fredet 1924.*;Lillegade 39, Norddjurs, Danmark;56,4151950;10,8709120
Norddjurs;Lillegade 50;Lillegade 50, Grenaa;1919;1700;Baroque and rococo;Den vinkelformede bygning på hjørnet af Lillegade og Vestbanegade (1700-tallet). Fredet 1919.;Lillegade 50, Norddjurs, Danmark;56,4161600;10,8697170
Norddjurs;Randersvej 2;Gammel Estrup;1918;1700;Baroque and rococo;Den trefløjede hovedbygning (ca. 1500, stærkt ombygget 1590-1625 bl.a. af Mathias Bygmester) og orangerierne (1700-tallet). Fredet 1918.*;Randersvej 2, Norddjurs, Danmark;56,4172620;10,8675280
Norddjurs;Søndergade 1;Søndergade 1, Grenaa;1919;1700;Baroque and rococo;Vinkelbygningen på hj. af Søndergade og Kannikegade (ca. 1700-20), sidebygningen mod nord* og pakhuset mod øst samt i den bageste gård pakhuset mod nord og smedien mod Kannikegade. Fredet 1919. Udvidet 1965.*;Søndergade 1, Norddjurs, Danmark;56,4126260;10,8759860
Nordfyns;Assensvej 3 og 1 A;Harridslevgård;1918;1606;Renaissance;Hovedbygningen (1606 og senere, porthuset muligvis af Domenicus Badiaz), nordlængen og sydlængen (ca. 1850) samt stenbelægningen imellem disse, ladebygningen mod nordwest (ca. 1850)* og den vinkelbyggede vandmølle mod vest (ca. 1850).Fredet 1918. Udvidet 1991.;Assensvej 3 og 1 A, Nordfyns, Danmark;;
Nordfyns;Burskovvej 2;Gyldensteen;1918;1636;Renaissance;Den firefløjede hovedbygning with voldsted og bro (hovedfløjen mod syd 1640, de lave vinkelbygninger 1700-tallet, forbindelsesbygningerne mellem disse og hovedfløjen omkring 1800), samt af den tidl. avlsgård det tiloversblevne af vestlængen (1636) og østlængen (1724). Fredet 1918.*;Burskovvej 2, Nordfyns, Danmark;55,5638220;10,1452210
Nordfyns;Kirkemosevej 2;Sandagergård;1918;1610;Renaissance;Den trelængede hovedbygning (vestfløj fra ca. 1610, de øvrige fløje fra 1700-tallet) med voldsted og grave samt avlsgårdens østlænge (ca. 1600) og den 12 fag lange vognport mod vest (ca. 1725).Fredet 1918. (Fredning af vestlængens sydlige del, agerumsladen, ophævet 2015);Kirkemosevej 2, Nordfyns, Danmark;55,5552600;10,1689380
Nordfyns;Oregårdvej 23;Oregård;1918;1600;Renaissance;Hovedbygningen (ca. 1600). Fredet 1918.*;Oregårdvej 23, Nordfyns, Danmark;55,5075550;10,0258150
Nordfyns;Strandvejen 151 (tidl;Franktoftegyden 38);1932;1620;Renaissance;Ørritslevgård. Den trefløjede hovedbygning (1620, stærkt ombygget 1789) med grave. Fredet 1932.;Strandvejen 151 (tidl, Nordfyns, Danmark;;
Nordfyns;Østergade 19 og 19 C;Østergade 19 og 19 C;1919;1600;Renaissance;Forhus med sidehus mod Sct. Annagade (1600-tallet). Fredet 1919.*;Østergade 19 og 19 C, Nordfyns, Danmark;;
Nordfyns;Østergade 2;Landbohjemmet;1918;renæssance;Renaissance;Forhuset (renæssance). Fredet 1918.*;Østergade 2, Nordfyns, Danmark;55,5120650;10,1750310
Nordfyns;Dallundvej 63;Dallund;1918;1520;Medieval;"Den firefløjede hovedbygning (ca. 1520 og 1723, stærkt ombygget 1849; tårnet 1634). Fredet 1918.*";Dallundvej 63, Nordfyns, Danmark;55,4851030;10,2788400
Nordfyns;Adelgade 44 og 44 A;Bryggergården;1919;1820;Classicism;Forhuset (ca. 1820) med hvælvet middelalderkælder (fredet 1919) samt sidehuset (ca. 1820) (fredet 1978).Fredet 1919. Udvidet 1978.*;Adelgade 44 og 44 A, Nordfyns, Danmark;;
Nordfyns;Alléen 11;Egebjerggård, Einsidelsborg (tidl.);1939;1831;Classicism;Hovedbygningen (1831 formentlig af Jørgen Hansen Koch) med foranliggende to pavillonbygninger. Fredet 1939.;Alléen 11, Nordfyns, Danmark;55,6022140;10,3501190
Nordfyns;Blæsbjergvej 19;Røde Mølle, Savmølle ved Langesø;1954;1825;Classicism;Stuehuset og møllebygningen med vandmølleværk (ca. 1825).Fredet 1954.;Blæsbjergvej 19, Nordfyns, Danmark;55,4326570;10,2206190
Nordfyns;Hofmansgavevej 23-27;Hofmansgave;1918;1784;Classicism;"Den trefløjede hovedbygning (1784-87 af J.C. Seyffert) og den hermed sammenbyggede fløj mod nord kaldet ""Langelinie"" (efter 1803), længen øst for ""Nørregade"" og længen vest for ""Nørregade"" (1784) med den dermed sammenbyggede vestlænge samt Det Norske Hus (1814) i haven. Fredet 1918, udvidet 1932 og 1951.*";Hofmansgavevej 23-27, Nordfyns, Danmark;55,5289392;10,4700325
Nordfyns;Højagervej 32;Højagervej 32;1990;1800;Classicism;Det sammenbyggede firelængede gårdanlæg (ca. 1800, stuehuset 1858) og den brolagte gårdsplads. Fredet 1990.;Højagervej 32, Nordfyns, Danmark;55,4901730;10,2336290
Nordfyns;Kirkevej 4;Særslev Præstegård;1924;1805;Classicism;Stuehuset (1805-06). Fredet 1924.;Kirkevej 4, Nordfyns, Danmark;55,5440570;10,2685270
Nordfyns;Kørupvej 10;Kørup;1918;1800;Classicism;Hovedbygningen (den østlige længe fra 1582, muligvis af Domenicus Badiaz, og den hermed sammenbyggede sidelænge mod syd fra 1750-1780) samt bindingsværkslængen (1800-20). Fredet 1918. Udvidet. 1991.;Kørupvej 10, Nordfyns, Danmark;55,5794940;10,3217390
Nordfyns;Kørupvej 16-18;Støbejernsmindestøtten;1996;1808;Classicism;Mindestøtten i støbejern med inskriptioner og illustrationer (1808, flyttet 1912 to flyvesandsområdet). Fredet 1996.;Kørupvej 16-18, Nordfyns, Danmark;55,5830504;10,3249639
Nordfyns;Langesøvej 146;Langesø;1918;1774;Classicism;Hovedbygningen (1774-78 af Georg Dietrich Tschierske, Georg Erdman Rosenberg og Hans Næss), mellembygningerne og fløjene (ca. 1780) samt takstræerne med støbejernsrækværket (ca. 1880). Fredet 1918. Udvidet 1993.*;Langesøvej 146, Nordfyns, Danmark;55,4330650;10,2008080
Nordfyns;Sankt Annagade 4;Bogense gamle Rådhus;1945;1846;Classicism;Forhuset (1846), vognporten mod Rådhusstræde samt den forbindende mur med port. Fredet 1945.*;Sankt Annagade 4, Nordfyns, Danmark;;
Nordfyns;Stegøvej 98 A;Stegø Pumpemølle;1972;1817;Classicism;Pumpemøllen (1817). Fredet 1972.;Stegøvej 98 A, Nordfyns, Danmark;55,5732850;10,1139490
Nordfyns;Tørresøvej 167 A-B;Runddelhus;1990;1800;Classicism;Det T-formede bindingsværksgårdanlæg (1800-tallet). Fredet 1990.;Tørresøvej 167 A-B, Nordfyns, Danmark;;
Nordfyns;Jersorevej 31;Jersoregård;1996;1880;Historicism;Den firelængede bondegård med fritliggende stuehus, tre avlslænger samt tilbygning mod nordøst, forbindelsesmurene mellem stuehus og avlslænger (1880) samt den brostensbelagte gårdsplads. Fredet 1996.;Jersorevej 31, Nordfyns, Danmark;55,5882750;10,2184000
Nordfyns;Adelgade 54;Adelgade 54, Bogense;1919;1700;Baroque and rococo;Forhuset (1700-tallet). Fredet 1919.*;Adelgade 54, Nordfyns, Danmark;55,5653120;10,0901100
Nordfyns;Bakkevej 2 B;Otterup Hospital;1924;1720;Baroque and rococo;Hospitalsbygningen (1720). Fredet 1924.;Bakkevej 2 B, Nordfyns, Danmark;55,5186200;10,4011600
Nordfyns;Jerstrupvej 44;Jerstrup;1932;1700;Baroque and rococo;Den trefløjede hovedbygning med udløberfløj mod øst og broanlæg (1700-tallet). Fredet 1932.;Jerstrupvej 44, Nordfyns, Danmark;55,5601480;10,2050220
Nordfyns;Margårdsvej 10;Margård;1918;1745;Baroque and rococo;Hovedbygningen (1745 af Gottfried Rosenberg). Fredet 1918.;Margårdsvej 10, Nordfyns, Danmark;55,4676750;10,2291640
Nordfyns;Tværskovvej 51;Tværskov Mølle;1959;1700;Baroque and rococo;Bindingsværksbygningerne (1700-tallet). Fredet 1959.*;Tværskovvej 51, Nordfyns, Danmark;55,4533930;10,2245770
Nyborg;Adelgade 1 og Korsbrødregade 2;Korsbrødregården, Sankt Hans Gård;1918;1614;Renaissance;Gavlhuset (middelalder, forlænget 1650) og sidefløj mod Adelgade (1614, muligvis af Domenicus Badiaz). Fredet 1918.;Adelgade 1 og Korsbrødregade 2, Nyborg, Danmark;;
Nyborg;Glorupvej 34;Glorup;1918;1580;Renaissance;"Den firefløjede hovedbygning (ca. 1580, helt ombygget 1743-44 af Philip de Lange, atter ombygget 1762-65 af Christian Joseph Zuber; tagrytteren 1773-75) med rundtemplet i haven. Fredet 1918.*";Glorupvej 34, Nyborg, Danmark;55,2062970;10,7077220
Nyborg;Holckenhavn 1;Holckenhavn;1918;1579;Renaissance;"Hovedbygningen (øst- og nordfløj samt del af portpartiet i sydfløj: 1579-85 af Hercules Midow; tårnet midt foran østfløjen og ydre karnaptårne 1596 ff. muligvis af Domenicus Badiaz; vestfløjen og bygningerne ved porthvælvingen 1630 ff.) samt broen med de to lygtestandere og smedejernsrækværket med låger (u.å. formodentlig restaureret 1904-10 af arkitekt August Colding).Fredet 1918*, udvidet 2006.";Holckenhavn 1, Nyborg, Danmark;55,2926510;10,7752960
Nyborg;Juulskovvej 12;Juulskov;1918;1586;Renaissance;Hovedbygningen (1586-99 muligvis af Domenicus Badiaz). Fredet 1918. *;Juulskovvej 12, Nyborg, Danmark;55,3004810;10,6876610
Nyborg;Kongegade 1;Gyldencrones Palæ;1919;1600;Renaissance;Forhus med sidelænger (formentlig 1600-tallet og ca. 1800).Fredet 1919.;Kongegade 1, Nyborg, Danmark;55,3116930;10,7889700
Nyborg;Lykkesholmvej 20;Lykkesholm;1918;1642;Renaissance;"Hovedbygningen (ca. 1600 muligvis af Domenicus Badiaz, 1640'rne og 1780'erne) samt ""Odenseport"" (1642). Fredet 1918.*";Lykkesholmvej 20, Nyborg, Danmark;;
Nyborg;Nyborg Volde og Lindealléen 1;Nyborg Volde;1918;1600;Renaissance;Befæstningsanlægget med græsklædte og beplantede jordvolde, to porte og magasin (1600-tallet af Henrick Ruse og 1700-tallet) samt Landporten (1666 og senere) og Jomfrutårnet. Fredet 1918.*;Nyborg Volde og Lindealléen 1, Nyborg, Danmark;;
Nyborg;Ravnholtsvej 57;Ravnholt;1932;1620;Renaissance;Den trefløjede hovedbygning med tværfløj (ca. 1620, kapellet fra 1737, ombygget 1864-70 af H.A.W. Haugsted). Fredet 1932.;Ravnholtsvej 57, Nyborg, Danmark;;
Nyborg;Slotsgade 11;Mads Lerches Gård;1918;1601;Renaissance;Forhuset (1601), østlige sidehus (1637), vestlige sidehus (1634) samt gårdspladsens brolægning. Fredet 1918.;Slotsgade 11, Nyborg, Danmark;55,3115940;10,7885760
Nyborg;Torvet 1;Nyborg Rådhus;1919;1585;Renaissance;Rådhusbygningen (1585-86, genopført efter brand 1803, ombygget 1862 af Vilhelm Tvede, 1899 af August Colding og 1931-36). Fredet 1919.;Torvet 1, Nyborg, Danmark;55,3127020;10,7902380
Nyborg;Ørbæklundevej 1;Ørbæklunde;1918;1631;Renaissance;Hovedbygningen (ca. 1560 og 1593) og den hermed sammenbyggede fløj mod øst (ca. 1630) samt af avlsgården: agerumsladen og den med denne sammenbyggede smallere syd- og østfløj samt sydgavlen af det vest for agerumsladen beliggende hus (1631). Fredet 1918. Udvidet 1987.*;Ørbæklundevej 1, Nyborg, Danmark;55,2456760;10,6695570
Nyborg;Bøjdenvej 116 A;Vindinge Kirkelade;1945;1500;Medieval;Kirkeladebygningen (ca. 1500-50). Fredet 1945.;Bøjdenvej 116 A, Nyborg, Danmark;55,3094680;10,7329860
Nyborg;Korsbrødregade 4;Nyborg Præstegård;1918;1400;Medieval;Forhuset (ca. 1400). Fredet 1918.*;Korsbrødregade 4, Nyborg, Danmark;55,3112670;10,7930930
Nyborg;Rygårdsvej 28;Rygård;1918;1525;Medieval;"Den firefløjede hovedbygning (ca. 1525 og ca. 1550 muligvis af Martin Bussert; tårnet ca. 1593). Fredet 1918.*";Rygårdsvej 28, Nyborg, Danmark;55,1927120;10,6999330
Nyborg;Slotsgade 15;Slotsgade 15;1924;1500;Medieval;Forhuset (slutn. af 1500-tallet og senere). Fredet 1924.*;Slotsgade 15, Nyborg, Danmark;55,3116120;10,7881450
Nyborg;Slotsgade 36-37 (tidl;Slotsgade 34);1918;1200;Medieval;Nyborg Slot. Det resterende slotskompleks bestående af vestfløjen og østtårnet (ca. 1200 og 1549 ff. af Martin Bussert). Fredet 1918.*;Slotsgade 36-37 (tidl, Nyborg, Danmark;;
Nyborg;Svendborgvej 71-75;Svindinge Hospital, Glorups Stiftelse;1964;1500;Medieval;Hospitalsbygningen (1500-tallet og 1853). Fredet 1964.*;Svendborgvej 71-75, Nyborg, Danmark;55,2723887;10,7660430
Nyborg;Adelgade 2 og Kongegade 24;Adelgade 2 og Kongegade 24;1919;1800;Classicism;Det toetages forhus (tidl. apotek) mod Kongegade (ca. 1800) og det dermed sammenbyggede treetagers hjørnehus med facade mod Adelgade (slutn. af 1800-tallet). Fredet 1919.*;Adelgade 2 og Kongegade 24, Nyborg, Danmark;;
Nyborg;Aunslev Kirkevej 3;Aunslev Hospital;1932;1755;Classicism;Hospitalsbygningen (muligvis 1755). Fredet 1932.;Aunslev Kirkevej 3, Nyborg, Danmark;55,3549120;10,7125580
Nyborg;Ferritslevvej 28 A;Kullerup Præstegård;1954;1760;Classicism;Præstegården (1760). Fredet 1954.*;Ferritslevvej 28 A, Nyborg, Danmark;55,3180830;10,7039560
Nyborg;Fyrvej 1A, Knudshoved (jernbaneterræn);Den tidl;1950;1800;Classicism;Isbådsstation. Den tidl. Isbådstation Hovedbygningen med stolpestøttet tagudhæng foran facaden (begyndelsen af 1800-tallet) og alle bygninger omkring den bagvedliggende gård. Fredet 1950.;Fyrvej 1A, Knudshoved (jernbaneterræn), Nyborg, Danmark;;
Nyborg;Grønne Møllevejen 2;Grønne Mølle;1989;1843;Classicism;Vandmølle- og stuehus samt avlslængerne (1843), brolægningen på gårdspladsen og mølledammen med tilhørende dige og dæmning samt kanalerne i haven. Fredet. 1989.*;Grønne Møllevejen 2, Nyborg, Danmark;55,3357140;10,6780660
Nyborg;Juelsbergvej 11 og 11 A-C;Juelsberg;1918;1771;Classicism;Hovedbygningen (1771 af Georg Dietrich Tschierske og Georg Erdman Rosenberg), de to sidefløje (1865-66 af Bernhard Seidelin) med disses forbindelsesfløje to hovedfløjen og støbejernsgitret der forbinder sidefløjene og indrammer gårdspladsen samt tepavillonen (1843 af snedkermester Christian Hansen) og den underliggende iskælder. Fredet 1918.*;Juelsbergvej 11 og 11 A-C, Nyborg, Danmark;;
Nyborg;Kongegade 12;Jacob Enckes Gård;1918;1800;Classicism;Forhuset (ca. 1800), vestre sidehus (slutn. af 1800-tallet), vestre baghus og østre sidehus (ca. 1800). Fredet 1918. Udvidet 1989.;Kongegade 12, Nyborg, Danmark;55,3114680;10,7906980
Nyborg;Korsgade 2;Kalentegården;1919;1800;Classicism;Forhuset (ca. 1800, kælderen middelalderlig). Fredet 1919.*;Korsgade 2, Nyborg, Danmark;55,3123080;10,7899810
Nyborg;Korsgade 4;Korsgade 4;1919;1800;Classicism;Forhuset (ca. 1800). Fredet 1919.*;Korsgade 4, Nyborg, Danmark;55,3118010;10,7900180
Nyborg;Lillemøllevej 14;Lille Mølle;1954;1827;Classicism;Stuehuset med vandmøllen (1827) med to vandhjul, læsserampe og alt nagelfast mølleinventar, det vinkelbyggede udhus (tidligere stald og ladebygning 1827, sener ombygget), de markstensbelagte arealer langs bygningerne og den markstensbelagte gårdsplads, samt stemmeværk med stigbord, malekarm, sliskerne, den kampestenssatte rende ved møllehjulene samt det videre forløb i bagløbet til sammenløbet mod nord med friløbet, stemmeværk og overfaldskant mod frislusen, vejdæmningen, frislusen fra møllesøen til sammenløbet mod nord med bagløbet og møllesøen. Dertil kommer de rød- og hvidmalede rækværk med tilhørende granitpiller og standere langs vejen. Fredet 1954.* Udvidet 2011.*;Lillemøllevej 14, Nyborg, Danmark;55,2840490;10,7045450
Nyborg;Nørregade 1;Rasmus Møllers Gård;1920;1800;Classicism;Forhuset (ca. 1800). Fredet 1920.*;Nørregade 1, Nyborg, Danmark;55,3124690;10,7906800
Nyborg;Risingevej 7;Risinge;1989;1750;Classicism;Det trefløjede anlæg, bestående af hovedbygningen (1750, udvidet 1794 og restaureret 1933) med tårn (1903 af Anton Rosen) og to sidefløje med en på den nordlige fløj påbygget mejeribygning (ca. 1850). Fredet 1989 *;Risingevej 7, Nyborg, Danmark;55,4103730;10,7149730
Nyborg;Rosildevænget 8 M;Vindinge Sprøjtehus;1989;1800;Classicism;Sprøjtehuset (slutn. af 1800-tallet). Fredet 1989.;Rosildevænget 8 M, Nyborg, Danmark;55,3077410;10,7293070
Nyborg;Sentvedvej 1;Sentvedvej 1;1982;1800;Classicism;Den trelængede, stråtækte bindingsværksbygning (ca. 1800). Fredet 1982.*;Sentvedvej 1, Nyborg, Danmark;55,2543370;10,6716510
Nyborg;Slipshavnsvej 51;Slipshavn Lodsstation;1978;1840;Classicism;Lodsstationen (ca. 1840-50). Fredet 1978.*;Slipshavnsvej 51, Nyborg, Danmark;55,2860960;10,8257290
Nyborg;Svendborgvej 99;Hindemae;1939;1790;Classicism;Hovedbygningen (ca. 1790). Fredet 1939.*;Svendborgvej 99, Nyborg, Danmark;55,2723887;10,7660430
Nyborg;Telegrafvej 2;Juelsberg, Optisk Telegraf;1950;1802;Classicism;Telegrafbygningen og hermed sammenbygget beboelseshus (1802, ombygget 1862 efter mastetelegrafens omdannelse til sømærke). Fredet 1950.;Telegrafvej 2, Nyborg, Danmark;55,3155610;10,7756470
Nyborg;Torvet 10;Slotsmøllerens Hus;1987;1755;Classicism;Forhuset og sidehuset (1755 og senere). Fredet 1987.;Torvet 10, Nyborg, Danmark;55,3131070;10,7893360
Nyborg;Dyrehavevej 84;Dyrehave Mølle;1959;1858;Historicism;Vindmøllen (1858). Fredet 1959.*;Dyrehavevej 84, Nyborg, Danmark;55,3012860;10,7804170
Nyborg;Havnegade 2;Havnetoldkammeret;1950;1856;Historicism;Den fritliggende bygning (1856). Fredet 1950.*;Havnegade 2, Nyborg, Danmark;55,3099150;10,7922150
Nyborg;Slotsgade 13;Slotsgade 13;1987;1850;Historicism;Forhuset (ca. 1850 og senere). Fredet 1987.*;Slotsgade 13, Nyborg, Danmark;55,3115970;10,7883030
Nyborg;Slotsgade 503;Nyborg Vandtårn;1997;1899;Historicism;Nyborg vandtårn (1899 af Emil Schwanenflügel). Fredet 1997.;Slotsgade 503, Nyborg, Danmark;55,3118735;10,7876540
Nyborg;Torvet 11;Nyborg Bibliotek;1986;1938;Historicism;Biblioteksbygningerne og det omgivende haveanlæg (1938-39 af Erik Møller, Flemming Lassen og Hans J. Wegner). Fredet 1986.*;Torvet 11, Nyborg, Danmark;55,3125140;10,7885210
Nyborg;Blegdamsgade 14;Blegdamsgade 14;1964;1700;Baroque and rococo;Forhuset (de seks østligste fag fra 1700-tallet, de to vestligste fag fra 1800-tallet), muren med portfag og de to sammenbyggede udhuslænger med halvtagsbygning mod Blegdamsgade. Fredet 1964.*;Blegdamsgade 14, Nyborg, Danmark;55,3139410;10,7861090
Nyborg;Skippergade 26;Skippergade 26;1989;1700;Baroque and rococo;Forhuset (1700-tallet). Fredet 1989.*;Skippergade 26, Nyborg, Danmark;55,3109650;10,7939140
Nyborg;Skippergade 26 A-D;Skippergade 26 A-D;1919;1700;Baroque and rococo;Forhus, østre sidehus og vestre sidehus (1700-tallet). Fredet 1919.*;Skippergade 26 A-D, Nyborg, Danmark;55,3109626;10,7934557
Nyborg;Blegdamsgade 7;Blegdamsgade 7;1959;;;Forhuset og de to selvstændige sidehuse. Fredet 1959.;Blegdamsgade 7, Nyborg, Danmark;55,3140750;10,7868780
Odder;Åkærvej 100 (tidl;nr;1918;1600;Renaissance;89). Åkær. Den trefløjede hovedbygning (antagelig slutn. af 1600-tallet, ombygget 1722). Fredet 1918.*;Åkærvej 100 (tidl, Odder, Danmark;;
Odder;Kongshusvej 68;Monument i Rathlousdals park;1948;1783;Classicism;Monument i parken (1783 af Johannes Wiedewelt). Fredet 1948.*;Kongshusvej 68, Odder, Danmark;55,9649960;10,1245290
Odder;Vadsmøllevej 30;Uldrupgård;1949;beg. 1800;Classicism;De fire bygninger omkring gårdspladsen (beg. 1800-tallet). Fredet 1949.*;Vadsmøllevej 30, Odder, Danmark;;
Odder;Møllevej 3-5;Sandager Mølle;1971;1880;Historicism;Vandmøllen (1880'erne) samt stuehuset (beg. af 1800-tallet).Fredet 1971.*;Møllevej 3-5, Odder, Danmark;55,9707179;10,1396020
Odder;Rosensgade 16, 18 A og 20;Centralhotellet;1993;1908;Historicism;"Det trefløjede bygningskompleks med sammenbygget teatersalsbygning (1908 af Thorvald Bruun; stukarbejdet af K. Hansen Reistrup; glasruden i hotellets trapperum af K. Hansen Reistrup, tilvirket af glarmester Folmer Steffensen). Fredet 1993.*";Rosensgade 16, 18 A og 20, Odder, Danmark;;
Odder;Fallingvej 1 og 3;Gylling Præstegård;1945;1720;Baroque and rococo;Den trelængede hovedbygning (1720, 1859) og udhuset og mnr. 1t: agerumsladen. Fredet 1945. Udvidet 1988.*;Fallingvej 1 og 3, Odder, Danmark;;
Odder;Gyllingvej 31;Dybvad;1950;1700;Baroque and rococo;Den trelængede hovedbygning (1700-tallet). Fredet 1950.;Gyllingvej 31, Odder, Danmark;55,9186190;10,1626020
Odder;Kirkevej 52-54;Randlev Præstegård;1950;1749;Baroque and rococo;Stuehuset (1749) med vinkelbygget avlsbygning i vest og udhus i øst. Fredet 1950.;Kirkevej 52-54, Odder, Danmark;55,9450426;10,1871178
Odder;Rodstensejevej 10;Rodstenseje;1918;1681;Baroque and rococo;Hovedbygningen (1681, tårnet ca. 1720). Fredet 1918.*;Rodstensejevej 10, Odder, Danmark;55,9597970;10,1622050
Odense;Fraugdegårds Allé 7;Fraugdegård;1918;1588;Renaissance;Hovedbygningen (ca. 1588). Fredet 1918.*;Fraugdegårds Allé 7, Odense, Danmark;55,3522680;10,4983330
Odense;Frue Kirkestræde 10-12;Den tidl;1996;1600;Renaissance;Latinskole. Den tidl. latinskole ved Vor Frue Kirke samt det med marksten brolagte areal øst for bygningens østgavl (1600-tallet med middelalderligt fundament, ombyg. 1860 og restaureret 1955 af Axel Jacobsen). Fredet 1996.;Frue Kirkestræde 10-12, Odense, Danmark;55,3974563;10,3949976
Odense;Hollufgårds Allé 6-12 og Hestehaven 201;Hollufgård;1918;1576;Renaissance;Hovedbygningen (1576-77), sidefløjen (1835), nordfløjen (1835) og muren mellem nordfløj og sidefløj, Sneglehøjen (1760) og ishuset (1820). Fredet 1918. Udvidet 1989. Delvis bevaringsdeklaration *.;Hollufgårds Allé 6-12 og Hestehaven 201, Odense, Danmark;;
Odense;Lindvedvej 73-75 (tidl;71-77);1944;1600;Renaissance;Lindved. Hovedbygningen (1600-tallet) med den grundmurede sidefløj (1842) samt vandmøllen (1847). Fredet 1944.*;Lindvedvej 73-75 (tidl, Odense, Danmark;;
Odense;Nørregade 29;Oluf Bagers Mødrenegård, tidl;1919;1586;Renaissance;"Amtstuegård. Forhuset med tilstødende i forlængelse af hinanden liggende to sidelænger på ni og 18 fag (forhuset og dermed sammenbygget sidehus på ni fag fra 1586; det dertil føjede sidehus på 18 fag fra ca. 1830). Fredet 1919.*";Nørregade 29, Odense, Danmark;55,3981410;10,3886290
Odense;Overgade 19;Overgade 19;1919;1570;Renaissance;Bebyggelsen mod Overgade, Påskestræde og Adelgade, gårdens vestlænge (1570 og senere) samt den pigstensbelagte gårdsplads.Fredet 1919. Udvidet 1978 og 2000.*;Overgade 19, Odense, Danmark;55,3970810;10,3913240
Odense;Overgade 28 E-F-G-H og 30;Overgade 28 E-H og 30;1983;1600;Renaissance;Forhuset (1600-tallet, forhøjet i 1930'rne) og baghuset (ca. 1750). Fredet 1983.*;Overgade 28 E-F-G-H og 30, Odense, Danmark;;
Odense;Overgade 48-50 og Møntestræde 4;Museet, Falk Gøyes Gård, Ejler Rønnows Gård;1918;1646;Renaissance;"Falk Gøyes gård"": forhus mod Overgade, inkl. sammenbygget portbygning, med gavl mod Mønterstræde samt i vinkel hermed sammenbygget sidehus mod Møntestræde (1646).* ""Ejler Rønnows gård"": forhus i bindingsværk mod Møntestræde (1547 af Mads Rab, flyttet 1939 fra Nørregade 62). ""Jomfru Pernille Lykkes våninger"": to sammenbyggede forhuse i bindingsværk mod Møntestræde (1617, 1730, ombygget ca. 1850). Fredet 1918.";Overgade 48-50 og Møntestræde 4, Odense, Danmark;;
Odense;Albani Torv 6;Odense Adelige Jomfrukloster;1918;1504;Medieval;Den grundmurede hovedbygning (1504-08, 1560-61 muligvis af Frederik Klingebeck og ca. 1630) og den dermed sammenbyggede, lave bindingsværkslænge. Fredet 1918.*;Albani Torv 6, Odense, Danmark;55,3961990;10,3914140
Odense;Dalumvej 105;Christiansdal, Dalum Kloster;1918;middelalderlig;Medieval;Hovedbygningens nordfløj (middelalderlig, ombygget ca. 1800). Fredet 1918. Delvis ophævet 2017;Dalumvej 105, Odense, Danmark;55,3635200;10,3737700
Odense;Gråbrødre Plads 1;Gråbrødre Kloster;1918;1279;Medieval;Alle bygninger omkring den lukkede firkantede gård samt kirkelængen i syd (1279 ff., ca. 1350, ombygget 1793-96), udbygningen i øst (1768, ombygget 1869), hovedbygningen mod syd (1871) og det nordligt på grunden beliggende anneks (1837). Fredet 1918.;Gråbrødre Plads 1, Odense, Danmark;55,3967470;10,3858760
Odense;Klaregade 17;Sankt Clara Klostrets kælder;1959;1250;Medieval;Sankt Clara Klostrets kælder (1250 til 1300). Fredet 1959.;Klaregade 17, Odense, Danmark;55,3939100;10,3858450
Odense;Klaregade 25;Sankt Clara Klostrets kælder;1959;;Medieval;Den østligste ende af Sankt Clara Klostrets kælder. Fredet 1959.;Klaregade 25, Odense, Danmark;55,3935890;10,3864440
Odense;Klosterbakken 2 og Klingenberg 18;Sankt Knuds Kloster;1918;1200;Medieval;"De to sammenbyggede østfløje (den nordlige østfløj, Konsistoriebygningen 1250-1300, ombygget 1755; den sydlige østfløj 1915-19), sydfløjen med udbygningen mod syd (1200-1300, ombygget 1915-19) samt vestfløjen (1450-1550, ombygget 1915-19). Mnr. 327a, Fredet 1918. Mnr. 325a*, Fredet 1924.";Klosterbakken 2 og Klingenberg 18, Odense, Danmark;;
Odense;Nørregade 15;Helvig Hardenbergs Gård;1919;1500;Medieval;Forhuset (1500-tallet). Fredet 1919.;Nørregade 15, Odense, Danmark;55,3976860;10,3890220
Odense;Nørregade 36-38;Odense Slot;1918;middelalderlig;Medieval;"Det firefløjede bygningskompleks med verbindende kirkefløj til Sankt Hans Kirke samt tilbygningen mod syd i østfløjens forlængelse (østfløjen med forbindelsesbygning til Sankt Hans Kirke middelalderlig, men ombygget ca. 1720; syd- og vestfløje fra middelalder og ca. 1560-80, ombygget ca. 1720; nordfløjen nybygget 1719-25 af Johan Cornelius Krieger; tilbygningen mod syd i østfløjens forlængelse 1837 af Jørgen Hansen Koch). Fredet 1918.";Nørregade 36-38, Odense, Danmark;55,3983152;10,3882368
Odense;Nørregade 42;Sankt Hans Præstegård;1918;1450;Medieval;Hovedbygningen (ca. 1450, forhøjet 1636), hegnsmure og udhuset på grundens nordøstre hjørne. Fredet 1918. Udvidet 1951.;Nørregade 42, Odense, Danmark;55,3995430;10,3882630
Odense;Overgade 28 A-B-C-D;Overgade 28 A-D;1919;1500;Medieval;Forhuset mod Overgade (midten af 1500-tallet), de to sidebygninger mod Overstræde (middelalder og beg. af 1700-tallet), tværhuset samt sidehuset i gården (midten af 1700-tallet). Fredet 1919.*;Overgade 28 A-B-C-D, Odense, Danmark;;
Odense;Overgade 37;Overgade 37;1919;;Medieval;Det middelalderlige murværk i forhusets sydmur mod gård og sidehus. Fredet 1919.;Overgade 37, Odense, Danmark;55,3975110;10,3928180
Odense;Skomagerstræde 1 (tidl;Albani Torv 11);1919;1500;Medieval;Skomagerstræde 1 (tidl. Albani Torv 11). Den middelalderlige bygningsdel med hvælvet kælder, (ca. 1500) (flyttet fra Overgade 3, matr.nr. 407). Fredet 1919.;Skomagerstræde 1 (tidl, Odense, Danmark;;
Odense;Frederiksgade 2-4 og Christiansgade 2-8;Sukkergården;1950;1840;Classicism;Bygningerne ud mod Frederiksgade og Christiansgade samt beboelseshuset, der ligger til åen med gavl mod Frederiksgade (1840-41). Fredet 1950.*;Frederiksgade 2-4 og Christiansgade 2-8, Odense, Danmark;;
Odense;Lille Gråbrødrestræde 1;Hovedpostbygningen, Den gamle Latinskole;1945;1845;Classicism;Det samlede bygningskompleks mellem Lille Gråbrødrestræde og Asylgade (1845 af Jørgen Hansen Koch). Fredet 1945.*;Lille Gråbrødrestræde 1, Odense, Danmark;55,3964190;10,3867450
Odense;Londongade 4;Havnetoldkammeret;1950;1830;Classicism;Havnetoldkammeret med lavere sidefløje (opført 1830, ombygget og udvidet 1847 af N.S. Nebelong). Fredet 1950. *;Londongade 4, Odense, Danmark;55,4062580;10,3833240
Odense;Nedergade 36;Lahns Stiftelse;1919;1804;Classicism;Forhuset (1804 af Johan Hanck). Fredet 1919.*;Nedergade 36, Odense, Danmark;55,3971100;10,3944020
Odense;Nørregade 45 A-B-C-D;Nørregade 45 A-D;1971;1841;Classicism;Forhus (1841, forhøjet med en etage 1869, facaden 1869) med sidehuse i nord (1869) og syd (1887). Fredet 1971.*;Nørregade 45 A-B-C-D, Odense, Danmark;;
Odense;Overgade 60;Overgade 60;1919;1764;Classicism;Forhuset (1764, restaureret 1960-62 af Hans Henrik Engqvist og Karsten Rønnow). Fredet 1919.*;Overgade 60, Odense, Danmark;55,3980670;10,3952350
Odense;Overgade 64;Overgade 64;1919;1840;Classicism;Forhuset (1840-47). Fredet 1919.*;Overgade 64, Odense, Danmark;55,3981300;10,3955660
Odense;Overgade 66;Overgade 66;1945;1760;Classicism;Forhuset (ca. 1760 muligvis af Georg Dietrich Tschierske). Fredet 1945.;Overgade 66, Odense, Danmark;55,3981670;10,3957940
Odense;Sanderumgårdsvej 150;Sanderumgård, Tankefuld og Sommerlyst;1945;1800;Classicism;"Pavillonerne ""Tankefuld"" og ""Sommerlyst"" i parken, Den sidste med tilhørende stakit, trappe, kors og gravsten (ca. 1800). Fredet 1945.*";Sanderumgårdsvej 150, Odense, Danmark;;
Odense;Slettensvej 292-294;Lumby Mølle;1959;1820;Classicism;Hele anlægget - Vindmølle, stuehus, magasinbygning, bloksavsbygning, husmandshus og udhus. (1820 og senere) Fredet. 1959.*;Slettensvej 292-294, Odense, Danmark;55,4348929;10,3666714
Odense;Staupudevej 2;Åsum gamle Smedie;1970;1819;Classicism;Smedien og stuehuset (1819). Fredet 1970.*;Staupudevej 2, Odense, Danmark;55,3991010;10,4624100
Odense;Buchwaldsgade 33;Thomas B;2005;1915;Historicism;Thriges Kraftvarmeværk. Thomas B. Thriges Kraftvarmeværk (1915-16 af Niels Jacobsen). Fredet 2005. *;Buchwaldsgade 33, Odense, Danmark;55,4064020;10,3885050
Odense;Fruens Bøge Skov 4 (tidl;Skovalléen 34);1992;1876;Historicism;Fruens Bøge Station. Hovedbygningen og pakhuset (1876 af H.A.W. Haugsted). Fredet 1992. *;Fruens Bøge Skov 4 (tidl, Odense, Danmark;;
Odense;Hunderupvej 34;Hunderupvej 34;1994;1902;Historicism;Den vinkelbyggede beboelsesejendom med segmentfronton over midterpartiet (1902 af Anton Rosen). Fredet 1994.*;Hunderupvej 34, Odense, Danmark;55,3901250;10,3891350
Odense;Jernbanegade 13;Fyns Kunstmuseum;2020;1884;Historicism;"Forhus og tilbygning (1884-85 af Frederik Emil Andersen og Emil Schwanenflügel; udvidet 1896-97 af Niels Jacobsen) samt de umiddelbare omgivelser på matr.nr. 1281. Fredet 2020";Jernbanegade 13, Odense, Danmark;55,3976890;10,3852900
Odense;Jernbanegade 36;Landsarkivet;1984;1892;Historicism;Arkivbygningen og arkivarboligen med læsesal samt mellembygningen (1892-93 af Martin Borch). Fredet 1984.;Jernbanegade 36, Odense, Danmark;55,3997950;10,3835230
Odense;Korupvej 21;Korupvej 21;2003;1927;Historicism;Det fritliggende stuehus, vaskehus, de tre sammenbyggede avlslænger, den mellem vaskehus og stald forbindende mur med portbue (alt fra 1900), møddingen, den jorddækkede roekule, en trælade (1927) med hønsehus samt hønsehuset øst for gården, gårdspladsen med markstensbelægninger, hundehuset (1900), alléen i indkørslen og hækkene langs vej og ved den østlige indkørsel. Fredet 2003.;Korupvej 21, Odense, Danmark;55,4287700;10,2814180
Odense;Møllegyden 18;Møllegyden 18;1998;1930;Historicism;Den firelængede bondegård (stuehuset 1860, vestlængen 1800, sydlængen 1870, østlængen med tilbygning 1916) samt svinestalden (1930), due- og hønsehuset (før 1934), frugtkælder (1960) samt stensætningen i haven, stendiget med tjørnehæk og gårdspladsen. Fredet 1998.;Møllegyden 18, Odense, Danmark;55,3462190;10,2692770
Odense;Nedergade 7;Nedergade 7;1983;1896;Historicism;Forhuset (mellem 1837 og 1847), de to sidehuse (østre ca. 1800, vestre 1855) og tværhuset (1896) samt gårdspladsens brolægning. Fredet 1983.*;Nedergade 7, Odense, Danmark;55,3970730;10,3921260
Odense;Ryttervejen 12;Bankegården;1990;1873;Historicism;"Gårdanlægget (stuehus 1873, bryggers 1770 og 1890; tærskelade 1857 og 1870; portlængen 1883 og stalden ca. 1850) samt det fritliggende tørvehus og den brolagte gårdsplads. Fredet 1990.*";Ryttervejen 12, Odense, Danmark;55,3991830;10,4663410
Odense;Vestergade 70-72 og Lottrups Gård 6 og 9;Vestergade 72;1984;1857;Historicism;Sidehuset mod vest (ca. 1800, udvidet ca. 1830), pakhuset mod syd (1857) og sidehuset mod øst (beg. af 1800-tallet). Fredet 1984.*;Vestergade 70-72 og Lottrups Gård 6 og 9, Odense, Danmark;;
Odense;Vestergade 73;Brandts Klædefabrik;1983;1857;Historicism;Forhuset (1857). Fredet 1983.*;Vestergade 73, Odense, Danmark;55,3945430;10,3819430
Odense;Vosemosevej 10 (tidl;Vosemosegyden 51);1988;1888;Historicism;Vosemose Gård. Stuehus og folkebygning (1888) samt vandmøllen (1836-37). Fredet 1988.;Vosemosevej 10 (tidl, Odense, Danmark;;
Odense;Åsum Bygade 15;Brejngård, Åsum Bygade 15;2005;1866;Historicism;Brejngaard bestående af det fritliggende stuehus (1866), de tre sammenbyggede avlslænger med 2 udløberfløje, den pigstensbelagte gårdsplads med vandpost, møddingen, frugtlagerer (1911) og maskinhuset (1914) samt brændehuset (1866). Fredet 2005. *;Åsum Bygade 15, Odense, Danmark;55,4044940;10,4653450
Odense;Blangstedgårds Allé 92;Blangstedgård;1983;1700;Baroque and rococo;Agerumsladen (1700-tallet). Fredet 1983.;Blangstedgårds Allé 92, Odense, Danmark;55,3812900;10,4455760
Odense;Højbjergvej 140;Højbjerggård;1984;1696;Baroque and rococo;Det firelængede anlæg med tilbygninger, svinehus og brændehus (1696, 1828, 1846), forrådskulen i haven samt gårdspladsens pigstensbelægning, den stensatte møddingsplads, samtlige pigstensbelægninger omkring bygningerne og stensætningen mod øst. Fredet 1984. Udvidet 2018;Højbjergvej 140, Odense, Danmark;55,4117640;10,2380480
Odense;Mindelundsvej 59;Seden Hospital;1945;1736;Baroque and rococo;Hospitalsbygningen (1736). Fredet 1945.*;Mindelundsvej 59, Odense, Danmark;55,4285530;10,4332170
Odense;Overgade 24-26 og Overstræde 2A-2B;Paghs Gård;1919;1700;Baroque and rococo;Bebyggelsen mod Overgade, Overstræde og Bangs Boder samt gårdens vestlænge (1700-1800-tallet, hvælvet kælder ca. 1500). Fredet 1919. Udvidet 1978.*;Overgade 24-26 og Overstræde 2A-2B, Odense, Danmark;;
Odense;Vestergade 70;Vestergade 70;1984;1700;Baroque and rococo;Sidehuset af bindingsværk (1700-tallet). Fredet 1984.*;Vestergade 70, Odense, Danmark;55,3945000;10,3832160
Odense;Filosofgangen 10;Bispens Lysthus;2004;;;Lysthuset. Fredet 2004;Filosofgangen 10, Odense, Danmark;55,3928690;10,3857410
Odense;Hans Jensens Stræde 45 (tidl. nr. 37); H.C. Andersens Hus;1919;;;Forhuset. Fredet 1919.;Hans Jensens Stræde 45 (tidl, Odense, Danmark;;
Odense;Klaregade 42 (Klosterbakken 13);Odense tidl;1954;;;Tugthus. Forhuset mod Klaregade. Fredet 1954.;Klaregade 42 (Klosterbakken 13), Odense, Danmark;;
Odense;Overgade 41 og Nedergade 24;Overgade 41 og Nedergade 24;1919;;;Forhuset mod vest og det dermed sammenbyggede sidehus, forhuset mod øst og det i gården liggende mindre bindingsværkshus samt forhuset ud mod Nedergade. Fredet 1919.*;Overgade 41 og Nedergade 24, Odense, Danmark;;
Odsherred;Korshage Fjordvej 1;Korshage Fjordvej 1;1999;1960;Modernism;Sommerhuset, garagen og gæstehuset (henholdsvis 1960, 1965 og 1986 af Erik Korshagen) samt stenbelægningerne omkring og imellem bygningerne. Fredet 1999.*;Korshage Fjordvej 1, Odsherred, Danmark;55,9677770;11,7742920
Odsherred;Linneavej 5;Linneavej 5;2004;1967;Modernism;Sommerhuset med tilhørende læmur og flisebelægninger (opført 1967 af Gerhdt Bornebusch). Fredet 2004. *;Linneavej 5, Odsherred, Danmark;55,9525350;11,4380530
Odsherred;Røgerivej 1;Det Runde Hus;2000;1956;Modernism;Villaen med tilhørende terrasse (1956 af Arne Jacobsen). Fredet 2000.*;Røgerivej 1, Odsherred, Danmark;55,9735620;11,3598110
Odsherred;Dragsholm Allé 1;Dragsholm;1918;ca. 1250;Medieval;"Den trefløjede hovedbygning (ca. 1250, udbygget i senmiddelalder; østpartiet ca. 1637 af Lorenz van Steenwinckel; stor regulerende ombygning 1697, tilføjelser af J.D. Herholdt ca. 1865). Fredet 1918.*";Dragsholm Allé 1, Odsherred, Danmark;55,7712380;11,3908250
Odsherred;Lumsås Møllevej 6;Lumsås Mølle;1964;1837;Classicism;Vindmøllen (1837). Fredet 1964.;Lumsås Møllevej 6, Odsherred, Danmark;55,9398660;11,5162650
Odsherred;Smedestræde 8;Peters Hus;1983;ca. 1800;Classicism;Det stråtækte, 14 fag lange bindingsværkshus (ca. 1800). Fredet 1983.*;Smedestræde 8, Odsherred, Danmark;55,9423930;11,7528070
Odsherred;Søndergade 23;Ellemosegård;2003;1777;Classicism;Den firelængede gård, bestående af stuehuset (1777 med senere tilføjelser), vestlængen (1777), sydlængen (ca. 1842), østlængen (1850 ombygget 1918) og den pikstensbelagte gårdsplads med slibesten og gråpæretræ. Fredet 2003.;Søndergade 23, Odsherred, Danmark;55,7464260;11,4571520
Odsherred;Søndervangsvej 7;Rørvig Mølle;1964;1842;Classicism;Vindmøllen (1842). Fredet 1964.*;Søndervangsvej 7, Odsherred, Danmark;55,9379880;11,7516730
Odsherred;Ved Kirken 6;Egebjerg Præstegård;1964;1776;Classicism;Stuehuset, portlængen med de to sidelænger og to fløjhuse (1776). Fredet 1964.;Ved Kirken 6, Odsherred, Danmark;55,8456490;11,6812250
Odsherred;Annebergparken 26, 26 A, 26 B, 28 A, 28 B, 28 C, 28 D, 35, 48, 50 og 52 matr.nr;1 ac, portnerboligen, matr, nr, 1 eg og vægterboligen matr;2009;1913;Historicism;Nr. 1 dz, alle Annebjerggård, Nykøbing Sj. Jorder,. Annebergparken. Grønnegårdskomplekset med bygninger og anlæg på det tidligere Sindssygehospital, beliggende Annebergparken 26, 26 A, 26 B, 28 A, 28 B, 28 C, 28 D, 35, 48, 50 og 52 matr.nr. 1ac, portnerboligen, matr.nr. 1eg og vægterboligen matr.nr. 1dz, alle Annebjerggård, Nykøbing Sj. Jorder, samt søjler ved indkørslen til og alleen mod Grønnegårdskomplekset, Odsherred Kommune. (1913-15 ved arkitekt Kristoffer Nyrop Varming). Fredet 2009. *;Annebergparken 26, 26 A, 26 B, 28 A, 28 B, 28 C, 28 D, 35, 48, 50 og 52 matr.nr, Odsherred, Danmark;;
Odsherred;Annebergparken 32;Annebergparken, kapel og kirkegård;2007;1915;Historicism;Kapel og kirkegård med stendige og jernlåge (1915, arkitekt Kristoffer Varming, gravpladsen ved landskabsarkitekt J.P.Andersen). Fredet 2007;Annebergparken 32, Odsherred, Danmark;55,9122810;11,6595450
Odsherred;Gudmindrup Skovsti 15;Knarken;1985;1937;Historicism;Sommerboligen (1937 af Arne Jacobsen). Fredet 1985.;Gudmindrup Skovsti 15, Odsherred, Danmark;55,9040940;11,5320910
Odsherred;Holtets Plads 1;Den tidl;1991;1868;Historicism;råd-, ting- og arrestbygning i Nykøbing S. Den tidl. råd-, ting- og arrestbygning (1868 af N.S. Nebelong). Fredet 1991.;Holtets Plads 1, Odsherred, Danmark;55,9242640;11,6701890
Odsherred;Højskolevej 17;Hytten;1986;1889;Historicism;Den træbeklædte bindingsværksbygning med sidehus i nordwest, halvtag mod øst samt terrasse og udskud mod syd (1889 af Martin Nyrop). Fredet 1986.*;Højskolevej 17, Odsherred, Danmark;55,7431540;11,4275820
Odsherred;Højskolevej 19;Håndværkerskolen (tidl.);1986;1880;Historicism;Vinkelbygningen (1880 af Andreas Bentsen, opr. Håndværkerskole). Fredet 1986.*;Højskolevej 19, Odsherred, Danmark;55,7431850;11,4269830
Odsherred;Højskolevej 21;Højskolevej 21;1986;1879;Historicism;Den træbeklædte bindingsværksbygning med udbygninger (1879 af Andreas Bentsen). Fredet 1986.*;Højskolevej 21, Odsherred, Danmark;55,7430220;11,4267250
Odsherred;Højskolevej 4;Vallekilde Højskoles væve- og sløjdskole;1986;ca. 1888;Historicism;Den toetages bygning med veranda (ca. 1888 af Andreas Bentsen, som væve- og sløjdskole, ombygget 1918 af Ivar Bentsen). Fredet 1986.*;Højskolevej 4, Odsherred, Danmark;55,7436560;11,4280680
Odsherred;Højskolevej 9;Vallekilde Højskole;1983;1866;Historicism;De ældste bygninger (1866, tilbygning fra 1876 og om- og tilbygning fra 1907 af Martin Nyrop) samt øvelseshuset (1884 af Andreas Bentsen og Martin Nyrop). Fredet 1983. Udvidet 1994.*;Højskolevej 9, Odsherred, Danmark;55,7434820;11,4292520
Odsherred;Klintvej 64;Klintegården;1985;1917;Historicism;Den trefløjede bygning med brønd og hegnsmur samt den korsformede kampestensfod til flagstangen (1917 af P.V. Jensen-Klint). Fredet 1985.*;Klintvej 64, Odsherred, Danmark;55,9443320;11,6083800
Odsherred;Stenstrupvej 41;Stenstrup Forsamlingshus;1980;1880;Historicism;Forsamlingshuset (1880) og den hermed sammenbyggede bestyrerbolig (1900 og senere mellembygning). Fredet 1980.*;Stenstrupvej 41, Odsherred, Danmark;55,9270860;11,5523130
Odsherred;Kolåsvej 10 A;Rødegård, Forpagterbolig under Dragsholm;1954;ca. 1650;Baroque and rococo;Den trelængede, rødkalkede bindingsværksgård (ca. 1650). Fredet 1954.*;Kolåsvej 10 A, Odsherred, Danmark;55,7826770;11,4006780
Odsherred;Toldbodvej 73;Lodsoldermandens Hus;1939;1681;Baroque and rococo;Det trelængede anlæg (1681 og senere). Fredet 1939.*;Toldbodvej 73, Odsherred, Danmark;55,9455660;11,7660180
Randers;Brødregade 24;Brødregade 24;1918;1592;Renaissance;Forhuset (1592). Fredet 1918. *;Brødregade 24, Randers, Danmark;56,4594170;10,0375880
Randers;Brødregade 26;Brødregade 26;1918;1592;Renaissance;Forhuset (1592 og 1800-tallet). Fredet 1918.*;Brødregade 26, Randers, Danmark;56,4593270;10,0376180
Randers;Kirkegade 17;Kirkegade 17;1919;1620;Renaissance;Hjørnebygningen (ca. 1620). Fredet 1919.;Kirkegade 17, Randers, Danmark;56,4599470;10,0334000
Randers;Overgårdsvej 28;Overgård;1918;1540;Renaissance;Den trefløjede hovedbygning (1540'rne, vestfløjen 1700, tårnet forhøjet 1730). Fredet 1918.;Overgårdsvej 28, Randers, Danmark;56,6842260;10,2496180
Randers;Snaregade 2;Snaregade 2;1919;renæssance;Renaissance;Forhuset (renæssance). Fredet 1919.;Snaregade 2, Randers, Danmark;56,4607650;10,0354340
Randers;Store Kirkestræde 2;Store Kirkestræde 2;1918;1626;Renaissance;Forhuset (bindingsværkshuset fra 1626, det grundmurede hjørnehus fra 1853). Fredet 1918.*;Store Kirkestræde 2, Randers, Danmark;56,4596940;10,0341700
Randers;Storegade 13;Niels Ebbesens Gård, Rådmand Jens Jensens Gård;1918;1643;Renaissance;Forhuset (de 10 sydligste fag 1643, de tre nordligste formentlig 1741), sidehus med svale (1643) med tilbygninger mod nord (ca. 1741), syd (ca. 1800) og øst (ca. 1750) samt det nord herfor beliggende halvtagshus og det med dette sammenbyggede toetages house (ca. 1575-1600, opr. hørende to Storegade 11). Fredet 1918.*;Storegade 13, Randers, Danmark;56,4578470;10,0384700
Randers;Vestergrave 42;Store Rosengård;1919;1600;Renaissance;Forhuset (1600-tallet). Fredet 1919.;Vestergrave 42, Randers, Danmark;56,4575140;10,0374550
Randers;Vestergrave 44;Vestergrave 44;1919;1600;Renaissance;Forhuset (1600-tallet). Fredet 1919.;Vestergrave 44, Randers, Danmark;56,4574570;10,0377460
Randers;Vestergrave 48;Vestergrave 48;1919;1649;Renaissance;Forhuset (1649). Fredet 1919.*;Vestergrave 48, Randers, Danmark;56,4575070;10,0382500
Randers;Erik Menveds Plads 1;Helligåndshuset;1918;1470;Medieval;Helligåndshuset (formentlig 1470'erne). Fredet 1918.;Erik Menveds Plads 1, Randers, Danmark;56,4604130;10,0356680
Randers;Rådhustorvet 7;Påskesønnernes Gård;1918;1460;Medieval;Forhuset (ca. 1460). Fredet 1918.*;Rådhustorvet 7, Randers, Danmark;56,4611200;10,0360280
Randers;Sognevej 22;Kousted Kirkelade;1964;middelalder;Medieval;Kirkeladen (middelalder og senere). Fredet 1964.;Sognevej 22, Randers, Danmark;56,5141070;9,9018570
Randers;Frisenvoldvej 22;Frisenvold;1939;1800;Classicism;Hovedbygningen inkl. den overdækkede veranda mod nord, beboelsesbygningen vest for denne og staldlængen (ca. 1800). Fredet 1939.;Frisenvoldvej 22, Randers, Danmark;56,4147180;9,9709040
Randers;Mariagervej 261;Henrikseje;1950;1791;Classicism;Hovedbygningen (1791), laden og gårdens østlænge. Fredet 1950.;Mariagervej 261, Randers, Danmark;56,5006200;10,0226790
Randers;Mariagervej 450;Hvidsten Kro;1987;1790;Classicism;Krobygningen og den tidl. rejsestald (1790) og beboelseslængen, den fritliggende bygning syd for denne, det vinkelbyggede avlsgårdsanlæg samt tre fritliggende krobygninger (mellem 1925 og 1944 af Marius Fiil) nord for hovedanlægget nærmest Mariagervej. Fredet 1987.*;Mariagervej 450, Randers, Danmark;56,5501580;10,0021350
Randers;Middelgade 2;Svaneapoteket;1919;1802;Classicism;Forhuset (1802 af Mathias Poulsen), de to sidehuse (det sydøstre ca. 1700, forhøjet ca. 1850) samt baghuset. Fredet 1919. Udvidet 1985. *;Middelgade 2, Randers, Danmark;56,4591500;10,0362830
Randers;Nørregade 7;Nørregade 7;1919;1770;Classicism;Forhuset (ca. 1770, ombygget ca. 1800, hjørnehuset 1781). Fredet 1919.*;Nørregade 7, Randers, Danmark;56,4618520;10,0354640
Randers;Rådhusstræde 1;Randers Rådhus;1918;1778;Classicism;Rådhusbygningen (1778-79 af Christian Mørup, spiret 1794). Fredet 1918.*;Rådhusstræde 1, Randers, Danmark;56,4608690;10,0369790
Randers;Stationsvej 45;Spentrup Præstegård;1918;1794;Classicism;Stuehus (1794-95). Fredet 1918.;Stationsvej 45, Randers, Danmark;56,5393880;10,0336110
Randers;Udbyhøjvej 30-32;Nørrejyllands Tøjhus;1918;1801;Classicism;På matr.nr. 1a: Bøssemagerbygningen, Laboratoriet, Vestre Kaserne, Underofficersboligen, Låseteknikerbygningen og Højestbefalendes Bolig, Arsenalbygningen i tre fløje, Bestyrerboligen, Østre Kaserne samt Vagt- og Marketenderibygningen, pigstensbelægningen og de fire stenborner med jernkæder placeret mellem Vagt- og Marketenderibygningen og Udbyhøjvej. På matr.nr. 1b: Krudthuset og volden omkring krudthuset. På matr.nr. 974e: hegnsmure med porte (Arsenalbygningen 1801-02, øvrige bygninger 1805, alle af Anders Kruuse). Fredet 1918. Udvidet 2003.*;Udbyhøjvej 30-32, Randers, Danmark;56,4799718;10,0827876
Randers;Vasevej 9;Fussingø;1918;1796;Classicism;Hovedbygningen (ca. 1796-98). Fredet 1918.;Vasevej 9, Randers, Danmark;56,4735360;9,8437680
Randers;Von Hattenstræde 7;Von Hattenstræde 7;1919;1799;Classicism;Forhuset (1799). Fredet 1919.;Von Hattenstræde 7, Randers, Danmark;56,4606470;10,0329660
Randers;Østergade 19;Amtmandsboligen, Christineberg (tidl.);1919;1828;Classicism;Forhuset (1828). Fredet 1919. *;Østergade 19, Randers, Danmark;56,4627130;10,0420440
Randers;Gammel Hadsundvej 3;Hadsundvejens Skole;2003;1912;Historicism;Hadsundvejens Skole, bestående af hovedbygningen, gymnastikbygningen og spærremuren med port samt retiradebygningen og skolegården (1912 af Johannes Mynster). Fredet 2003.;Gammel Hadsundvej 3, Randers, Danmark;56,4659610;10,0393570
Randers;Hobrovej 84A;Randers Vandtårn;2017;1907;Historicism;Vandtårnet med udskud på bagsiden (1907 af Jens Peter Jensen-Værum). Fredet 2017;Hobrovej 84A, Randers, Danmark;56,4695210;10,0185150
Randers;Houmeden 2-4 og Rådhustorvet 1;Houmeden 2-4 og Rådhustorvet 1;1919;1850;Historicism;Det enogtyvefags bindingsværksshus (ca. 1570) og sidebygningen med tilbygning (1850). Fredet 1919.*;Houmeden 2-4 og Rådhustorvet 1, Randers, Danmark;;
Randers;Langå, over Gudenåen;Amtmand Hoppes Bro;1986;1905;Historicism;Vejbroen af jernbeton over Gudenåen (1905 af Christiani & Nielsen). Fredet 1986.;Langå, over Gudenåen, Randers, Danmark;;
Randers;Langå-broen mellem matr;nr;1998;1862;Historicism;18b, Løjstrup og nr. 52, Langå. Langå-broen. Jernbanebroen med pladejernsdragere over Gudenåen (1862). Fredet 1998.;Langå-broen mellem matr, Randers, Danmark;;
Randers;Møllestræde 8;Tinghuset;1988;1861;Historicism;Tinghuset (1861-62 af Ferdinand Meldahl). Fredet 1988.;Møllestræde 8, Randers, Danmark;56,4628890;10,0361250
Randers;Rosengade 1;Rosengade 1;1984;1850;Historicism;Forhuset (1850) og baghuset (1853). Fredet 1984.*;Rosengade 1, Randers, Danmark;56,4611310;10,0372350
Randers;Rådmands Boulevard 20;Randers Statsskole;1986;1923;Historicism;De fire fløje med to udløberfløje i syd og to i nord (1923-25 af Hack Kampmann s.m. Christian Kampmann og Johannes Frederiksen) samt omgivelserne. Fredet 1986, udvidet 2007.;Rådmands Boulevard 20, Randers, Danmark;56,4693250;10,0260580
Randers;Sandgade 11;Ridehuset;1988;1857;Historicism;Ridehuset (1857 af Jens Peter Jensen Wærum). Fredet 1988.;Sandgade 11, Randers, Danmark;56,4629830;10,0409800
Randers;Strømmen 32;Strømmen Station;2005;1905;Historicism;Strømmen Station (1905 af Heinrich Wenck) bestående af stationsbygning, pakhus og perron. Fredet 2005.;Strømmen 32, Randers, Danmark;56,4520540;10,0460960
Randers;Thorsgade 24, 26, 34 og 36;Thorsgade Kaserne;1988;1881;Historicism;Den trefløjede mandskabsbygning, officersbygningen, gymnastiksalen og smedien (1881 af Jens Peter Jensen Wærum). Fredet 1988. *;Thorsgade 24, 26, 34 og 36, Randers, Danmark;;
Randers;Brødregade 25;Brødregade 25;1919;1663;Baroque and rococo;Forhuset (1663). Fredet 1919.*;Brødregade 25, Randers, Danmark;56,4587050;10,0378770
Randers;Nygade 2-6;Nygade 2-6;1919;1700;Baroque and rococo;Forhuset (16- og 1700-tallet). Fredet 1919.*;Nygade 2-6, Randers, Danmark;56,4612942;10,0376922
Randers;Oust Møllevej 27;Oust Møllegård;1954;1716;Baroque and rococo;Stuehuset (1716) og laden (1700-tallet). Fredet 1954. *;Oust Møllevej 27, Randers, Danmark;56,4758520;9,9900780
Randers;Storegade 11;Storegade 11;1919;1650;Baroque and rococo;Forhuset (ca. 1650, ombygget 1741), det dermed sammenbyggede sidehus med svale (ca. 1650) samt baghuset (ca. 1800). Fredet 1919.*;Storegade 11, Randers, Danmark;56,4579560;10,0383270
Randers;Støvringgårdvej 73 og 73 D;Støvringgård;1918;1745;Baroque and rococo;Den firefløjede hovedbygning (sydfløj med tårn ved vestgavlen 1622, korshuset på sydfløjens sydside 1630, øst- og nordfløj 1745-46) med bro (1745 af Nicolaus Hinrich Rieman) og omgivende grave samt den enetages bygning ved broens sydvestre hjørne (1745 af Nicolaus Hinrich Rieman, ombygget og udvidet med to fag ca. 1810). Fredet 1918.*;Støvringgårdvej 73 og 73 D, Randers, Danmark;;
Randers;Trudsholm Alle 10 (tidl;Vesterbro 40 og 44);1918;1651;Baroque and rococo;Trudsholm. Den trefløjede hovedbygning (hovedfløjen 1651, kælderen under nordre sidefløj 1500-tallet) samt de omkring hovedbygningen og avlsgård liggende grave med tilhørende vold. Alle avlsbygninger omkring den store gårdsplads. Fredet 1918 *.;Trudsholm Alle 10 (tidl, Randers, Danmark;;
Randers;Udbyhøjvej 496 A;Gjessinggård;1918;1747;Baroque and rococo;Den trelængede hovedbygning (1747) med omgivende grave. Fredet 1918.;Udbyhøjvej 496 A, Randers, Danmark;56,5546070;10,1801000
Randers;Vestergade 35;Vestergade 35;1979;1731;Baroque and rococo;Forhuset (1731). Fredet 1979.;Vestergade 35, Randers, Danmark;56,5458100;9,9231690
Randers;Åbrovej 3;Langå Hospital, Christen Skeels Stiftelse;1970;1655;Baroque and rococo;Hospitalsbygningen (ca. 1655). Fredet 1970.*;Åbrovej 3, Randers, Danmark;56,3943060;9,8880390
Rebild;Roldvej 142-144;Nørlund;1918;1581;Renaissance;Den trefløjede hovedbygning med omgivende grave (1581-97). Fredet 1918.*;Roldvej 142-144, Rebild, Danmark;56,7928745;9,6506211
Rebild;Svanfolkvej 1;Vorgård;1939;1550;Renaissance;Kælderen (1550-75) under østfløjen. Fredet 1939.;Svanfolkvej 1, Rebild, Danmark;56,8391590;10,0910420
Rebild;Ålborgvej 63;Lindenborg;1918;1583;Renaissance;Hovedbygningens søndre og østre fløj (søndre fløj 1583, østfløj formentlig 1616) med de nord, øst og syd for liggende grave. Fredning 1918.;Ålborgvej 63, Rebild, Danmark;;
Rebild;Buderupholmvej 34;Buderup Ødekirke;;romansk;Modernism;Kirkens middelalderlige dele (skib og kor (romansk), tårn og våbenhus (senmiddelalder)).;Buderupholmvej 34, Rebild, Danmark;56,8653060;9,8517370
Rebild;Røde Møllevej 22;Regeringsanlæg Vest (Regan Vest);2014;1963;Modernism;"Regeringsanlæg i Vestdanmark"", forkortet Regan Vest, (1963-68 af Forsvarets Bygningstjeneste) bestående af det underjordiske anlæg med indgangsparti, to udstødningstårne, to indsugningstårne og nødudgang over jorden, tjenestebolig med garage/udhus og havemur (1965 af Forsvarets Bygningstjeneste), til- og frakørselsvej til anlægget, den indhegnede forplads med perimeterhegn og låger, porttelefon og trappe fra tjenesteboligens have til indgangen. Fredet 2014";Røde Møllevej 22, Rebild, Danmark;56,8243730;9,8024830
Rebild;Hjortholmvej 41;Albæk;1990;1750;Classicism;Det trelængede anlæg bestående af stuehus (ca. 1750, ombygget 1800 og senere, senest 1961-62) og de to tidl. staldlænger (ca. 1850 og senere) samt de to lindetræer på gårdspladsen foran stuehusets indgangsparti. Fredet 1990.* Ændr. 2024.;Hjortholmvej 41, Rebild, Danmark;56,8520380;9,7352060
Rebild;Randrupvej 9;Randrup;1918;1865;Historicism;Hovedbygningens vestre længe (ca. 1550) med tårn (ca. 1570) og karnapper (fra før 1735), det søndre såkaldte italienske hus (ca. 1840) samt søndre og nordre sidelænger (1865 og 1869). Fredet 1918.*;Randrupvej 9, Rebild, Danmark;56,8678370;10,1116550
Rebild;Sankt Jørgensvej 1;Gerding Præstegård;1988;1911;Historicism;Hovedbygningen (1911), den tidl. staldbygning (ca. 1860), trapper, støttemure og træer ved hovedbygningernes facade samt hegnsmur med portportal og havelåge mellem de to bygninger. Fredet 1988.;Sankt Jørgensvej 1, Rebild, Danmark;;
Rebild;Sverriggårdsvej 3;Skørping Station;1992;1869;Historicism;Skørping Stations hovedbygning (1869, ombygget 1878 og 1898 af N.P. Holsøe) og Vandtårnet ved Skørping Station (1898). Fredet 1992.;Sverriggårdsvej 3, Rebild, Danmark;56,8357340;9,8875020
Rebild;Buderupholmvej 44;Buderupholm;1918;1731;Baroque and rococo;Den trelængede hovedbygning (1731). Fredet 1918.*;Buderupholmvej 44, Rebild, Danmark;56,8588170;9,8561410
Ringkøbing-Skjern;Brejninggårdsvej 12;Brejninggård;1918;1580;Renaissance;Hovedbygningen (ca. 1580). Fredet 1918.*;Brejninggårdsvej 12, Ringkøbing-Skjern, Danmark;56,1155310;8,5130100
Ringkøbing-Skjern;Torvet 18;Hotel Ringkøbing;1919;1600;Renaissance;Forhuset og det hermed sammenbyggede sidehus på fem fag mod Torvegade (1600-tallet og senere). Fredet 1919. Udvidet 1978.*;Torvet 18, Ringkøbing-Skjern, Danmark;56,0904920;8,2433420
Ringkøbing-Skjern;Bundsbækvej 27;Bundsbæk Vandmølle;1977;1843;Classicism;Stuehuset og den hermed sammenbyggede mølle (1843) med vandhjul og alt nagelfast mølleinventar samt mølledæmning, mølledam, møllesluse med stemmeværk og malekarm, bagløb med stensætninger indtil sammenløb med friløbet mod syd, frisluse med stemmeværk, turbine og fisketrappe, friløb indtil sammenløb med bagløbet samt markstensbelægninger foran og bag stuehus og møllebygning. Fredet 1977.* Udvidet 2011.;Bundsbækvej 27, Ringkøbing-Skjern, Danmark;56,0068580;8,4786210
Ringkøbing-Skjern;Holmsland Klitvej 117;Holmsland Klitvej 117;2003;1810;Classicism;Den firelængede klitgård (1810-1880) og gårdsplads. Fredet 2003.;Holmsland Klitvej 117, Ringkøbing-Skjern, Danmark;56,0484180;8,1188830
Ringkøbing-Skjern;Holmsland Klitvej 203;Holmsland Klitvej 203;1998;1800;Classicism;Den firelængede bondegård (midten af 1800-tallet), den pigstensbelagte gårdsplads samt det stråtækte udhus sydvest for gården. Fredet 1998.*;Holmsland Klitvej 203, Ringkøbing-Skjern, Danmark;56,0739610;8,1195780
Ringkøbing-Skjern;Holmsland Klitvej 91;Nørre Lyngvig, Marie Fjords Gård;1971;1800;Classicism;Den firelængede gård (beg. af 1800-tallet). Fredet 1971.*;Holmsland Klitvej 91, Ringkøbing-Skjern, Danmark;56,0480910;8,1188750
Ringkøbing-Skjern;Husby Klitvej 23;Bankgård (tidl;1971;1800;Classicism;fejlagtigt Fjordgården). Den firelængede gård (ca. 1800) samt den omgivende og på gårdspladsen værende brolægning. Fredet 1971.;Husby Klitvej 23, Ringkøbing-Skjern, Danmark;56,2236620;8,1393400
Ringkøbing-Skjern;Stauningvej 56;Stauning Præstegård;1918;1789;Classicism;Det gamle stuehus (1789). Fredet 1918.;Stauningvej 56, Ringkøbing-Skjern, Danmark;55,9720700;8,3612500
Ringkøbing-Skjern;Sønder Klitvej 250 A;Fiskergården, Bjerregård;1988;1825;Classicism;Den firelængede gård (1825). Fredet 1988.;Sønder Klitvej 250 A, Ringkøbing-Skjern, Danmark;55,8736380;8,1753190
Ringkøbing-Skjern;Sønder Klitvej 282;Sønder Klitvej 282;1995;1800;Classicism;Den tolængede, grundmurede, stråtækte gård (slutn. 1800-tallet). Fredet 1995.*;Sønder Klitvej 282, Ringkøbing-Skjern, Danmark;55,8597510;8,1780050
Ringkøbing-Skjern;Torvet 20;Den gamle Borgmestergård;1919;1807;Classicism;Forhuset (1807). Fredet 1919. Udvidet 1978.*;Torvet 20, Ringkøbing-Skjern, Danmark;56,0908300;8,2437890
Ringkøbing-Skjern;Velling Kirkeby 1;Velling Præstegård;1984;1832;Classicism;Stuehuset med sidelænge (1832). Fredet 1984.*;Velling Kirkeby 1, Ringkøbing-Skjern, Danmark;56,0580060;8,3137540
Ringkøbing-Skjern;Vester Strandsbjerg 1;Den gamle Toldbod;1983;1834;Classicism;Hjørneforhuset (1834 formentlig af Jørgen Hansen Koch). Fredet 1983.*;Vester Strandsbjerg 1, Ringkøbing-Skjern, Danmark;56,0888979;8,2405283
Ringkøbing-Skjern;Galgebjergvej 20, Hemmet;Gåsemandens Hus;1995;1924;Historicism;Det firelængede husmandssted (slut. af 1800-tallet), laden (1924) og det dermed sammenbyggede motorhus nord for gården (1920). Fredet 1995.*;Galgebjergvej 20, Hemmet, Ringkøbing-Skjern, Danmark;;
Ringkøbing-Skjern;Havnepladsen 2;Havnekontoret;2003;1906;Historicism;Havnekontoret og det dermed sammenbyggede pakhus (1906 af Ulrik Plesner) samt flagstangen. Fredet 2003.;Havnepladsen 2, Ringkøbing-Skjern, Danmark;56,0881070;8,2410070
Ringkøbing-Skjern;Husby Klitvej;Husby Klit Båke;1997;1884;Historicism;Sømærket Husby Klit Båke (1884). Fredet 1997.;Husby Klitvej, Ringkøbing-Skjern, Danmark;56,2321823;8,1392353
Ringkøbing-Skjern;Husby Klitvej 33;Husby Klitvej 33;2000;1922;Historicism;Den firelængede klitgård (midten af 1800-tallet og 1912), den spånklædte lade (1922), udhuset (1922), de strandstensbelagte arealer (gårdsplads, portgennemkørsel og omgivende arealer) og møddingsmuren. Fredet 2000.*;Husby Klitvej 33, Ringkøbing-Skjern, Danmark;56,2392710;8,1377990
Ringkøbing-Skjern;Husby Klitvej 5;Strandgården;1995;1875;Historicism;Den firelængede bondegård (1875) med den brostensbelagte gårdsplads og stenpigningen langs bygningernes yderside. Fredet 1995. *;Husby Klitvej 5, Ringkøbing-Skjern, Danmark;56,1941160;8,1282090
Ringkøbing-Skjern;Nørredige 3 A;Ringkøbing Station;1993;1875;Historicism;Hovedbygningen med perrontag og kældernedgangsbygning samt toiletbygning (1875 af N.P. Holsøe). Fredet 1993.;Nørredige 3 A, Ringkøbing-Skjern, Danmark;56,0930200;8,2497790
Ringkøbing-Skjern;Nørredige 7;Pakhuset, Ringkøbing Station;1993;1875;Historicism;Pakhuset (1875 af N.P.C. Holsøe). Fredet 1993;Nørredige 7, Ringkøbing-Skjern, Danmark;56,0917410;8,2511300
Ringkøbing-Skjern;Skjern Station;Vandtårnet ved Skjern Station;1981;1874;Historicism;Vandtårnet (1874 af N.P. Holsøe). Fredet 1981.;Skjern Station, Ringkøbing-Skjern, Danmark;55,9473313;8,4921985
Ringkøbing-Skjern;Sønder Klitvej 72;Haurvig Redningsstation;1995;1887;Historicism;Redningsstationen bestående af bådhuset (1887), raketapparatbygningen (1882) og telefonhuset. Fredet 1995.;Sønder Klitvej 72, Ringkøbing-Skjern, Danmark;55,9449270;8,1544920
Ringkøbing-Skjern;Sønder Klitvej 84;Haurvig;1988;1865;Historicism;Den firelængede gård med gårdsplads (1865). Fredet 1988.;Sønder Klitvej 84, Ringkøbing-Skjern, Danmark;55,9364300;8,1545890
Ringkøbing-Skjern;Sønder Klitvej 87;Abelines Gård;1974;1871;Historicism;Den firelængede gård (1871) med brolægning på gårdspladsen og langs længernes ydersider. Fredet 1974.*;Sønder Klitvej 87, Ringkøbing-Skjern, Danmark;55,9454100;8,1560490
Ringkøbing-Skjern;Søndergade, Hvide Sande;Åregab Båke;1997;1884;Historicism;Sømærket Åregab Båke (1884). Fredet 1997.;Søndergade, Hvide Sande, Ringkøbing-Skjern, Danmark;55,9974089;8,1264004
Ringkøbing-Skjern;Vedersø Klit;Vedersø Klit Båke;1997;1884;Historicism;Sømærket Vedersø Klit Båke (1884). Fredet 1997.;Vedersø Klit, Ringkøbing-Skjern, Danmark;56,2545505;8,1395024
Ringkøbing-Skjern;Vester Strandgade 33;Vester Strandgade 33;1980;1872;Historicism;Forhuset og det hermed sammenbyggede sidehus (1872). Fredet 1980.;Vester Strandgade 33, Ringkøbing-Skjern, Danmark;56,0886930;8,2414350
Ringkøbing-Skjern;Øster Strandgade 13;Øster Strandgade 13;1980;1867;Historicism;Forhuset (1867-78). Fredet 1980.*;Øster Strandgade 13, Ringkøbing-Skjern, Danmark;56,0882850;8,2444720
Ringkøbing-Skjern;Sønder Klitvej 142;Haurvig Båke;1998;;;Sømærket Haurvig Båke. Fredet 1998.;Sønder Klitvej 142, Ringkøbing-Skjern, Danmark;55,9256926;8,1624377
Ringsted;Vigersted Bygade 33 (Vigerstedvej 2 A);Vigersted Kirkelade (Vigersted Tiendelade);1964;middelalder;Medieval;Kirkeladen (middelalder og senere). Fredet 1964.*;Vigersted Bygade 33 (Vigerstedvej 2 A), Ringsted, Danmark;;
Ringsted;Sigerstedvej 109;Sigerstedvej 109;1991;1830;Classicism;Bindingsværkshuset (ca. 1830). Fredet 1991.*;Sigerstedvej 109, Ringsted, Danmark;55,4124320;11,7346370
Ringsted;Skjoldenæsvej 136;Laurentziuslund;1985;1820;Classicism;Den firelængede bindingsværksgård (ca. 1820) samt brolægningen omkring ejendommens bygninger. Fredet 1985.*;Skjoldenæsvej 136, Ringsted, Danmark;55,5453060;11,8650140
Ringsted;Sankt Bendtsgade 1;Ringsted Rådhus;1995;1936;Historicism;"Rådhuset (1936-37 og udv. 1962 af Steen Eiler Rasmussen) og dets nære omgivelser bl.a. med skulpturen ""Valdemar den Store"" (1936-37 af Johannes Bjerg). Fredet 1995.";Sankt Bendtsgade 1, Ringsted, Danmark;;
Ringsted;Sankt Bendtsgade 5;Det Mahlerske Hus;1924;1860;Historicism;"Det østlige forhus (""Det Mahlerske hus"" 1860'erne) og det vestlige forhus (acciseboden 1700-tallet). Fredet 1924.";Sankt Bendtsgade 5, Ringsted, Danmark;;
Ringsted;Skjoldenæsvej 106;Skjoldenæsholm;1918;1665;Baroque and rococo;"Den trefløjede hovedbygning (ca. 1665; hovedfløj: 1763, måske ved Philip de Lange; ombygget 1803 og senere). Fredet 1918.*";Skjoldenæsvej 106, Ringsted, Danmark;55,5354550;11,8529870
Ringsted;Valsømaglevej 134;Den tidl;1971;1700;Baroque and rococo;Klokkerbolig. Den trelængede bindingsværksgård (beg. af 1700-tallet). Fredet 1971.*;Valsømaglevej 134, Ringsted, Danmark;55,5209760;11,8343090
Rødovre;Korsdalsvej 103;Irmas Kafferisteri;2014;1968;Modernism;Kafferisteribygningen (1968 af Bent Mackeprang og Thorkel Klerk). Fredet 2014;Korsdalsvej 103, Rødovre, Danmark;55,6765050;12,4346680
Rødovre;Nørrekær 22;Vestbad (østlige del);2017;1957;Modernism;Friluftsanlægget Vestbad bestående af to udendørs svømmebassiner med omgivende flisebelægninger og alle tilhørende konstruktioner, vandlegeplads, den tidligere kioskbygning samt den østlige del af parken (1957-58 af Arkitektkontoret i Rødovre Kommune ved stadsarkitekt Børge T. Lorentzen og landskabsarkitekt C.Th. Sørensen). Fredet 2017;Nørrekær 22, Rødovre, Danmark;55,6690620;12,4473420
Rødovre;Rødovre Parkvej 140;Rødovre Bibliotek;2010;1967;Modernism;Rødovre Bibliotek (1967-1970 af arkitekt Arne Jacobsen) med nære omgivelser. Fredet 2010.;Rødovre Parkvej 140, Rødovre, Danmark;55,6812820;12,4569210
Rødovre;Rødovre Parkvej 150;Rødovre Rådhus;1994;1955;Modernism;Kontorbygningen og den dermed forbundne mødesalsbygning (1955 af Arne Jacobsen) samt rådhusets nære omgivelser (udformet i samarbejde med Eigil Kiær). Fredet 1994.;Rødovre Parkvej 150, Rødovre, Danmark;55,6812340;12,4560520
Roskilde;Bondetinget 17;Bondetinget 17;1979;1600;Renaissance;Forhuset (ca. 1600). Fredet 1979.*;Bondetinget 17, Roskilde, Danmark;55,6417570;12,0767510
Roskilde;Algade 3;Algade 3;1919;middelalder;Medieval;Forhusets kælder (middelalder). Fredet 1919.;Algade 3, Roskilde, Danmark;55,6411980;12,0819410
Roskilde;Sankt Ibsvej 2 og Frederiksborgvej 31;Sankt Ibs Kirke;1987;;Medieval;Medievallige dele af kirkebygningen. Fredet 1987.;Sankt Ibsvej 2 og Frederiksborgvej 31, Roskilde, Danmark;;
Roskilde;Stændertorvet 1;Sankt Laurentius' Tårn, Rådhustårnet;1918;1500;Medieval;Tårnet fra den nedbrudte Sankt Laurentii kirke med trappehus på sydsiden (ca. 1500) og tilbygget nygotisk forhal mod øst. Fredet 1918.;Stændertorvet 1, Roskilde, Danmark;55,6413530;12,0802060
Roskilde;Bondetinget 4;Bondetinget 4;1978;1844;Classicism;Forhuset og de to dermed sammenbyggede sidehuse (1844 af G.F. Hetsch). Fredet 1978.*;Bondetinget 4, Roskilde, Danmark;55,6422230;12,0784980
Roskilde;Bredgade 2 A;Duebrødre Kloster;1964;1841;Classicism;Bygningen mod Bredgade med gavl mod Allehelgensgade (1841). Fredet 1964.;Bredgade 2 A, Roskilde, Danmark;55,6395040;12,0810270
Roskilde;Domkirkepladsen 1;Statsskolen;1924;1842;Classicism;Forbygningen (1842 af Jørgen Hansen Koch). Fredet 1924.*;Domkirkepladsen 1, Roskilde, Danmark;55,6422040;12,0795570
Roskilde;Domkirkepladsen 2;Meyercrones Stiftelse;1978;1833;Classicism;Den gulkalkede bygning (1833), havemuren mod Regensstien og Domkirkepladsen og det stensatte gærde langs Provstestræde. Fredet 1978. Udvidet 1984.*;Domkirkepladsen 2, Roskilde, Danmark;55,6433620;12,0801970
Roskilde;Domkirkepladsen 4;Domprovstegården;1964;1843;Classicism;Hovedbygningen (1843) med bindingsværksstaldbygningen og stendige mod Provstestræde, samt den middelalderlige kælder under den søndre sidefløj. Fredet 1964. Udvidet 1987.*;Domkirkepladsen 4, Roskilde, Danmark;55,6433320;12,0811540
Roskilde;Havnevej 17 A;Sankt Clara Mølle;1980;1831;Classicism;Det enetages beboelseshus nordligst på grunden (1831). Fredet 1980.*;Havnevej 17 A, Roskilde, Danmark;55,6471970;12,0762320
Roskilde;Hejnstrupvej 35;Hejnstrupgård;1959;1780;Classicism;Hovedbygningen og nordre staldlænge (1780). Fredet 1959.*;Hejnstrupvej 35, Roskilde, Danmark;55,7310710;12,1439680
Roskilde;Jernbanegade 1 A;Roskilde Jernbanestation;1964;1847;Classicism;Stationens hovedbygning (1847 af arkitekt J.F. Meyer). Fredet 1964.*;Jernbanegade 1 A, Roskilde, Danmark;55,6392110;12,0888100
Roskilde;Ringstedgade 76 A-78 og Møllehusene 5-19 (tidl;Ringstedgade 80);1964;1849;Classicism;De Danske Spritfabrikker Roskilde. Hovedbygningen med fritliggende sidebygning (1849) og whiskyfabrikken (1881 af Martin Borch, tilbygget 1885 og 1914). Fredet 1964. Udvidet 1990 og 2017.*;Ringstedgade 76 A-78 og Møllehusene 5-19 (tidl, Roskilde, Danmark;;
Roskilde;Sankt Olsgade 18 og Sankt Olsstræde 1;Sukkerhuset, Liebes Gård, Museum;1919;1804;Classicism;Forhuset (1804) og den som sukkerraffinaderi opførte bygning langs Sankt Olsstræde (1763). Fredet 1919. Udvidet 1978.*;Sankt Olsgade 18 og Sankt Olsstræde 1, Roskilde, Danmark;;
Roskilde;Skolegade 3;Rektorbolig;1945;1821;Classicism;Hovedbygningen med sidelænger (1821 af Peder Malling). Fredet 1945.*;Skolegade 3, Roskilde, Danmark;55,6425590;12,0787940
Roskilde;Smedestræde 1;Jyllinge Smedie;1990;1800;Classicism;Smedjelængen, den tidl. smedebolig med stald- og udhustilbygning (ca. 1800) samt de stenlagte arealer ved længerne. Fredet 1990.*;Smedestræde 1, Roskilde, Danmark;55,7539190;12,1034120
Roskilde;Store Valbyvej 276;Østrupgård;1959;1819;Classicism;Hovedbygningen (1819). Fredet 1959.;Store Valbyvej 276, Roskilde, Danmark;55,7264650;12,2002650
Roskilde;Østermarken 4;Bukkehøjgård;1997;1800;Classicism;Den firelængede bondegård og den fritliggende svinestald (før 1800) samt den brostensbelagte gård og stendigerne på ejendommen. Fredet 1997.;Østermarken 4, Roskilde, Danmark;55,6928920;12,1666040
Roskilde;Algade 13;Hotel Prindsen;1980;1875;Historicism;Hovedbygningen mod Algade samt tilbygningen mod Rosenhavestræde (1875-76 af Ove Petersen). Fredet 1980.*;Algade 13, Roskilde, Danmark;55,6412220;12,0834600
Roskilde;Birkede-Dåstrup (Møllevej) og Birkede-Søster Svenstrup (Birkede Brovej);Jernbanebroer (2 stk.) ved Birkede;1981;1853;Historicism;De to jernbanebroer over vestbanen på vejstrækningerne Birkede-Dåstrup (ca. 1920) og Birkede-Søster Svenstrup (1853) henholdsvis 44,185 og 44,635 km. fra København. Fredet 1981.;Birkede-Dåstrup (Møllevej) og Birkede-Søster Svenstrup (Birkede Brovej), Roskilde, Danmark;;
Roskilde;Bondetinget 19;Bondetinget 19;1979;1851;Historicism;Forhuset (1851). Fredet 1979.*;Bondetinget 19, Roskilde, Danmark;55,6417620;12,0765570
Roskilde;Boserupvej 2;Sankt Hans Hospital, Kurhuset;1944;1851;Historicism;Kurhuset (1851 af Gottlieb Bindesbøll). Fredet 1944.;Boserupvej 2, Roskilde, Danmark;55,6503200;12,0685230
Roskilde;Byvolden 25 A-B;Kastellet;1986;1900;Historicism;"Villaen (1900 af Gustav Wied), det lille bindingsværkshus ""Enkesædet"", den nordre bygning ""Kavalerfløjen"" med havemur, haven og mindelunden med 28 mindestøtter i cement. Fredet 1986.*";Byvolden 25 A-B, Roskilde, Danmark;55,6422320;12,0729595
Roskilde;Domkirkestræde 10;Konventhuset (tidl;1924;1858;Historicism;Stiftsbiblioteket). Det middelalderlige stenhus med tilbygning (1858-59 af Ferdinand Meldahl). Fredet 1924.*;Domkirkestræde 10, Roskilde, Danmark;55,6428110;12,0815380
Roskilde;Havnevej 25;Rings Villa;2001;1913;Historicism;Villaen (1913-14 af Andreas Clemmensen) og smedejernshavelågen med granitborner. Fredet 2001.;Havnevej 25, Roskilde, Danmark;55,6480740;12,0764490
Roskilde;Møllevej 16;Den tidl;2000;1914;Historicism;Birkede Skole. Den tidl. Birkede Skole, udhuset (begge 1914) samt de seis lindetræer. Fredet 2000.*;Møllevej 16, Roskilde, Danmark;55,5349170;12,0030230
Roskilde;Ringstedgade 3;Farvergården;1979;1857;Historicism;Forhuset (1857 af Mathias Brock, ombygget i 1860'erne af H.S. Sibbern). Fredet 1979.*;Ringstedgade 3, Roskilde, Danmark;55,6402300;12,0761340
Roskilde;Sankt Ibsvej 12;Roskilde Gasværk;1994;1863;Historicism;Hovedbygningen (1863, om- og tilbygget 1899 og 1930). Fredet 1994.;Sankt Ibsvej 12, Roskilde, Danmark;;
Roskilde;Sankt Peders Stræde 8A-E;Roskilde Jomfrukloster;1918;1907;Historicism;Den gamle fløj (ca. 1550, istandsat 1670), tilbygningen to klosteret (1907 af Jens Ingwersen), forvalterboligen (1916 af Jens Ingwersen), haven, havemuren og gårdspladsen. Fredet 1918. Udvidet 1988.*;Sankt Peders Stræde 8A-E, Roskilde, Danmark;55,6423458;12,0858009
Roskilde;Skovbogade 43 A og C;Remiseanlægget ved Roskilde Station;1992;1898;Historicism;Vestre ringremise (1898) og østre ringremise med mellembygning (ca. 1920), vandrensningsbygning (1898), drejeskiven med sporanlæg (1898) og vandkranen. Fredet 1992.;Skovbogade 43 A og C, Roskilde, Danmark;;
Roskilde;Store Gråbrødrestræde 12 B;Kapellet på Gråbrødre Kirkegård;2000;1856;Historicism;Gråbrødre Kirkegårds Kapel (1856-57 af Henning Wolff og Ferdinand Meldahl m.fl.) samt kirkegårdens ringmur (1853 af Ferdinand Meldahl) og indgangsportal (1853 af Henning Wolff). Fredet 2000.;Store Gråbrødrestræde 12 B, Roskilde, Danmark;55,6396950;12,0866630
Roskilde;Algade 15 A og G;Bryggergården;1979;1650;Baroque and rococo;Forhuset (ca. 1650) og den del af sidehuset mod Rosenhavestræde, der er i bindingsværk. Fredet 1979.;Algade 15 A og G, Roskilde, Danmark;;
Roskilde;Skolegade 5, 7 og 9 og Lille Maglekildestræde 2;Webers Gaard;1919;1700;Baroque and rococo;Forhuset (Skolegade 7-9) i en etage og det med dette sammenbyggede baghus (1700-tallet af Lorenz Weber) samt hjørnebebyggelsen (Skolegade 5/ Lille Maglekildestræde 2) bestående af den toetages beboelsesbygning mod øst (1700-tallet af Lorenz Weber) og den med denne toetages sammenbyggede, vest derfor liggende enetages bygning, oprindelig beboelse med værksted (1839 af Lorenz Weber). Fredet 1919. Udvidet 1996.*;Skolegade 5, 7 og 9 og Lille Maglekildestræde 2, Roskilde, Danmark;;
Roskilde;Stændertorvet 3 A-E;Palæet;1918;1733;Baroque and rococo;Hovedbygning med sidebygninger (1733 af Lauritz de Thurah), vestfløjen (1736 af Lauritz de Thurah) med rester af vestmuren af den tidl. bispegårds hovedbygning (ca. 1100), sydfløjen (portfløjen) med fremspringende bindingsværksfløje, østfløjen (begge 1736 af Lauritz de Thurah), forbindende arkader i de fire hjørner samt forbindelsesgang mellem hovedbygningen og domkirke (ca. 1200), Palæhaven og den omgivende mur mod Stændertorvet, Fondens Bro og Domkirkepladsen. Fredet 1918. Udvidet 2014.;Stændertorvet 3 A-E, Roskilde, Danmark;55,6413050;12,0809764
Roskilde;Stændertorvet 3 F;Den gamle Husarstald;1918;1700;Baroque and rococo;Den 52 fag lange bindingsværksbygning (1700-tallet). Fredet 1918.;Stændertorvet 3 F, Roskilde, Danmark;55,6418550;12,0824110
Roskilde;Dronning Margrethes Vej 1 (tidl;Frederiksborgvej 2);1983;;;Klosterkilden. Den stensatte kildegrotte med kildebrønd. Fredet 1983.;Dronning Margrethes Vej 1 (tidl, Roskilde, Danmark;;
Roskilde;Maglekildevej;Maglekilde;1979;;;Den stensatte opbygning om Maglekildes udspring. Fredet 1979.;Maglekildevej, Roskilde, Danmark;55,6423508;12,0763951
Roskilde;Tuttesti;Sankt Hans Kilde;1976;;;Den stensatte indramning af kildeudløbet med tilhørende brolægning med rendestensbræt og to flankerende bænke. Fredet 1976.;Tuttesti, Roskilde, Danmark;55,6467351;12,0793365
Rudersdal;Attemosevej 53;Attemosevej 53;2008;1970;Modernism;Villaen med brolagt forplads, terrasse samt swimmingpool med badehus (1970 af Gehrdt Bornebusch). Fredet 2008.;Attemosevej 53, Rudersdal, Danmark;55,8156810;12,5075470
Rudersdal;Dronninggårds Allé 42;Dronninggårds Allé 42;2001;1953;Modernism;Villaen og det åbne areal herunder (1953 af Jørn Utzon). Fredet 2001.*;Dronninggårds Allé 42, Rudersdal, Danmark;55,8113730;12,4601790
Rudersdal;Geelsvej 10;Geelsvej 10;2026;1954;Modernism;Huset med mur samt omgivende have (1954 af Arne Jacobsen). Fredet 2026.;Geelsvej 10, Rudersdal, Danmark;55,8033050;12,4611760
Rudersdal;Granholmen 9-44, 46-47, Parcelvej 26A-42B (lige numre) og Vejlemosevej 38-66 (lige numre);Parcelgården;2015;1950;Modernism;Rækkehusbebyggelsen Parcelgården med 66 rækkehuse, garagebygninger og veje, stier, ankomstpladser, fællesarealer samt afgrænsningen af de private haver. (1950-54 af Palle Suenson og C.Th. Sørensen). Fredet 2015;Granholmen 9-44, 46-47, Parcelvej 26A-42B (lige numre) og Vejlemosevej 38-66 (lige numre), Rudersdal, Danmark;;
Rudersdal;K-F Nærum og Omegn 1-50 (tidl;Nærumgårdsvej 73);1991;1949;Modernism;De Ovale Haver. Kolonihaveparken (1949 af C.Th. Sørensen). Fredet 1991.;K-F Nærum og Omegn 1-50 (tidl, Rudersdal, Danmark;;
Rudersdal;Lyngskrænten 5;Lyngskrænten 5;2022;1987;Modernism;Villaen med carport (1987 af Tage Lyneborg) samtvandhaven og haven (1987 af Cornelia Zibrandtsen i samarbejde med Tage Lyneborg). Fredet 2022;Lyngskrænten 5, Rudersdal, Danmark;55,8141540;12,5115470
Rudersdal;Norske Allé 15;Villa Kathus;2000;1968;Modernism;Villaen med garage, terrasser, læmure, trapper, flisebelægninger og trædesten (1968 af Bertel Udsen) samt haveanlægget foran hovedindgangen og de tre løvtræer. Fredet 2000.*;Norske Allé 15, Rudersdal, Danmark;55,8075740;12,4582700
Rudersdal;Paradisvænget 24;Paradisvænget 24;2012;1972;Modernism;Villaen med garage (1972 af Knud Holscher) og alle dele af haven (1972 af Svend Kierkegaard). Fredet 2012. *;Paradisvænget 24, Rudersdal, Danmark;55,8292070;12,4843510
Rudersdal;Attemosevej 170;Gl;1918;1756;Classicism;Holtegård. Hovedbygningen (1756-57 af Lauritz de Thurah). Fredet 1918.;Attemosevej 170, Rudersdal, Danmark;55,8289140;12,5174710
Rudersdal;Dronninggårds Allé 124-140;Næsseslottet, Dronninggård;1918;1783;Classicism;"Hovedbygningen (1783 af Andreas Kirkerup) og monumenterne i parken: søjlen for handel og søfart (1784 af C.F. Stanley), obelisken (1784 af Johannes Wiedewelt), den store vase med bukkehoveder og vinranker (af Johannes Wiedewelt), den lille vase med vindrueklaser (muligvis af Johannes Wiedewelt) og soluret, de to pavilloner (ca. 1900 af Axel Berg) og staldbygningen (ca. 1900 af Axel Berg) på mnr. 1 axd*; remisebygningen (1783, senere ombygget), muren nord for køkkenhaven (1783), gartnerboligen (ca. 1783, ombygget ca. 1900 af Axel Berg), pavillonen syd for gartnerboligen (ca. 1840-60 formentlig af G.F. Hetsch) samt monumentet ""Til ære for venskabet"" ved lågen i den østlige ende af køkkenhaven (1785, C.F. Stanley) på mnr. 1 ku*; de to brohuse (ca. 1783, later ombygget), udhuset i haven til det sydlige brohus og monumentet ""Eremittens farvel"" (ca. 1785, C.F. Stanley) ved indgangspartiet ved brohusene på mnr. 1e; samt parkanlægget på mnr. 1axd og 1ku og den del af 1e, der ligger på Næsset."" Fredet 1918. Udvidet 1954, 1990";Dronninggårds Allé 124-140, Rudersdal, Danmark;55,8105362;12,4615036
Rudersdal;Frederikslundsvej 21;Frederikslund;1978;1804;Classicism;Hovedbygningen (ca. 1804 af Joseph-Jacques Ramée). Fredet 1978.*;Frederikslundsvej 21, Rudersdal, Danmark;55,8133730;12,4633940
Rudersdal;Frydenlunds Allé 9-21;Frydenlund;1918;1793;Classicism;Hovedbygningen samt side- og indkørselsbygninger (1793-95 muligvis af J.H. Rawert). Fredet 1918.;Frydenlunds Allé 9-21, Rudersdal, Danmark;55,8390152;12,5607003
Rudersdal;Gammel Dronninggårds Allé 3 og 6;Lågepiller ved Gammel Dronninggårds Allé 3 og 6;1964;1780;Classicism;De to lågepiller, tidligere hørende til Næsseslottet (1780'erne). Fredet 1964.;Gammel Dronninggårds Allé 3 og 6, Rudersdal, Danmark;;
Rudersdal;Kildevej 8, Holte;Fredensdal;1983;1824;Classicism;De to bygninger (1824), haveanlægget med inventar og skrænten med grotten mellem haven og Søllerød sø. Fredet 1983.*;Kildevej 8, Holte, Rudersdal, Danmark;55,8159790;12,4869140
Rudersdal;Søllerødvej 30-32;Carlsminde;1918;1750;Classicism;Hovedbygningen og sidelængen (ca. 1750). Fredet 1918. *;Søllerødvej 30-32, Rudersdal, Danmark;55,8134376;12,5028211
Rudersdal;Søllerødvej 31;Søllerød Præstegård;1970;1794;Classicism;Den trelængede præstegård samt staldbygningen i nord (ca. 1794). Fredet 1970.*;Søllerødvej 31, Rudersdal, Danmark;55,8140580;12,4938260
Rudersdal;Søllerødvej 36-38;Fogedgården;1970;1838;Classicism;Bindingsværkslængen i syd (1838-49) og den grundmurede længe i nord (ca. 1850). Fredet 1970.*;Søllerødvej 36-38, Rudersdal, Danmark;55,8111096;12,4904558
Rudersdal;Søllerødvej 40;Olufshøj;1970;sidste halvdel af 1700-tallet;Classicism;Det vinkelbyggede, grundmurede house samt porten med murpiller ud mod Søllerødvej (sidste halvdel af 1700-tallet). Fredet 1970.*;Søllerødvej 40, Rudersdal, Danmark;55,8133250;12,4962550
Rudersdal;Vedbæk Strandvej 335;Egebakken;1977;1841;Classicism;Hovedbygningen (1841, veranda 1860), stalden og udhuset (1841). Fredet 1977.*;Vedbæk Strandvej 335, Rudersdal, Danmark;55,8445970;12,5718740
Rudersdal;Vedbæk Strandvej 387;Strandbo;1985;1835;Classicism;Beboelseshuset (de fem nordlige fag ca. 1835, de fire sydlige fag ca. 1860) og udhuset (ca. 1880). Fredet 1985.*;Vedbæk Strandvej 387, Rudersdal, Danmark;55,8497410;12,5695470
Rudersdal;Baneskellet 64-70 og 72-78;De to tidl;2001;1908;Historicism;portørboliger ved Vedbæk Station. De to tidl. portørboliger med udhuse (1908 af Christian Brandstrup og Holger Rasmussen). Fredet 2001.*;Baneskellet 64-70 og 72-78, Rudersdal, Danmark;;
Rudersdal;Bøllemosevej 4-6 og Skodsborgparken 19-21;Skodsborg Station;1992;1897;Historicism;Hovedbygning vest, med omgivende træloggia, toiletbygningen vest, udhus og rødmalet stakit mellem hovedbygning og udhus (1897 af Heinrich Wenck) samt hovedbygningen øst og toiletbygningen øst (1897 af Heinrich Wenck). Fredet 1992.;Bøllemosevej 4-6 og Skodsborgparken 19-21, Rudersdal, Danmark;;
Rudersdal;Kastanievej 16;Kastanievej 16;2021;1933;Historicism;Villaen (1933 af tømrermester L.V. Sørensen) med have (1979 af landskabsarkitekt C.Th. Sørensen). Fredet 2021*;Kastanievej 16, Rudersdal, Danmark;55,8181210;12,4716280
Rudersdal;Raadvad 46-50;Raadvad 46-50;1983;1879;Historicism;Hele området med alle bygninger og anlæg, herunder fabriksbygningerne nord for Nordre Mølleå (1879 ff), den tidligere staldbygning samt vognporten i bindingsværk i gården bag fabrikken. Fredet 1983.*;Raadvad 46-50, Rudersdal, Danmark;55,8062186;12,5594329
Rudersdal;Raadvad 52;Raadvad Kro;1983;1891;Historicism;Kroens hovedbygning med side- og bagbygning (1891, facaden ændret ca. 1914). Fredet 1983.;Raadvad 52, Rudersdal, Danmark;55,8066900;12,5594190
Rudersdal;Skodsborg Strandvej 113;Grevinde Danners Palæ;1950;1852;Historicism;Den toetages længe med jernaltanen (ældre hus forhøjet og helt ombygget 1852 af Peter Kornerup), mnr. 4a. Grotten i parken ved Grevinde Danners palæ, mnr. 4ai. Fredet 1950.;Skodsborg Strandvej 113, Rudersdal, Danmark;55,8180260;12,5746740
Rudersdal;Skodsborg Strandvej 123;Villa Rex;1994;1858;Historicism;Villaen (1858 af J.H. Nebelong for Kong Frederik VII og Grevinde Danner) og det med villaen sammenbyggede tårn (1880). Fredet 1994.;Skodsborg Strandvej 123, Rudersdal, Danmark;55,8188370;12,5745980
Rudersdal;Vedbæk Stationsvej 20 A;Vedbæk Station;1992;1897;Historicism;Hovedbygningen, trappehuset og perrontunnelen (1897 af Heinrich Wenck). Fredet 1992.*;Vedbæk Stationsvej 20 A, Rudersdal, Danmark;55,8529420;12,5629530
Rudersdal;Vedbæk Strandvej 341;Enrum;1984;1862;Historicism;Hovedbygningen med sidefløje og herskabsstalden (1862-64 af J.D. Herholdt) samt Kong Karls Kilde (1786). Fredet 1984.*;Vedbæk Strandvej 341, Rudersdal, Danmark;55,8455980;12,5690580
Rudersdal;Øverødvej 2;Søllerød Rådhus;;1942;Historicism;Rådhusbygningen med park og umiddelbare omgivelser (1942 af Arne Jacobsen og Flemming Lassen) samt annexbygningen mod øst (1967;Øverødvej 2, Rudersdal, Danmark;55,8108910;12,4737130
Rudersdal;Søllerødvej 23-25;Mothsgård;1970;1700;Baroque and rococo;Det trelængede anlæg (1700-tallet). Fredet 1970.;Søllerødvej 23-25, Rudersdal, Danmark;55,8127418;12,5110711
Rudersdal;Søllerødvej 35;Søllerød Kro;1964;;;Bygningerne mod gadekæret og den med disse sammenbyggede vinkelbygninger mod nord. Fredet 1964.*;Søllerødvej 35, Rudersdal, Danmark;55,8135120;12,4951690
Samsø;Tingvej 2 (tidl;Langgade);1964;middelalder;Medieval;Tranebjerg Kirkelade. Kirkeladebygningen (middelalder). Fredet 1964.*;Tingvej 2 (tidl, Samsø, Danmark;;
Samsø;Besser Hovedgade 1;Besser Præstegård;1950;1753;Classicism;Stuehuset (1753) og den i forlængelse hermed liggende portfløj (før 1753) samt de to udhuslænger og den brolagte gårdsplads. Fredet 1950. Udvidet 1982.*;Besser Hovedgade 1, Samsø, Danmark;55,8617890;10,6367370
Samsø;Besser Hovedgade 4;Dyrlægegården;1987;1810;Classicism;Det vinkelbyggede bindingsværksanlæg bestående af stuehus og udhus (1810). Fredet 1987.;Besser Hovedgade 4, Samsø, Danmark;55,8617890;10,6382600
Samsø;Hjortgyde 2;Hjortgyde 2;1964;1846;Classicism;Den vinkelformede bygning (stuehuset 1846, vestlængen 1870'erne). Fredet 1964.*;Hjortgyde 2, Samsø, Danmark;55,9643660;10,5526420
Samsø;Hæderlighedsgyden 15;Hæderlighedsgyden 15;1988;1795;Classicism;Det fjortenfags bindingsværkshus (1795, ombygget 1832 og 1870). Fredet 1988.*;Hæderlighedsgyden 15, Samsø, Danmark;55,9661850;10,5541930
Samsø;Klokkestræde 2;Klokkestræde 2;1964;1800;Classicism;Forhuset (beg. af 1800-tallet med anvendelse af ældre bindingsværkstømmer). Fredet 1964.;Klokkestræde 2, Samsø, Danmark;55,9650620;10,5519000
Samsø;Lisegyden 3;Lisegyden 3;1988;1844;Classicism;Det ellevefags beboelseshus af bindingsværk (før 1844, ombygget 1864 og ca. 1900). Fredet 1988.*;Lisegyden 3, Samsø, Danmark;55,9646860;10,5525260
Samsø;Lygten 3;Lygten 3;1965;1800;Classicism;Den vinkelformede bygning (forhuset ca. 1800, tilbygget ca. 1940). Fredet 1965.*;Lygten 3, Samsø, Danmark;55,9655910;10,5525160
Samsø;M.B;Jensensvej 1;1964;1830;Classicism;Lille Jens' Hus. Forhuset (1830'rne, ombygget 1854). Fredet 1964.;M.B, Samsø, Danmark;55,9667897;10,5518261
Samsø;Maarup Hovedgade 15;Maarup Hovedgade 15;1973;1780;Classicism;Østlængen (1780), nord- og vestlængen. Fredet 1973.*;Maarup Hovedgade 15, Samsø, Danmark;55,9449040;10,5673350
Samsø;Maren Findsgyde 8;Maren Findsgyde 8;1988;1795;Classicism;Det ottefags bindingsværkshus (før 1795, ombygget senest 1897). Fredet 1988.;Maren Findsgyde 8, Samsø, Danmark;;
Samsø;Morten Madsensvej 20;Morten Madsensvej 20;1987;1793;Classicism;Bindingsværkslængens otte vestligste fag (ca. 1793, senere ændringer). Fredet 1987.;Morten Madsensvej 20, Samsø, Danmark;;
Samsø;Morten Madsensvej 22;Morten Madsensvej 22;1987;1793;Classicism;Bindingsværkslængens 10 østligste fag (ca. 1793, ateliervindue i østgavlen 1947). Fredet 1987.;Morten Madsensvej 22, Samsø, Danmark;;
Samsø;Slagterivej 5, Strandgården;Ballen Kalkværk;1997;1832;Classicism;Kalkovnen med den enetages tilbygning (1832). Fredet 1997.;Slagterivej 5, Strandgården, Samsø, Danmark;;
Samsø;Torup 18 A;Torup 18 A;1987;1800;Classicism;Bindingsværkslængen (ca. 1800). Fredet 1987.*;Torup 18 A, Samsø, Danmark;55,8468940;10,6167550
Samsø;Ved Kæret 12;Ved Kæret 12;1964;1840;Classicism;Forhuset (1840). Fredet 1964.;Ved Kæret 12, Samsø, Danmark;55,9654070;10,5526110
Samsø;Ved Kæret 14;Ved Kæret 14;1964;1834;Classicism;Forhuset (ca. 1834). Fredet 1964.*;Ved Kæret 14, Samsø, Danmark;55,9653140;10,5522570
Samsø;Ved Kæret 6;Ved Kæret 6;1964;1849;Classicism;Forhus (1849) med sidebygning. Fredet 1964.;Ved Kæret 6, Samsø, Danmark;55,9654660;10,5532430
Samsø;Egevej 27;Egevej 27;1984;1854;Historicism;Stuehuset (1854). Fredet 1984.*;Egevej 27, Samsø, Danmark;55,8594850;10,5998690
Samsø;Kaasenvejen 16;Kolby Mølle;1964;1859;Historicism;Vindmøllen (1859, nuværende plads 1899). Fredet 1964.;Kaasenvejen 16, Samsø, Danmark;55,8007690;10,5426860
Samsø;Maarup Hovedgade 22;Beyergården;1991;1856;Historicism;Den firelængede, sammenbyggede gård bestående af stuehus, vestlænge, østlænge (ca. 1794, østlængens østmur opmuret mellem 1886 og 1907) og nordlænge (1856) samt den brolagte gårdsplads. Fredet 1991.*;Maarup Hovedgade 22, Samsø, Danmark;55,9458360;10,5668160
Samsø;Nordby Hovedgade 36 (tidl;32);1971;1857;Historicism;Klokketårnet. Klokketårnet med kampestenssætning (1857 af F.V.S. Jacobsen). Fredet 1971.;Nordby Hovedgade 36 (tidl, Samsø, Danmark;;
Samsø;Ved Kæret 8;Ved Kæret 8;1964;1860;Historicism;Forhus (1860) med sidebygning. Fredet 1964.;Ved Kæret 8, Samsø, Danmark;55,9654300;10,5530620
Samsø;Brundbyvej 23 A;Brundby Stubmølle, tidl;1964;1650;Baroque and rococo;Kolhøj Stubmølle. Stubmøllen (opført 1650 på Endelave, nuværende plads 1817). Fredet 1964.;Brundbyvej 23 A, Samsø, Danmark;55,8195280;10,6062370
Samsø;Kirkevej 10;Kirkevej 10;1987;1700;Baroque and rococo;Bindingsværkslænge (slutn. af 1700-tallet). Fredet 1987.;Kirkevej 10, Samsø, Danmark;55,8496850;10,5692640
Samsø;Morten Madsensvej 26;Morten Madsensvej 26;1987;1700;Baroque and rococo;Beboelsesbygningen og det tilbyggede udhus (slutn. af 1700-tallet). Fredet 1987.;Morten Madsensvej 26, Samsø, Danmark;;
Samsø;Per Poulsensvej 8 A;Per Poulsensvej 8 A;1964;1700;Baroque and rococo;Forhuset med udskud (1700-tallet). Fredet 1964.*;Per Poulsensvej 8 A, Samsø, Danmark;;
Samsø;Vestergyde 3;Vestergyde 3;1998;1700;Baroque and rococo;Den firelængede bondegård med stuehuset (ca. 1880) og de tre længer (1700-tallet), brønden samt pigstensbelægningen på gårdspladsen og ved nordlængens nordside. Fredet 1998.;Vestergyde 3, Samsø, Danmark;55,9632740;10,5519290
Samsø;Ørby Hovedgade 19;Ørbygård;1984;1700;Baroque and rococo;Den trelængede bindingsværksgård (slutn. af 1700-tallet). Fredet 1984.*;Ørby Hovedgade 19, Samsø, Danmark;55,7958380;10,5974350
Samsø;Besser Hovedgade 47;Besser Hovedgade 47;1964;;;Stuehuset. Fredet 1964.;Besser Hovedgade 47, Samsø, Danmark;55,8645900;10,6453350
Samsø;Nordby Hovedgade 27;Majstangen;1971;;;Stangen med det tremastede skib på toppen. Fredet 1971.;Nordby Hovedgade 27, Samsø, Danmark;55,9654290;10,5516820
Samsø;Storegade 49;Pillemark;1964;;;Forhuset. Fredet 1964.*;Storegade 49, Samsø, Danmark;55,8233150;10,5588100
Silkeborg;Vinderslevholmvej 56 A-B;Vinderslevholm;1985;1558;Renaissance;Hovedbygningen (antagelig 1558), de to staldbygninger og den brolagte gårdsplads. Fredet 1985.;Vinderslevholmvej 56 A-B, Silkeborg, Danmark;56,2500508;9,4535911
Silkeborg;Aunsbjergvej 2 A;Aunsbjerg;1945;1500;Medieval;Hovedbygningens gamle fløj (ca. 1500-50 og senere). Fredet 1945.;Aunsbjergvej 2 A, Silkeborg, Danmark;56,3222110;9,4154390
Silkeborg;Aunsbjergvej 6;Liselund;1945;1790;Classicism;Stuehuset i nord (1790), de to staldbygninger i øst (1915) og vest (1855) samt den trelængede bygning i syd (1830'rne). Fredet 1945.;Aunsbjergvej 6, Silkeborg, Danmark;56,3203140;9,3888800
Silkeborg;Erik Glippingsvej 1;Fischers Hospital;1946;1778;Classicism;Hospitalsbygningen og udhuset (1778). Fredet 1946.*;Erik Glippingsvej 1, Silkeborg, Danmark;;
Silkeborg;Hovedgårdsvej 7;Silkeborg Hovedgård;1945;1770;Classicism;Hovedbygningen (1770) med sidebygning i øst samt portpiller. Fredet 1945.;Hovedgårdsvej 7, Silkeborg, Danmark;56,1690260;9,5531110
Silkeborg;Præstevangen 39;Grønbæk Præstegård;1945;1757;Classicism;Stuehuset (1757) med nyere tilbygning i øst. Fredet 1945.;Præstevangen 39, Silkeborg, Danmark;56,2750880;9,6197910
Silkeborg;Amaliegade 49;Silkeborg Vandtårn;1986;1902;Historicism;Vandtårnet (1902 af Anton Rosen). Fredet 1986.;Amaliegade 49, Silkeborg, Danmark;56,1652600;9,5496380
Silkeborg;Remstrup Å ved Sejsvej;Jernbanebroer (2 stk.) over Remstrup Å;2010;1907;Historicism;Skanderborg-Silkeborg-broen (1907-08) og Langaa-Silkeborg-broen (1907-08) med brofæster i granit. Fredet 2010;Remstrup Å ved Sejsvej, Silkeborg, Danmark;;
Silkeborg;Torvet 2 A;Silkeborg Ting- og Arresthus;1978;1857;Historicism;Ting- og arresthuset (1857 af Hans Chr. Zeltner) med senere tilbygning (1923). Fredet 1978.;Torvet 2 A, Silkeborg, Danmark;56,1692280;9,5487070
Silkeborg;Marsvinslundvej 10 A;Marsvinslund;1918;1654;Baroque and rococo;Hovedbygningen (1654, forlænget i 1700-tallet). Fredet 1918.*;Marsvinslundvej 10 A, Silkeborg, Danmark;56,3438830;9,3877930
Skanderborg;Adelgade 19;Amtsgården;1919;1804;Classicism;Forhuset (1804 af Peder Quist). Fredet 1919. *;Adelgade 19, Skanderborg, Danmark;56,0304320;9,9339170
Skanderborg;Ringklostervej 18;Ring Kloster;1981;1750;Classicism;Agerumsladen (ca. 1750-1800). Fredet 1981.*;Ringklostervej 18, Skanderborg, Danmark;56,0129630;9,9652750
Skanderborg;Slotsholmen 4, Slotsbanken;Frederik VI's Minde;1971;1842;Classicism;Monumentet (1842-45 af Bertel Thorvaldsen og G.F. Hetsch). Fredet. 1971.;Slotsholmen 4, Slotsbanken, Skanderborg, Danmark;;
Skanderborg;Adelgade 38;Skanderborg Rådhus;1978;1860;Historicism;Rådhuset med sidebygning (1860 af Hans Chr. Zeltner). Fredet 1978. *;Adelgade 38, Skanderborg, Danmark;56,0311430;9,9336830
Skanderborg;Klostervej 3;Ry Station;1992;1871;Historicism;Hovedbygningen (1871 af N.P. Holsøe, ombygget 1901 af Heinrich Wenck), det hermed sammenbyggede pakhus (1924 af K.T. Seest) og ahorntræet ved hovedbygningens nordgavl. Fredet 1992.;Klostervej 3, Skanderborg, Danmark;56,0912530;9,7585070
Skanderborg;Præstegaardsvej 1-3;Sjelle Præstegård;1980;1853;Historicism;Stuehuset i nord (1853, ombygget 1949 og 1956) samt vestlængen. Fredet 1980.*;Præstegaardsvej 1-3, Skanderborg, Danmark;;
Skanderborg;Adelgade 13;Skanderborg Præstegård;1919;1740;Baroque and rococo;Forhuset (1740 og senere). Fredet 1919.;Adelgade 13, Skanderborg, Danmark;56,0298200;9,9344640
Skanderborg;Wedelslundvej 2;Wedelslund;1945;1720;Baroque and rococo;Den trefløjede hovedbygning (ca. 1720 og 1828). Fredet 1945.;Wedelslundvej 2, Skanderborg, Danmark;56,1744340;9,9170900
Skanderborg;Oddervej 80;Dansepavillonen ved Vestermølle;2004;;;Dansepavillonen ved Vestermølle. Fredet. 2004.;Oddervej 80, Skanderborg, Danmark;56,0289820;9,9585230
Skive;Jungetgårdvej 26;Jungetgård;1918;1548;Renaissance;Den vinkelformede hovedbygning med spærremur mod sydøst (ca. 1548) og de omgivende voldgrave. Fredet 1918. Udvidet 1964.;Jungetgårdvej 26, Skive, Danmark;56,7656090;9,1075610
Skive;Kåsvej 44;Kås;1918;1635;Renaissance;Hovedbygningen (1635). Fredet 1918.;Kåsvej 44, Skive, Danmark;56,6078270;8,6992250
Skive;Stårupgårdvej 10;Stårupgård;1918;1550;Renaissance;Hovedbygningen (ca. 1550). Fredet 1918.*;Stårupgårdvej 10, Skive, Danmark;56,5863850;9,1118440
Skive;Borgen 6 A;Spøttrup;1918;1500;Medieval;Den trefløjede hovedbygning med spærremur og porttårn samt de omgående volde og grave (ca. 1500, 1579 ff.). Fredet 1918.*;Borgen 6 A, Skive, Danmark;56,6383580;8,7859790
Skive;Hejlskovvej 15;Ørslev Kloster;1918;1500;Medieval;Den trefløjede hovedbygning samt murene ved kirkens apsis (ca. 1500, ombygget i 1700-tallet) og portnerboligen (beg. af 1800-tallet). Fredet 1918. Udvidet 1985.*;Hejlskovvej 15, Skive, Danmark;56,5974410;9,2174350
Skive;Sdr;Boulevard 1A;2017;middelalder;Medieval;Gammel Skivehus. Kampestenskælderen under østfløjen (middelalder). Fredet 2017;Sdr, Skive, Danmark;56,5627967;8,7910565
Skive;Østergårdsvej 1;Salling Østergård;1918;1516;Medieval;Den firefløjede hovedbygning (vestfløj 1516, sydfløj ca. 1530-40, øst- og nordfløje ca. 1550). Fredet 1918.;Østergårdsvej 1, Skive, Danmark;56,5553870;9,0878290
Skive;Astrup Allé 1;Astrup Hovedgård;1918;1773;Classicism;Hovedbygningen (1773) og den dermed sammenbyggede toetages pavillonbygning mod øst (1786) samt, beliggende parallelt med hovedbygningen og symmetrisk på hver side af adgangsvejen til denne, de to småhuse hvert sammenbygget med hegnsmur og forbundet med en lille portbygning ud til vejen (ca. 1800). Fredet 1918. Udvidet 1964.*;Astrup Allé 1, Skive, Danmark;56,6747560;9,0944840
Skive;Eskjærvej 21;Eskjær;1918;1761;Classicism;Den trelængede hovedbygning med omgivende grave (opf. 1761 på middelalderlige kældre). Fredet 1918.*;Eskjærvej 21, Skive, Danmark;56,6940110;9,1144500
Skive;Strandetvej 49;Strandet;1918;1798;Classicism;Hovedbygningen (ældre enetages bygning ombygget i 1798). Fredet 1918.*;Strandetvej 49, Skive, Danmark;56,5734880;9,2372370
Skive;Heden 19;Ny Spøttrupgård;2011;1870;Historicism;Stuehuset med tilhørende mure mod syd og øst, stald, lade (1870-1890) samt pigstensbelægningen foran stuehuset og granitstenen ved indkørslen. Fredet 2011;Heden 19, Skive, Danmark;56,6841880;8,8161940
Skive;Jenlevej 6;Jenle;1982;1906;Historicism;Hovedbygningen med sidefløj, stald og lade (1906-1907 af Povl Baumann), den græsbevoksede gårdsplads, haveanlægget (1906 af havearkitekt G.N. Brandt), det i haveanlægget stående mindesmærke over Jeppe Aakjær (1907 af billedhugger Niels Hansen Jacobsen) og lysthuset med ildsted.Fredet 1982. Udvidet 1988 og 1992.;Jenlevej 6, Skive, Danmark;56,6652290;9,0873430
Skive;Langesgaardvej 3;Langesgaard;2005;1870;Historicism;Det fritliggende stuehus (1870 af Julius Tholle), de tre sammenbyggede avlslænger (1908-1933) omkring gårdspladsen samt porten mellem stuehuset og sydlængen. Fredet 2005.;Langesgaardvej 3, Skive, Danmark;;
Skive;Krabbesholm Allé 15;Krabbesholm;1918;1700;Baroque and rococo;Hovedbygningen (ca. 1560 af Villestrupmesteren) med de to sidefløje (1700-tallet) samt bindingsværkslængen nordwest for hovedbygningen (mellem 1755 og 1773). Fredet 1918. Udvidet 1985.*;Krabbesholm Allé 15, Skive, Danmark;56,5728880;9,0511580
Slagelse;Algade 2;Peder Reedtz' Gård, Skælskør;1918;1600;Renaissance;Forhuset (ca. 1600 og senere) og de to sammenbyggede sidehuse mod Strandgade (ndr. hus mellem 1854 og 1867, sdr. hus 1851) samt den brolagte gårdsplads. Fredet 1918. Udvidet 1986.*;Algade 2, Slagelse, Danmark;55,3708330;11,4121580
Slagelse;Borrebyvej 45-49;Borreby;1918;1598;Renaissance;Dobbeltvoldstedet med grave og broer, hovedbygningens nordfløj (1598), østfløj (1639), sydfløj (1642) og vestfløj med portgennemkørsel (1649, ombygget 1781 og 1850) og den vest derfor liggende vognportbygning og tinghuset samt laden langs nordre grav og samtlige bygninger langs søndre grav.Fredet 1918. Udvidet 1954.*;Borrebyvej 45-49, Slagelse, Danmark;55,2312430;11,2990146
Slagelse;Holsteinborgvej 130;Holsteinborg;1918;1647;Renaissance;Den firefløjede hovedbygning (nordfløjen 1598, de øvrige fløje 1639-49) og i avlsgården: portlængen mod nord med bro og flankemure (1647, genopført efter brand 1980) og den med portlængen sammenbyggede lade (1651), vestlængen (ca. 1650, ombygget 1890, genopført efter brand 1980) samt sydlængens to bygninger (1647, senere forlænget mod øst), endvidere de bevarede dele af voldgraven nord og sydvest for gården. Fredet 1918. Udvidet 1952.*;Holsteinborgvej 130, Slagelse, Danmark;55,2148270;11,4647380
Slagelse;Bredegade 7 A-D;Slagelse Hospital;1924;1500;Medieval;Hospitalets middelalderlige del (ca. 1500) og det firefløjede anlæg med tilbygning mod sydvest (nordfløj mod Bredgade 1769, forhøjet 1877 af J.D. Herholdt, østfløj 1870 af Christian Hansen, sydfløj 1848 af Jørgen Hansen Koch). Fredet 1924. Udvidet 1969, 1977.*;Bredegade 7 A-D, Slagelse, Danmark;55,4010182;11,3480628
Slagelse;Esholtevej 102 A;Kirkerup Kirkelade;1964;1450;Medieval;Kirkeladebygningen (1450-1500). Fredet 1964.;Esholtevej 102 A, Slagelse, Danmark;55,3499026;11,4919507
Slagelse;Gammelgade 4;Den gamle Latinskole, Skælskør;1918;1525;Medieval;Forhuset (ca. 1525, opr. kirkelade). Fredet 1918.;Gammelgade 4, Slagelse, Danmark;55,2536060;11,2862220
Slagelse;Rosengade 4 B;Den gamle Latinskole, Slagelse;1918;1500;Medieval;Forhuset (ca. 1500). Fredet 1918.*;Rosengade 4 B, Slagelse, Danmark;55,4036070;11,3538890
Slagelse;Vedskøllevej 4;Magleby Hospital (tidl.);1959;middelalder;Medieval;Den grundmurede bygning (middelalder, omb. 1624 og 1758). Fredet 1959.*;Vedskøllevej 4, Slagelse, Danmark;55,2327430;11,3204170
Slagelse;Algade 25 A;Kongegården;1918;1761;Classicism;Forhuset (1761). Fredet 1918.*;Algade 25 A, Slagelse, Danmark;55,3281450;11,1395690
Slagelse;Algade 27;Algade 27, Korsør;1948;1800;Classicism;Forhuset (beg. af 1800-tallet). Fredet 1948.*;Algade 27, Slagelse, Danmark;55,2539010;11,2948850
Slagelse;Bjergbygade 11;Acciseboden i Slagelse;1918;1783;Classicism;Bindingsværksbygningen (1783, formentlig af J.F. Bonier). Fredet 1918.;Bjergbygade 11, Slagelse, Danmark;55,4000220;11,3528210
Slagelse;Espevej 56;Espe;1949;1822;Classicism;Hovedbygningen (formentlig 1700-tallet, forhøjet og ombygget 1848) samt alle andre mod den store gårdsplads liggende bygninger (1822). Fredet 1949.*;Espevej 56, Slagelse, Danmark;55,2918960;11,2442070
Slagelse;Falkensteenvej 20;Falkensteen;1950;1775;Classicism;Hovedbygningen (1775) og laden med det hvælvede stråtag (1862).Fredet 1950. Udvidet 1964.*;Falkensteenvej 20, Slagelse, Danmark;55,3577080;11,3673810
Slagelse;Fladholtevej 6;Skovsgaard Mølle;1964;1820;Classicism;Vindmøllen (ca. 1820). Fredet 1964.;Fladholtevej 6, Slagelse, Danmark;55,3427460;11,4840490
Slagelse;Havnevej 1-3;Husene ved broen, Skælskør;1978;1820;Classicism;De to bindingsværkshuse (ca. 1820). Fredet 1978.*;Havnevej 1-3, Slagelse, Danmark;55,2526481;11,2904881
Slagelse;Havnevej 5;Havnevej 5, Skælskør;1988;1849;Classicism;Det toetages, grundmurede house (1849, tidl. sidehus til Algade 3B). Fredet 1988. *;Havnevej 5, Slagelse, Danmark;55,2539790;11,2920300
Slagelse;Lygtebakken 19;Halsskov Kulfyr;1959;1801;Classicism;Det ottekantede fundament med fire trapper, sokkel og jernkurv (1801 af Joseph Guione). Fredet 1959.;Lygtebakken 19, Slagelse, Danmark;55,3376540;11,1249590
Slagelse;Marsk Stigsvej 150 A og 150;Tårnholm;1949;1798;Classicism;Hovedbygningen og de foran denne liggende to bindingsværkslænger (1798). Fredet 1949.;Marsk Stigsvej 150 A og 150, Slagelse, Danmark;;
Slagelse;Nytorv 3;Nytorv 3, Skælskør;1979;1819;Classicism;Længen mod Nytorv (1819). Fredet 1979.*;Nytorv 3, Slagelse, Danmark;55,2547420;11,2973490
Slagelse;Skovvej 2 A;Acciseboden i Korsør;1918;1785;Classicism;Acciseboden (ca. 1785 eller ca. 1840). Fredet 1918.;Skovvej 2 A, Slagelse, Danmark;55,3262350;11,1416380
Slagelse;Slotsgade 53;Brænderigården;1918;1810;Classicism;Forhuset (1810). Fredet 1918.*;Slotsgade 53, Slagelse, Danmark;55,3991200;11,3590550
Slagelse;Sorterup Kirkevej 2 B;Sorterup Kirkelade (egl;1979;1800;Classicism;Fattighus). Bindingsværksbygningen (beg. af 1800-tallet). Fredet 1979.;Sorterup Kirkevej 2 B, Slagelse, Danmark;55,4492260;11,4401880
Slagelse;Store Frederikslund 1;Store Frederikslund;1918;1800;Classicism;Hovedbygningen (beg. af 1800-tallet, efter forlæg af Andreas Kirkerup). Fredet 1918.;Store Frederikslund 1, Slagelse, Danmark;55,4421700;11,4629620
Slagelse;Storebæltsvej 40;Halsskov Revhus;1968;1838;Classicism;Isbådsstationen (1838) og det hermed sammenbyggede bådehus (1884). Fredet 1968. Udvidet 1982.;Storebæltsvej 40, Slagelse, Danmark;55,3504973;11,1262464
Slagelse;Tårnborgvej 152-154 og Ørnumvej 4;Tårnborg;1950;1803;Classicism;Hovedbygningen (1803) og forpagterboligen (1843). Fredet 1950. Udvidet 1982.*;Tårnborgvej 152-154 og Ørnumvej 4, Slagelse, Danmark;;
Slagelse;Ørslevvej 240;Rützows Hus;1949;1800;Classicism;Det lerstampede house (ca. 1800). Fredet 1949.;Ørslevvej 240, Slagelse, Danmark;55,2245270;11,4310160
Slagelse;Algade 11;Den gamle Købmandsgård, Skælskør;1981;1853;Historicism;Forhuset mod Algade (før 1761, ombygget 1854) og de dermed sammenbyggede og i forlængelse af hinanden opførte tre sidebygninger (1853-54) samt tværbygningen (ca. 1775) med tilbygning (ca. 1890) og brolægningen i det forreste gårdsrum. Fredet 1981.*;Algade 11, Slagelse, Danmark;55,3270240;11,1406810
Slagelse;Algade 18;Algade 18, Korsør;1982;1860;Historicism;Forhuset (ca. 1860). Fredet 1982.*;Algade 18, Slagelse, Danmark;55,3280720;11,1399640
Slagelse;Gammeltorv 13;Skælskør tidl;2001;1896;Historicism;Rådhus. Skælskør tidl. råd-, ting- og arresthus med det tilhørende udhus, de tre indre gårde og de omsluttende mure (1896 af F.C.C. Hansen). Fredet 2001.;Gammeltorv 13, Slagelse, Danmark;55,2542380;11,2874300
Slagelse;Gl;Banegårdsplads 8-10 (tidl;1992;1906;Historicism;Banegårdspladsen 8-10). Korsør Station. Hovedbygningen og kioskbygningen (1906 af Heinrich Wenck). Fredet 1992.*;Gl, Slagelse, Danmark;55,3853563;11,2665224
Slagelse;Gyldenholmvej 8;Gyldenholm;1978;1863;Historicism;Hovedbygningen (1863-64 af J.D. Herholdt). Fredet 1978.;Gyldenholmvej 8, Slagelse, Danmark;55,3404710;11,4626600
Slagelse;Kanehøj-Møllevej 53;Kanehøj Mølle;2016;1881;Historicism;Vindmølle og maskinhus (1881). Fredet 2016;Kanehøj-Møllevej 53, Slagelse, Danmark;55,2696200;11,3256990
Slagelse;Næsbyvej 24;Ågård;1987;1850;Historicism;Den firefløjede, stråtækte gård og den brolagte gårdsplads (stuehus ca. 1850, staldlænger fra anden halvdel af 1700-tallet). Fredet 1987.*;Næsbyvej 24, Slagelse, Danmark;55,4006960;11,2586780
Slagelse;Skovvej 6;Den gamle Lægebolig, Skælskør;1992;1856;Historicism;Villaen (1856 af Gottlieb Bindesbøll) med tilhørende udhus nordøst for villaen samt det tilhørende haveanlæg skrånende ned mod kystvejen. Fredet 1992. *;Skovvej 6, Slagelse, Danmark;55,2550810;11,2871740
Slagelse;Slagelse-Hejninge vejstrækning;Englænder Jernbanebroen;1981;1853;Historicism;Den trebuede jernbanebro over vestbanen på vejstrækningen Slagelse-Hejninge, 95,822 km fra København (1853). Fredet 1981.;Slagelse-Hejninge vejstrækning, Slagelse, Danmark;;
Slagelse;Snedinge Møllevej 5;Snedinge Møllevej 5;1992;1927;Historicism;Den trelængede gård, bestående af et stuehus, to avlslænger, en forbindende mur (1927 af murermester Teisen) samt den brolagte gårdsplads. Fredet 1992 *;Snedinge Møllevej 5, Slagelse, Danmark;55,2382400;11,4255580
Slagelse;Sprogø 3;Sprogø Fyr;1987;1868;Historicism;Fyrtårnet og den dermed sammenbyggede fyrassistentbolig (1868, ommuret 1893 og 1991). Fredet 1987.;Sprogø 3, Slagelse, Danmark;55,3306780;10,9695340
Slagelse;Søndre Stationsvej 28 A;Slagelse Station;1992;1891;Historicism;Hovedbygningen (1891-92 af N.P. Holsøe). Fredet 1992.;Søndre Stationsvej 28 A, Slagelse, Danmark;;
Slagelse;Sørby Hovedgade 24;Sørbymagle Andelsmejeri (tidl.);1997;1930;Historicism;Mejeribygningen, bestyrerboligen og garagen (1930 af David Thomsen). Fredet 1997.;Sørby Hovedgade 24, Slagelse, Danmark;55,3594590;11,4400390
Slagelse;Torvet 1;Ting- og Arresthuset i Korsør;1982;1851;Historicism;Hovedbygningen med sidefløj (1851 af Frederik Ferdinand Friis). Fredet 1982. *;Torvet 1, Slagelse, Danmark;55,3295540;11,1369250
Slagelse;Valbygårdsvej 94, tidl;Valbygårdsvej 88B;1996;1853;Historicism;Valbygård. Hovedbygningen (1853-55 af L.A. Winstrup og udvidet 1884). Fredet 1996.;Valbygårdsvej 94, tidl, Slagelse, Danmark;;
Slagelse;Vestergade 1;Skælskør Dampmølle;1978;1853;Historicism;Den tidl. dampmøllebygning (1853). Fredet 1978. *;Vestergade 1, Slagelse, Danmark;55,4011630;11,3443250
Slagelse;Algade 22;Algade 22, Korsør;1949;1700;Baroque and rococo;Forhus med dertil stødende bindingsværkssidehus (første halvdel af 1700-tallet).Fredet 1949.*;Algade 22, Slagelse, Danmark;55,3285100;11,1393300
Slagelse;Algade 31;Stapels Gård, Korsør;1918;1667;Baroque and rococo;Forhuset og det dermed sammenbyggede sidehus (1667).Fredet 1918. Udvidet 1977.*;Algade 31, Slagelse, Danmark;55,3284130;11,1384910
Slagelse;Søbatteriet 7-15;Korsør Fæstning;1918;1658;Baroque and rococo;Voldene (1658), det middelalderlige tårn (1200-1400), magasinbygningen (ca. 1600) og kommandantboligen (ca. 1800). Fredet 1918.;Søbatteriet 7-15, Slagelse, Danmark;55,3343842;11,1374883
Slagelse;Vedbysøndervej 1;Rytterskolen i Vedbysønder;1982;1723;Baroque and rococo;Den stråtækte rytterskole (1723, ombygget 1870 og 1927). Fredet 1982.*;Vedbysøndervej 1, Slagelse, Danmark;55,4180170;11,4397310
Slagelse;Vestergade 10;Vestergade 10, Skælskør;1918;1670;Baroque and rococo;Forhuset (ca. 1670). Fredet 1918.*;Vestergade 10, Slagelse, Danmark;55,4008780;11,3432080
Slagelse;Ørslevvej 230;Snedinge;1918;1663;Baroque and rococo;Kostalden og laden med de to smallere sidebygninger (1663) samt den lange østlænge (antagelig 1567 og ca. 1660). Fredet 1918. Udvidet 1964.;Ørslevvej 230, Slagelse, Danmark;55,2249760;11,4264720
Solrød;Tingsryds Allé 25;Uglegårdsskolen;2015;1972-1974;Modernism;Uglegårdsskolen og haveanlægget (1972-1974 af Halldor Gunnløgsson og Jørn Nielsen) med tilbygninger, beliggende på det forhøjede areal mellem Vestre Grænsevej, Mosestien og Kærstien samt mod vest afgrænset af stien mellem skolebygningen og det åbne sports- og legeareal. Fredet 2015;Tingsryds Allé 25, Solrød, Danmark;55,5281930;12,2106570
Sønderborg;Kegnæsvej 5;Lysabild Præstegård;1950;1627;Renaissance;De tre bygninger om gårdspladsen (1627, 1826 og 1852-53). Fredet 1950.;Kegnæsvej 5, Sønderborg, Danmark;54,9035330;10,0036790
Sønderborg;Kirkeallé 4;Kirkeallé 4;1921;1641;Renaissance;Beboelseshuset (1641). Fredet 1921.;Kirkeallé 4, Sønderborg, Danmark;;
Sønderborg;Kirkegade 8;Kirkegade 8;1921;1643;Renaissance;Det otte fag dybe bindingsværksgavlhus (1643). Fredet 1921.*;Kirkegade 8, Sønderborg, Danmark;54,9109510;9,7877620
Sønderborg;Perlegade 51;Perlegade 51;1945;1640;Renaissance;Det 13 fag dybe bindingsværksgavlhus (ca. 1640, gavlen senere grundmuret) samt heltagssidehuset i gården. Fredet 1945.;Perlegade 51, Sønderborg, Danmark;54,9119600;9,7921760
Sønderborg;Perlegade 61;Perlegade 61;1921;1640;Renaissance;Det 14 fag dybe bindingsværksgavlhus og den hermed sammenbyggede portfløj mod gaden (ca. 1640, den grundmurede gadeside, der samler gavlhus og portfløj to et langhus, senere). Fredet 1921.*;Perlegade 61, Sønderborg, Danmark;54,9125060;9,7926630
Sønderborg;Sønderbro 1 A;Sønderborg Slot;1921;1500;Medieval;Det sammenbyggede, firefløjede bygningsanlæg med tårne og tårnfundamenter samt omgivende hegnsmure (ca. 1500 og 1549-57 formentlig af Hercules von Oberberg, ombygget 1720 af Wilhelm Friedrich von Platen). Fredet 1921.;Sønderbro 1 A, Sønderborg, Danmark;54,9069720;9,7843270
Sønderborg;Ahlefeldvej 5;Det Gule Palæ;1921;1800;Classicism;Palæbygningen (ca. 1800). Fredet 1921.*;Ahlefeldvej 5, Sønderborg, Danmark;54,9200290;9,5920140
Sønderborg;Ballebrovej 17;Ballegård;1950;1771;Classicism;Hovedbygningen (1771), det lille house øst derfor og bygningen syd for sidstnævnte hus. Fredet 1950.;Ballebrovej 17, Sønderborg, Danmark;54,9945160;9,6695230
Sønderborg;Bygaden 11-13;Asserballe Præstegård;1950;1834;Classicism;Stuehus (1834), staldlænge (slutn. af 1700-tallet) og vestlængen (1600-tallet og senere). Fredet 1950.;Bygaden 11-13, Sønderborg, Danmark;54,9673081;9,9523078
Sønderborg;Dalsgårdvej 22;Dalsgårdvej 22;2009;1834;Classicism;Det tidligere skipperhus (1834). Fredet 2009.;Dalsgårdvej 22, Sønderborg, Danmark;54,8945790;9,5786240
Sønderborg;Dybbøl Banke 7;Dybbøl Mølle;1992;1848;Classicism;Møllen (genopført 1935), den hermed sammenbyggede møllelade (1848) og møllerboligen (1848). Fredet 1992.;Dybbøl Banke 7, Sønderborg, Danmark;54,9070960;9,7581310
Sønderborg;Gammel Guderup 24;Guderup tidl;1945;1805;Classicism;Præstegård. Stuehuset og den dermed sammenbyggede bygning samt den nord for liggende staldlænge (ca. 1805, udhuse ca. 1750 og 1847). Fredet 1945.*;Gammel Guderup 24, Sønderborg, Danmark;54,9929830;9,8710330
Sønderborg;Hørup Bygade 12;Hørup Præstegård;1945;1764;Classicism;"Stuehuset med udhus og to udlænger (hovedbygningen 1764-69 af Christian August Bohlsmann; udlængerne 1800). Fredet 1945.*";Hørup Bygade 12, Sønderborg, Danmark;54,9131970;9,8968820
Sønderborg;Kirkevænget 1-3;Kirkevænget 1-3;1989;1773;Classicism;Det stråtækte vinkelbyggede længehus (1773) med den yngre trempeltilbygning på nordlængen. Fredet 1989.;Kirkevænget 1-3, Sønderborg, Danmark;54,9670027;9,8978183
Sønderborg;Kirkevænget 5;Kirkevænget 5;1989;1800;Classicism;Det tifags stråtækte langhus (ca. 1800 og senere). Fredet 1989.;Kirkevænget 5, Sønderborg, Danmark;54,9668090;9,8976470
Sønderborg;Løkken 24;Løkken 24;1945;1776;Classicism;Det syv fags tidl. pakhus (ca. 1776, opr. baghus til Perlegade 51). Fredet 1945.*;Løkken 24, Sønderborg, Danmark;54,9120760;9,7915450
Sønderborg;Palævej 1 (tidl;Augustenborg Sygehus 1-2 og 6);1921;1770;Classicism;Augustenborg Slot. Den trefløjede hovedbygning (1770-76) og den gamle køkkenfløj nord for denne, staldgårdens portfløj, søndre og nordre fløj (1733 og 1764) med de to krumme forbindelsesmure, slotspladsen bestående af slotsgård og ridebane, den nord for liggende gamle vaskeribygning (1764), Kavalerbygningen, Storegade 2 (ca. 1800) samt Palæet: hovedbygning med sidebygning (ca. 1780). Fredet 1921. Udvidet 2014 *;Palævej 1 (tidl, Sønderborg, Danmark;;
Sønderborg;Palævej 2;Slotspræstegård (tidl.);1922;1776;Classicism;Forhuset (1776). Fredet 1922.*;Palævej 2, Sønderborg, Danmark;54,9460170;9,8654890
Sønderborg;Perlegade 58;Perlegade 58;1945;1750;Classicism;Forhuset (ca. 1750). Fredet 1945.*;Perlegade 58, Sønderborg, Danmark;54,9128910;9,7934280
Sønderborg;Præstevænget 3 A;Guderup gamle Kapellani;1954;1815;Classicism;Stuehuset (1815). Fredet 1954.;Præstevænget 3 A, Sønderborg, Danmark;54,9919070;9,8656550
Sønderborg;Ramserl 20;Ketting Præstegård;1945;1802;Classicism;Stuehuset samt stalden og gåsehuset (1802-03, udhuse 1772). Fredet 1945.;Ramserl 20, Sønderborg, Danmark;54,9691120;9,9056700
Sønderborg;Rosengade 18;Provstegården;1921;1767;Classicism;Hovedbygningen (1767 og senere) med muren langs Rosengade og staldbygningen in gården. Fredet 1921.;Rosengade 18, Sønderborg, Danmark;54,9066800;9,7882100
Sønderborg;Sandbjergvej 102-104;Sandbjerg;1945;1787;Classicism;Palæet (1787-88 af Christian August Bohlsmann) og forpagterboligen (1783). Fredet 1945.;Sandbjergvej 102-104, Sønderborg, Danmark;54,9397568;9,7408467
Sønderborg;Sandvej 7;Svenstrup;1985;1820;Classicism;Det syvfags beboelseshus (ca. 1820). Fredet 1985.;Sandvej 7, Sønderborg, Danmark;55,0270050;9,8257510
Sønderborg;Sejrsvej 105 A-C, 6300 Gråsten (tidl;Sejrsvej 79);1988;1782;Classicism;Bennicksgaard. Stuehuset (1782). Fredet 1988.;Sejrsvej 105 A-C, 6300 Gråsten (tidl, Sønderborg, Danmark;;
Sønderborg;Smedegade 15;Smedegade 15;1993;1798;Classicism;Det seksfags stråtækte beboelseshus sammenbygget med Smedegade 17 (med væsentlige bygningsdele fra 1798). Fredet 1993.;Smedegade 15, Sønderborg, Danmark;54,9919910;9,6603290
Sønderborg;Smedegade 17;Smedegade 17;1990;1798;Classicism;Det firefags stråtækte beboelseshus sammenbygget med Smedegade 15 (med væsentlige bygningsdele fra 1798). Fredet 1990.;Smedegade 17, Sønderborg, Danmark;54,9662999;9,8980636
Sønderborg;Smedegade 25;Bispegården;1950;1800;Classicism;Hovedbygningen (ca. 1800) og den vinkelbyggede længe øst herfor. Fredet 1950. *;Smedegade 25, Sønderborg, Danmark;54,9658610;9,8967160
Sønderborg;Storegade 11;Hofrådens Hus;1950;slutn. af 1700-tallet;Classicism;Forhuset (slutn. af 1700-tallet). Fredet 1950.*;Storegade 11, Sønderborg, Danmark;54,8893740;9,6748260
Sønderborg;Storegade 13;Storegade 13;1950;slutn. af 1700-tallet;Classicism;Forhuset (slutn. af 1700-tallet). Fredet 1950.;Storegade 13, Sønderborg, Danmark;55,0578220;9,7431580
Sønderborg;Storegade 15;Storegade 15;1950;slutn. af 1700-tallet;Classicism;Forhus med sidehus (slutn. af 1700-tallet). Fredet 1950.;Storegade 15, Sønderborg, Danmark;54,9459150;9,8688660
Sønderborg;Storegade 19;Storegade 19;1950;1788;Classicism;Forhuset mod Storegade og pakhuset mod Søndergade (1788). Fredet 1950.*;Storegade 19, Sønderborg, Danmark;54,9459420;9,8692820
Sønderborg;Storegade 20;Den gamle Skole;1922;1780;Classicism;Forhuset (1780). Fredet 1922.;Storegade 20, Sønderborg, Danmark;54,9458720;9,8705830
Sønderborg;Storegade 23;Postholderens Hus;1922;1760;Classicism;Forhuset (ca. 1760). Fredet 1922.*;Storegade 23, Sønderborg, Danmark;54,8883180;9,6740470
Sønderborg;Strelbjergvej 17-17 A;Strelbjergvej 17-17 A;1944;1792;Classicism;Stuehuset (1792). Fredet 1944.;Strelbjergvej 17-17 A, Sønderborg, Danmark;55,0032360;9,9306052
Sønderborg;Søndergade 16;Søndergade 16;1950;1750;Classicism;Det otte fag dybe bindingsværkshus med grundmuret gavl mod gaden og den åbne knægtbyggede del af det op to dettes baggavl beliggende sidehus samt det med gavlhuset sammenbyggede grundmurede gavlkvisthus (ca. 1750). Fredet 1950.;Søndergade 16, Sønderborg, Danmark;54,9087700;9,7863380
Sønderborg;Søndergade 7;Søndergade 7;1950;1830;Classicism;Forhuset (ca. 1830). Fredet 1950.;Søndergade 7, Sønderborg, Danmark;54,9085950;9,7861260
Sønderborg;Tontoft 13;Tontoft;1954;1784;Classicism;Hovedbygningen og den hermed sammenbyggede udlænge mod nordøst (ca. 1784). Fredet 1954. Udvidet 1988.*;Tontoft 13, Sønderborg, Danmark;55,0617630;9,7412930
Sønderborg;Vibæk Mølle 3;Vibæk Vandmølle;1959;1756;Classicism;Vandmøllen (1756), stuehuset (1819) og den nord for stuehuset og hermed parallelt liggende udhuslænge (ca. 1800 af gl. materialer). Fredet 1959. Udvidet 1988.*;Vibæk Mølle 3, Sønderborg, Danmark;54,8944250;9,9549600
Sønderborg;Æblegade 8;Æblegade 8;1950;1800;Classicism;Forhuset (1800-tallet). Fredet 1950.*;Æblegade 8, Sønderborg, Danmark;54,9096650;9,7884640
Sønderborg;Asylvej 1;Asylvej 1;1983;1870;Historicism;Asylbygningen i fem fag (1870). Fredet 1983.;Asylvej 1, Sønderborg, Danmark;54,9118530;9,7881740
Sønderborg;Bagergade 1;Bagergade 1;1990;1890;Historicism;Den enetages hjørnebygning med mur og port langs Bagergade (ca. 1890). Fredet 1990.;Bagergade 1, Sønderborg, Danmark;54,9084280;9,7862870
Sønderborg;Bøgevej 3;Nybøl Mølle;1998;1879;Historicism;Vindmøllen med maskinhus (1879). Fredet 1998.;Bøgevej 3, Sønderborg, Danmark;54,9488380;9,8708300
Sønderborg;Fynshavvej 12;Elstrup Mølle;1998;1855;Historicism;Vindmøllen (1855, flyttet til nuværende placering 1888) med motorhuset (1890), magasinbygningen (1890) og staldbygningen (1948). Fredet 1998.*;Fynshavvej 12, Sønderborg, Danmark;54,9918570;9,8917940
Sønderborg;Gammel Pøl 7;Gammel Pøl Fyr;2002;1905;Historicism;Fyrtårnet (1905) ved Gammel Pøl Fyr. Fredet 2002.;Gammel Pøl 7, Sønderborg, Danmark;54,8814030;10,0694090
Sønderborg;Kalvetoft 1;Kalvetoft 1;1984;1860;Historicism;Stuehuset (ca. 1860) og brolægningen foran sydfacaden. Fredet 1984.*;Kalvetoft 1, Sønderborg, Danmark;54,9661830;9,6618320
Sønderborg;Lambjergskovvej 14;Lambjergskovvej 14;1999;1850;Historicism;Stuehuset (ca. 1850) og den dermed sammenbyggede stald og lade samt haven og den pigstensbelagte plads mod vejen. Fredet 1999.*;Lambjergskovvej 14, Sønderborg, Danmark;54,9218570;9,8526810
Sønderborg;Rådhustorvet 10;Sønderborg Rådhus;1995;1933;Historicism;Rådhuset (1933 af Holger Mundt og udv. 1964 af Johan Juhler). Fredet 1995.;Rådhustorvet 10, Sønderborg, Danmark;54,9087590;9,7889240
Sønderborg;Sandvej 21;Alsingergården;1979;1863;Historicism;Gårdanlæg bestående af stuehus (1863) med sammenbygget stald, den vest herfor liggende staldlænge (ca. 1790, forlænget 1797) og den hermed sammenbyggede portlænge mod nord (ca. 1790). Fredet 1979.*;Sandvej 21, Sønderborg, Danmark;55,0275340;9,8283410
Sønderborg;Stenderup Kirkebakke 4;Stenderup Kirke;1988;1902;Historicism;Kirkebygningen (1902-3 af Martin Nyrop). Fredet 1988.*;Stenderup Kirkebakke 4, Sønderborg, Danmark;54,9243330;9,6882880
Sønderborg;Tinggården 4 og 15;Ketting Kro;1989;1868;Historicism;Den toetages tidl. krobygning og den hermed sammenbyggede rejsestald ligeledes i to etager samt den enetages høje sidebygning på krobygningen (1868). Fredet 1989.*;Tinggården 4 og 15, Sønderborg, Danmark;54,9658810;9,8974770
Sønderborg;Tingstedvej 8;Havnbjerg Mølle;1964;1855;Historicism;Vindmøllen (1855) og pakhuset. Fredet 1964.*;Tingstedvej 8, Sønderborg, Danmark;55,0400700;9,7988190
Sønderborg;Bjerggade 15;Bjerggade 15;1921;1650;Baroque and rococo;Forhuset (våning af bindingsværk ca. 1650). Fredet 1921.*;Bjerggade 15, Sønderborg, Danmark;54,9091070;9,7876390
Sønderborg;Bjerggade 17;Bjerggade 17;1921;1650;Baroque and rococo;Forhuset (to våninger af bindingsværk ca. 1650). Fredet 1921.;Bjerggade 17, Sønderborg, Danmark;54,9091710;9,7877110
Sønderborg;Bjørnemosen 1;Ulkebøl Præstegård;1945;1700;Baroque and rococo;Stuehuset (opr. fra slut. af 1700-tallet, genopført 1959, dørhammer fra 1699) samt staldlængen. Fredet 1945.;Bjørnemosen 1, Sønderborg, Danmark;54,9298560;9,8225340
Sønderborg;Gråsten Slot 1-3;Gråsten Slot;1921;1709;Baroque and rococo;"Det trefløjede slotsanlæg (endepavillonerne og nordre sidefløj med kapel ca. 1709, ombygget 1759; midtpavillonen 1842 og senere). Fredet 1921.";Gråsten Slot 1-3, Sønderborg, Danmark;54,9267339;9,5970348
Sønderborg;Havbogade 47;Havbogade 47;1921;1700;Baroque and rococo;Forhuset (halvdelen af et gavlkvisthus af bindingsværk 1700-tallet, senere delvis grundmuret). Fredet 1921.*;Havbogade 47, Sønderborg, Danmark;54,9119620;9,7854260
Sønderborg;Havbogade 49;Havbogade 49;1921;1700;Baroque and rococo;Forhuset (halvdelen af et gavlkvisthus af bindingsværk 1700-tallet, later delvis grundmuret). Fredet 1921.;Havbogade 49, Sønderborg, Danmark;54,9119850;9,7854020
Sønderborg;Kalvehavevej 3;Svenstrup Præstegård;1950;1700;Baroque and rococo;Hovedbygningen (1700-tallet) og østre længe. Fredet 1950.;Kalvehavevej 3, Sønderborg, Danmark;55,0264180;9,8210620
Sønderborg;Møllegade 15;Lundsbjerggård/Jollmanns gård;2002;1700;Baroque and rococo;Kroggården (slutningen af 1700-tallet), den brolagte gårdsplads, brolægningen langs anlæggets ydersider og møddingen syd herfor. Fredet 2002.;Møllegade 15, Sønderborg, Danmark;54,9139450;9,7986870
Sønderborg;Nordborgvej 118 K;Egen Kirkestalde;1945;1700;Baroque and rococo;De tre staldbygninger (1700-tallet). Fredet 1945.;Nordborgvej 118 K, Sønderborg, Danmark;55,0351126;9,8133076
Sønderborg;Notmark 4;Notmark Præstegård;1932;1688;Baroque and rococo;Den sammenbyggede stald- og stuehuslænge med påbygning mod west (1688 og tidl.) samt det vestre hus. Fredet 1932.;Notmark 4, Sønderborg, Danmark;54,9790250;9,9292880
Sønderborg;Osbækvej 15;Osbækvej 15;1950;1733;Baroque and rococo;Hovedgårdens store lade (1733). Fredet 1950.;Osbækvej 15, Sønderborg, Danmark;54,9474770;9,8656460
Sønderborg;Perlegade 49 og 49 A;Perlegade 49 og 49 A;1950;1700;Baroque and rococo;Det sammenbyggede gavl- og langhus samt det grundmurede sidehus (ca. 1700 og senere). Fredet 1950. Udvidet 1987.*;Perlegade 49 og 49 A, Sønderborg, Danmark;;
Sønderborg;Rosengade 7;Rosengade 7;1921;1700;Baroque and rococo;Forhuset (1700-tallet). Fredet 1921.*;Rosengade 7, Sønderborg, Danmark;54,9068510;9,7873380
Sønderborg;Sankt Jørgensgade 1;Sankt Jørgensgade 1;1921;1700;Baroque and rococo;Det lille bindingsværksbaghus ud til Kirkegade (formentlig 1700-tallet). Fredet 1921.*;Sankt Jørgensgade 1, Sønderborg, Danmark;;
Sønderborg;Slotsallé 10 A-E;Det gamle Hospital;1950;1700;Baroque and rococo;Den 15 fag lange hospitalsbygning (1700-tallet). F. 1950.;Slotsallé 10 A-E, Sønderborg, Danmark;54,9455123;9,8718808
Sønderborg;Stengade 19;Stengade 19;1950;1700;Baroque and rococo;Gavlhuset (formentlig 1700-tallet). Fredet 1950.;Stengade 19, Sønderborg, Danmark;54,9099710;9,7880700
Sønderborg;Søndergade 15;Søndergade 15;1950;1700;Baroque and rococo;Pakhuset af bindingsværk med grundmurede gavle (slutningen af 1700-tallet). Fredet 1950.;Søndergade 15, Sønderborg, Danmark;54,9089470;9,7861550
Sønderborg;Voldstedvej 1;Østerholm;1975;1700;Baroque and rococo;Den grundmurede bygning på den sydøstlige af Østerholm voldsteds tre holme (1700-tallet). Fredet 1975.*;Voldstedvej 1, Sønderborg, Danmark;55,0056250;9,9321270
Sønderborg;Liliegade 1, hj;af Stengade;1950;;;Liliegade 1. Huset med gavl mod Stengade. Fredet 1950. *;Liliegade 1, hj, Sønderborg, Danmark;;
Sønderborg;Mariegade 2;Mariegade 2;1950;;;Hus mod Lilliegade og den hermed sammenbyggede havemur. Fredet 1950. *;Mariegade 2, Sønderborg, Danmark;54,9099420;9,7883820
Sønderborg;Mariegade 4;Mariegade 4 (havemur);1950;;;Havemur mod Mariegade. Fredet 1950.;Mariegade 4, Sønderborg, Danmark;54,9103347;9,7886442
Sønderborg;Mariegade 6;Mariegade 6 (havemur og pavillon);1950;;;Havemur og pavillon. Fredet 1950.;Mariegade 6, Sønderborg, Danmark;54,9101830;9,7885850
Sønderborg;Notmark 23;Notmark Kro;1945;;;Forhuset med sidehus og det dermed sammenbyggede baghus mod øst. Fredet 1945.*;Notmark 23, Sønderborg, Danmark;54,9783490;9,9349530
Sønderborg;Sandbjergvej 101;Sandbjerggård;2008;;;Stuehuset. Fredet 2008.;Sandbjergvej 101, Sønderborg, Danmark;54,9468430;9,7471880
Sorø;Alstedvej 32;Alsted Præstegård;1978;1600;Renaissance;Stuehuset (1600-tallet og 1850) og østlængen (1908). Fredet 1978.*;Alstedvej 32, Sorø, Danmark;55,4046500;11,6658800
Sorø;Storgade 17 A;Museet, Den gamle Kro;1918;1624;Renaissance;Forhuset (1624-25) og brolægningen foran dette, de to sidehuse (1900 af F.C.C. Hansen) samt baghuset (1600-tallet og senere). Fredet 1918. Udvidet 1981.*;Storgade 17 A, Sorø, Danmark;55,4317287;11,5558505
Sorø;Storgade 7 A;De Unge Herrers Gård;1918;1623;Renaissance;Forhuset (1623-25, den grundmurede facade ca. 1750, udvidet 1898 og ombygget 1955). Fredet 1918.*;Storgade 7 A, Sorø, Danmark;55,4323620;11,5559020
Sorø;Akademigrunden 1;Sorø Akademi, Klosterporten;1918;1160;Medieval;Portbygning (1160-70 og ca. 1200, ombygget 1883 af J.D. Herholdt). Fredet 1918.*;Akademigrunden 1, Sorø, Danmark;55,4311000;11,5557290
Sorø;Hovsøvej 5;Vedbygård;1918;senmiddelalderlig;Medieval;"Den trefløjede hovedbygning med karnap på sydfløjen (sydfløj senmiddelalderlig; nordfløj fra ca. 1540; vestfløj fra ca. 1750'erne og fra 1856). Fredet 1918.*";Hovsøvej 5, Sorø, Danmark;55,5438880;11,3749440
Sorø;Akademigrunden 10;Sorø Akademi, Rektorboligen;1939;1835;Classicism;Beboelseshus (1835-36 af Frederik Ferdinand Friis). Fredet 1939.*;Akademigrunden 10, Sorø, Danmark;55,4297410;11,5552890
Sorø;Akademigrunden 7;Sorø Akademi;1932;1822;Classicism;Den trefløjede hovedbygning (1822-27 af Peder Malling). Fredet 1932.*;Akademigrunden 7, Sorø, Danmark;55,4296240;11,5565780
Sorø;Storgade 19 A;Apoteket;1944;1845;Classicism;Forhuset med de to sidelænger og baghus (ca. 1845). Fredet 1944.*;Storgade 19 A, Sorø, Danmark;55,4334180;11,5565650
Sorø;Storgade 9;Storgade 9;1981;1832;Classicism;Forhus (1832-34 formentlig af Frederik Ferdinand Friis) og sidehus (1889). Fredet 1981.*;Storgade 9, Sorø, Danmark;55,4327180;11,5561010
Sorø;Søgade 9-11;Urnes Gård;1918;1803;Classicism;Forhuset (østlige del 1803, grundmuret ca. 1850, vestlige del ca. 1830). Fredet 1918.*;Søgade 9-11, Sorø, Danmark;55,4322675;11,5523308
Sorø;Stationspladsen 2 A;Sorø Station;1993;1856;Historicism;Hovedbygningen med østre og vestre udhuse og forbindelsesmure (1856 af Fox, Henderson & Co., ombygget 1888-99 af N.P. Holsøe) og vandtårnet beliggende sydvest for hovedbygningen (1922 af K.T. Seest). Fredet 1993. Udvidet 1993.;Stationspladsen 2 A, Sorø, Danmark;55,4192260;11,5689530
Sorø;Torvet 2;Sorø Ting- og Arresthus;2009;1871;Historicism;Hovedbygningen på hjørnet af Torvet og Storgade med nagelfast inventar (arkitekt Vilhelm Tvede, 1880-81) mur med portpiller mellem hovedbygningen og nabobygningen Storgade 7, arrestbygningen (1871) samt de to lygtestandere i støbejern på Torvet foran hovedindgangen. Fredet 2009. *;Torvet 2, Sorø, Danmark;55,4321170;11,5556530
Sorø;Torvet 3;Torvet 3;1981;1867;Historicism;Forhuset (1867). Fredet 1981.*;Torvet 3, Sorø, Danmark;55,4315530;11,5553060
Sorø;Akademigrunden 8;Sorø Akademi, Ingemanns Hus;1918;1740;Baroque and rococo;Beboelseshus (ca. 1740 af Lauritz de Thurah). Fredet 1918.*;Akademigrunden 8, Sorø, Danmark;55,4294620;11,5573030
Sorø;Akademigrunden 9;Sorø Akademi, Molbechs Hus;1918;1740;Baroque and rococo;Beboelseshus (ca. 1740 af Lauritz de Thurah). Fredet 1918.*;Akademigrunden 9, Sorø, Danmark;55,4294080;11,5558870
Sorø;Alstedvej 30;Legathuset;1977;1700;Baroque and rococo;Bindingsværkslængen (1700-tallet). Fredet 1977.;Alstedvej 30, Sorø, Danmark;55,4044260;11,6646400
Sorø;Holbergsvej 101;Tersløsegård;1918;1737;Baroque and rococo;Den trefløjede hovedbygning (1737). Fredet 1918.*;Holbergsvej 101, Sorø, Danmark;55,4338593;11,5626683
Sorø;Lyngevej 8;Lynge Præstegård;1918;1742;Baroque and rococo;Bindingsværksbygningen på 44 fag (1742, ombygget ca. 1850). Fredet 1918.;Lyngevej 8, Sorø, Danmark;55,3992770;11,5644750
Sorø;Søgade 10 A;Søgade 10 A;1989;1700;Baroque and rococo;Det ottefags hus i egebindingsværk (1700-tallet, later grundmuret). Fredet 1989.*;Søgade 10 A, Sorø, Danmark;55,4321660;11,5535270
Sorø;Søgade 3;Søgade 3;1982;1700;Baroque and rococo;Forhuset (1700-tallet, facaden grundmuret 1859) med sidebygninger (1865). Fredet 1982.*;Søgade 3, Sorø, Danmark;55,4319160;11,5544300
Sorø;Søgade 7 A;Søgade 7 A;1982;1700;Baroque and rococo;Forhus (1700-tallet, grundmuret 1805 og 1817) og sidehus (1817). Fredet 1982.*;Søgade 7 A, Sorø, Danmark;55,4319770;11,5539700
Sorø;Torvet 7;Regensen;1918;1700;Baroque and rococo;Forhuset (1700-tallet) og de to lange teglhængte bindingsværkslænger bag dette (1822). Fredet 1918. Udvidet 1968.*;Torvet 7, Sorø, Danmark;55,4317740;11,5549220
Sorø;Torvet 8 og Søgade 2;Scavenius' Stiftelse;1918;1680;Baroque and rococo;Forhuset (1680 og senere). Fredet 1918.*;Torvet 8 og Søgade 2, Sorø, Danmark;;
Stevns;Slotsgade 4;Vallø Adelige Stift, inkl;1918;1580;Renaissance;"Det Hvide Stift. Det firefløjede anlæg (sydfløj med hjørnetårne, de to sydligste fag af vestfløjen og broen over graven ca. 1580-86, muligvis af Hans van Paeschen; bygningerne forhøjet og vestfløjen antagelig forlænget med to fag i 1600-tallets første halvdel; nordlige del af vestfløjen ca. 1651; nordfløjen 1721 af Johan Cornelius Krieger; ""Det hvide Stift"" 1735-38 af Lauritz de Thurah, ombygget 1765 af G.D. Anthon, genopført efter brand 1893-1908 ved Hans J. Holm). Fredet 1918.*";Slotsgade 4, Stevns, Danmark;55,4022470;12,2110250
Stevns;Korsnæbsvej 60;Stevnsfort;2012;1953;Modernism;Stevnsfort (1953-55 af ingeniørfirmaet Rasmussen & Schiøtz, ombygget 1982-84) bestående af det underjordiske anlæg med nedgangsbunkeren og alt nagelfast inventar, hovedbatteriets to kanontårne, alle øvrige overjordiske installationer i form af bl.a. lyskanon, radiobunker, ventilationshætter, ildlederperiskop, standplads til lyslederpost, garagebygninger, voldanlæg og vejsystem, helikopterlandingsplads, museets velkomstbygning (tidl. missilklargøringshal), trådhegn omkring og på området samt det omgivende areal på matriklerne 26a, 26i, 26m, 27a, 27b og 27c, Ll. Heddinge By, Ll. Heddinge. Fredet 2012.;Korsnæbsvej 60, Stevns, Danmark;55,2645620;12,4097360
Stevns;Gjorslevvej 20;Gjorslev;1918;ca. 1400;Medieval;"Hovedbygningen (korshuset ca. 1400, østre korsarm ombygget 1665-67 af Ewert Janssen, tårnets pyramidetag 1748; nordre sidelænge, ""forpagterhuset"", 1713 af Johan Conrad Ernst, kældrene fra ca. 1638, vestlige ende fra 1800-tallet; sydlige sidelænge 1843 af G.F. Hetsch) og hegnsmuren i gårdens østre side og kridtbroen med brolægning samt ""Bredgade"" (de to lange bindingsværkslænger) med gårdens brolægning.Fredet 1918. Udvidet 1978.*";Gjorslevvej 20, Stevns, Danmark;55,3540030;12,3807320
Stevns;Kirkevænget 2;Magleby Kirkelade, Lindencrones Stiftelse;1945;middelalder;Medieval;Kirkeladen (middelalder). Fredet 1945.;Kirkevænget 2, Stevns, Danmark;55,3632120;12,3377910
Stevns;Algade 8;Ting- og Arresthuset;1977;1836;Classicism;Hovedbygningen (1836-38 af Jørgen Hansen Koch) med udbygninger og ringmur (1836-38 af Georg Kretz). Fredet 1977. *;Algade 8, Stevns, Danmark;55,3096250;12,3891710
Stevns;Broveshøjvej 19;Østervang;1982;1800;Classicism;Den som gårdsmedie og maltkølle opførte bygning (1. halvdel af 1800-tallet). Fredet 1982.;Broveshøjvej 19, Stevns, Danmark;55,2731520;12,3941780
Stevns;Fyrvej 2, Stevns;Stevns Fyr;1932;1816;Classicism;Stevns Gamle Fyr bestående af kridtstensbygningen med den halvrunde fyrlanterne (1816-18 af P. de Løvenørn) og den nyere tilbygning samt det nyere frit stående kridtstensfyrtårn (1877-78) nord herfor. Fredet 1932. Udvidet 2002.;Fyrvej 2, Stevns, Stevns, Danmark;55,2905360;12,4533860
Stevns;Kirketorvet 7;Store Heddinge Præstegård;1919;1750;Classicism;Forhuset (1750). Fredet 1919.;Kirketorvet 7, Stevns, Danmark;55,3130340;12,3908540
Stevns;Slotsgade 9;Lægeboligen;1939;1780;Classicism;Forhus, sidehus og staldbygning langs vejen (ca. 1780). Fredet 1939.;Slotsgade 9, Stevns, Danmark;55,3998770;12,2101860
Stevns;Tåstrupvej 33;Trines Hus;1983;1770;Classicism;Stuehuset af bindingsværk (ca. 1770). Fredet 1983.*;Tåstrupvej 33, Stevns, Danmark;55,3357960;12,2856090
Stevns;Algade 11;Den tidl;2003;1925;Historicism;sparekasse. Forhuset, herunder portrummets belægning, sidehuset, muren med portåbning mellem de to gårdrum samt den dekorerede portal og krukken i gården (1925 af G.B. Hagen med udsmykninger af billedhuggeren Mathilius Schack Elo). Fredet 2003.;Algade 11, Stevns, Danmark;55,3103280;12,3891840
Stevns;Tåstrupvej 31;Druebjerggård;1995;1900;Historicism;Møddinghuset (ca. 1900). Fredet 1995.;Tåstrupvej 31, Stevns, Danmark;55,3361660;12,2850340
Stevns;Borgergade 11-13;Andreassens Hospital;1991;1742;Baroque and rococo;Hospitalsbygningen (1742). Fredet 1991.;Borgergade 11-13, Stevns, Danmark;55,3674478;12,3371391
Stevns;Branddamsvej 1;Vallø gamle Præstegård;1950;1700;Baroque and rococo;Stuehusets nord- og østlænge samt de vinkelbyggede avlslænger (1700-1800-tallet). Fredet 1950.*;Branddamsvej 1, Stevns, Danmark;55,3986690;12,2357610
Stevns;Juellingevej 2;Juellinge;1918;1675;Baroque and rococo;Hovedbygningen (1675), den grundmurede bygning og bindingsværksbygningen på voldstedet (begge beg. af 1800-tallet). Fredet 1918. Udvidet 1989.*;Juellingevej 2, Stevns, Danmark;55,3019760;12,2348080
Stevns;Slotsgade 10;Betjentboligen (tidl.);1939;1725;Baroque and rococo;Bindingsværkslænge (ca. 1725) og senere tilbygget tværbygning. Fredet 1939.;Slotsgade 10, Stevns, Danmark;55,4010350;12,2102940
Stevns;Slotsgade 12;Den gamle Præstegård;1939;1738;Baroque and rococo;Forhuset (ca. 1738). Fredet 1939.;Slotsgade 12, Stevns, Danmark;55,4008130;12,2104290
Stevns;Slotsgade 3-5;Stiftskontoret, Den gamle Kantorbolig;1939;1738;Baroque and rococo;Forhusene (ca. 1738) samt mur og vaskehus. Fredet 1939.;Slotsgade 3-5, Stevns, Danmark;55,4005901;12,2104392
Stevns;Stormarksvej 2;Lille Heddinge Rytterskole;1918;1722;Baroque and rococo;Rytterskolebygningen (1722). Fredet 1918.*;Stormarksvej 2, Stevns, Danmark;;
Struer;Hjermvej 59;Quistrup;1950;1500;Medieval;"Hovedbygningen (1500-tallet, helt ombygget ca. 1814 og senere; portalen ca. 1630). Fredet 1950.*";Hjermvej 59, Struer, Danmark;56,4639040;8,6133360
Struer;Hindselsvej 24;Hindsel;1991;1760;Classicism;Den trefløjede hovedbygning (1760), den brolagte gårdsplads mellem de tre fløje samt de to havemure nordøst for hovedbygningen. Fredet 1991.;Hindselsvej 24, Struer, Danmark;56,6741680;8,5790920
Struer;Holstebrovej 101;Avsumgård;1918;1777;Classicism;Den trelængede hovedbygning og de med sidelængerne sammenbyggede længer parallelt med hovedbygningen (ca. 1777). Fredet 1918.;Holstebrovej 101, Struer, Danmark;56,4291320;8,6019250
Struer;Gammel Færgevej;Grisetåodde Fyr;2002;1909;Historicism;Fyrtårnet (1909) ved Grisetåodde Fyr. Fredet 2002.;Gammel Færgevej, Struer, Danmark;56,5727732;8,5650558
Svendborg;Assensvej 233;Stenstrup;1950;1600;Renaissance;Beboelseshuset af bindingsværk over for kirken (1600-tallet). Fredet 1950.*;Assensvej 233, Svendborg, Danmark;55,1316580;10,4984820
Svendborg;Broholmsvej 32;Broholm;1918;1642;Renaissance;Det firefløjede anlæg (hovedfløj mod øst og portfløj mod nord 1642, ombygget ca. 1850 af G.F. Hetsch, senere restaureret, firkantet tårn mod vest 1895, forpagterbolig mod vest 1855 af G.F. Hetsch, biblioteksfløj mod syd 1905) samt museumsbygningen mod sydvest (ca. 1870). Fredet 1918.*;Broholmsvej 32, Svendborg, Danmark;55,1371740;10,7281380
Svendborg;Fruestræde 3;Anne Hvides Gård, museet;1918;1565;Renaissance;Forhuset (1565-70) og sidehuset. Fredet 1918.*;Fruestræde 3, Svendborg, Danmark;55,0601890;10,6090620
Svendborg;Hesselagergårdsvej 20 A;Hesselagergård;1918;1538;Renaissance;"Hovedbygningen (1538 formentlig af Martin Bussert; gavlene ca. 1550). Fredet 1918.*";Hesselagergårdsvej 20 A, Svendborg, Danmark;55,1584230;10,7638230
Svendborg;Kullinggade 6A;Kullinggade 6;1995;1600;Renaissance;Bindingsværksforhuset (slutningen af 1600-tallet, mindre ændringer omkring 1800 og 1885). Fredet 1995.*;Kullinggade 6A, Svendborg, Danmark;55,0575260;10,6123500
Svendborg;Slotsalléen 100;Valdemars Slot;1918;1639;Renaissance;Hovedbygningen (1639-43 af Hans II van Steenwinckel) med tepavillon og portbygninger (1749-54 af Georg Dietrich Tschierske) samt nordre og søndre længe, hegnsmurene, der forbinder bygningerne omkring gårdspladsen, forvalterboligen og den med denne sammenbyggede magasinbygning samt den herved beliggende smedie. Endvidere Generalindehuset (ca. 1790). Fredet 1918.*;Slotsalléen 100, Svendborg, Danmark;55,0223570;10,6532770
Svendborg;Vandværksvej 3-5;Hesselager, Store og Lille Hospital (tidl;1918;1550;Renaissance;kirkelade). Østre hospitalsbygning (Lille Hospital, opr. kirkelade, ca. 1550), vestre hospitalsbygning (Store Hospital, ca. 1596) samt udhuset (ca. 1770). Fredet 1918.*;Vandværksvej 3-5, Svendborg, Danmark;55,0613135;10,5914514
Svendborg;Fåborgvej 260;Hvidkilde;1918;1500;Medieval;Hovedbygningen (midterfløjen delvis 1500-tallet, ombygget og udvidet 1742 formentlig af Philip de Lange). Fredet 1918.*;Fåborgvej 260, Svendborg, Danmark;55,0727690;10,5340550
Svendborg;Skårup Kirkebakke 1 A;Skårup Hospital;1939;1500;Medieval;Kampestensbygningen (1500-tallet og 1652). Fredet 1939.;Skårup Kirkebakke 1 A, Svendborg, Danmark;55,0937670;10,6876140
Svendborg;Badstuen 2;Badstuen 2;1945;1800;Classicism;Forhuset (ca. 1800). Fredet 1945.*;Badstuen 2, Svendborg, Danmark;55,0346450;10,6413850
Svendborg;Badstuen 4;Badstuen 4;1945;1800;Classicism;Forhuset og det dermed sammenbyggede sidehus (ca. 1800). Fredet 1945.*;Badstuen 4, Svendborg, Danmark;55,0344460;10,6413300
Svendborg;Bagergade 1;Bagergade 1;1919;1775;Classicism;Forhuset (1775). Fredet 1919.*;Bagergade 1, Svendborg, Danmark;55,0611060;10,6095540
Svendborg;Bagergade 3;Bagergade 3;1919;1757;Classicism;Forhuset (1757 og ca. 1800). Fredet 1919.*;Bagergade 3, Svendborg, Danmark;55,0611380;10,6092660
Svendborg;Bagergade 40;Bagergade 40;1945;1838;Classicism;Forhuset (1838). Fredet 1945.;Bagergade 40, Svendborg, Danmark;55,0615870;10,6071120
Svendborg;Boelsmosevej 29;Isebækgård;1990;beg. af 1800-tallet;Classicism;Det trelængede gårdanlæg (fritliggende stuehus) (beg. af 1800-tallet). Fredet 1990.;Boelsmosevej 29, Svendborg, Danmark;55,1353130;10,7523780
Svendborg;Drejø Skov 16;Klintegården;1996;1830;Classicism;Den trefløjede bondegård bestående af stuehus og vestlænge (ca. 1830) og sydlænge (ca. 1900) samt den mønsterlagte brostensbelægning. Fredet 1996.;Drejø Skov 16, Svendborg, Danmark;54,9757190;10,3661350
Svendborg;Filippavej 57;Flintholm;1950;1843;Classicism;Den trefløjede hovedbygning (1843-44). Fredet 1950.;Filippavej 57, Svendborg, Danmark;55,1113590;10,4279290
Svendborg;Flyvervej 2;Flyvervej 2;1995;1847;Classicism;Husmandsstedet bestående af vinkelbygningen (genopført efter flytning omkr. 1800) indrettet to stuehus med dansestue, aftægtsbolig, stald og lade samt staldbygningen (1847). Fredet 1995.;Flyvervej 2, Svendborg, Danmark;55,0111290;10,5708370
Svendborg;Fåborgvej 201;Lehnshøj;1924;1800;Classicism;Hovedfløjen (ca. 1800). Fredet 1924.;Fåborgvej 201, Svendborg, Danmark;55,0733500;10,5538610
Svendborg;Grønnegade 10;Grønnegade 10, Troense;1945;1760;Classicism;Forhuset i bindingsværk (ca. 1760) og grundmur (ca. 1860). Fredet 1945.*;Grønnegade 10, Svendborg, Danmark;55,0321720;10,6457720
Svendborg;Grønnegade 13;Grønnegade 13;1950;1780;Classicism;Forhus med sidehus (ca. 1780-1800). Fredet 1950.*;Grønnegade 13, Svendborg, Danmark;55,0316490;10,6459010
Svendborg;Grønnegade 14;Grønnegade 14;1945;1760;Classicism;Forhus og sidehus (ca. 1760 og ca. 1800). Fredet 1945.;Grønnegade 14, Svendborg, Danmark;55,0318370;10,6456370
Svendborg;Grønnegade 16;Grønnegade 16;1945;1780;Classicism;Forhus med udskud til havesiden (ca. 1780-1800). Fredet 1945.*;Grønnegade 16, Svendborg, Danmark;55,0316440;10,6455530
Svendborg;Grønnegade 17;Grønnegade 17;1945;1800;Classicism;Forhus (ca. 1800) og sidehus. Fredet 1945.;Grønnegade 17, Svendborg, Danmark;55,0311890;10,6456710
Svendborg;Grønnegade 18;Grønnegade 18;1945;1770;Classicism;Forhus med sidehus (1770-90 og ca. 1800). Fredet 1945.;Grønnegade 18, Svendborg, Danmark;55,0314200;10,6454470
Svendborg;Grønnegade 21;Grønnegade 21;1945;1800;Classicism;Forhuset (ca. 1800). Fredet 1945.*;Grønnegade 21, Svendborg, Danmark;55,0309060;10,6455320
Svendborg;Grønnegade 23;Grønnegade 23;1945;1763;Classicism;Forhuset (1763). Fredet 1945.*;Grønnegade 23, Svendborg, Danmark;55,0306790;10,6453890
Svendborg;Grønnegade 24;Grønnegade 24;1945;1780;Classicism;Forhus med tilbygning samt sidehus og udhus (ca. 1780, 1826). Fredet 1945.;Grønnegade 24, Svendborg, Danmark;55,0762830;10,4180350
Svendborg;Grønnegade 7;Grønnegade 7;1945;1780;Classicism;Forhuset (ca. 1780-1800). Fredet 1945.*;Grønnegade 7, Svendborg, Danmark;55,0321950;10,6461480
Svendborg;Grønnegade 8;Grønnegade 8;1945;1760;Classicism;Forhuset (ca. 1760). Fredet 1945.*;Grønnegade 8, Svendborg, Danmark;55,0324190;10,6458120
Svendborg;Hallindskovvej 2 og 2 A;Gl;1982;1791;Classicism;Hestehauge. Porthuset med tilbygninger (1791-97, ombygget ca. 1907, mod øst 1970, mod vest 1937 og 1967-74). Fredet 1982.*;Hallindskovvej 2 og 2 A, Svendborg, Danmark;;
Svendborg;Havnepladsen 7;Havnemesterboligen;1945;1837;Classicism;Forhus (ca. 1837) samt mur med halvtagsbygning. Fredet 1945.;Havnepladsen 7, Svendborg, Danmark;55,0585780;10,6143500
Svendborg;Hestmaevej 1;Lægtmandsgården;1995;slutn. af 1700-tallet;Classicism;Den firelængede bondegård (slutn. af 1700-tallet, ombygget i beg. af 1800-tallet), den brostensbelagte gårdsplads samt de fem elmetræer langs indkørselsvejen. Fredet 1995.;Hestmaevej 1, Svendborg, Danmark;54,9704790;10,4212700
Svendborg;Hundstrupvej 29 A;Kroghenlund;1945;1810;Classicism;Hovedbygning med sidefløje (ca. 1810). Fredet 1945.*;Hundstrupvej 29 A, Svendborg, Danmark;55,1218760;10,4726540
Svendborg;Højgårdsvej 27 (tidl;Sterrebyvej 47);1992;1800;Classicism;Højgård. Gårdens stuehus og dermed sammenbygget ladebygning (ca. 1800). Fredet 1992.;Højgårdsvej 27 (tidl, Svendborg, Danmark;;
Svendborg;Korsgade 14;Korsgade 14;1945;1841;Classicism;Forhuset (1841, ombygget 1951). Fredet 1945.*;Korsgade 14, Svendborg, Danmark;55,0578830;10,6096670
Svendborg;Krovej 11;Krovej 11;1944;1800;Classicism;Forhuset (ca. 1800 og senere). Fredet 1944.;Krovej 11, Svendborg, Danmark;55,1405170;10,7836660
Svendborg;Krovej 13;Krovej 13;1944;1800;Classicism;Forhuset (ca. 1800). Fredet 1944.*;Krovej 13, Svendborg, Danmark;55,0741720;10,4593500
Svendborg;Krovej 15;Krovej 15;1944;1800;Classicism;Forhuset (ca. 1800). Fredet 1944.*;Krovej 15, Svendborg, Danmark;55,0741900;10,4586100
Svendborg;Krovej 4 og 9;Vester Skerninge Kro;1918;1772;Classicism;Beboelseshuset med sidehus (slutn. af 1700-tallet og senere), krobygningen med udskud (1772 og senere), rejsestald og lade (slutn. af 1700-tallet). Fredet 1918.;Krovej 4 og 9, Svendborg, Danmark;;
Svendborg;Kullinggade 2;Bødkergården;1990;1750;Classicism;Bindingsværkshuset mod Kullinggade (ca. 1750, grundmuret 1815) samt udhusbygningen i gården. Fredet 1990.*;Kullinggade 2, Svendborg, Danmark;55,0581020;10,6124580
Svendborg;Kullinggade 29A-B;Baagøe & Ribers Plads;2018;1821;Classicism;Pakhuset mod syd (1821, forlænget 1834), pakhuset mod nord (1842), pladskontor (1903), villaen (1886) og den tilhørende plads med bolværk (1821). Fredet 2018;Kullinggade 29A-B, Svendborg, Danmark;55,0575176;10,6124700
Svendborg;Kyseborgstræde 20;Kyseborgstræde 20;1920;1800;Classicism;Pakhuset i bindingsværk (første halvdel af 1800-tallet). Fredet 1920.;Kyseborgstræde 20, Svendborg, Danmark;55,0586300;10,6075820
Svendborg;Møllergade 24 og Krøyersstræde 3;Krøyers Pakhus;1924;1780;Classicism;Pakhuset mod havnen (ca. 1800) og den tilbageværende del af mellembygningen mod nord(1780). Fredet 1924. *;Møllergade 24 og Krøyersstræde 3, Svendborg, Danmark;;
Svendborg;Møllergade 35 A;Ebenezer;1973;1756;Classicism;Forhus af bindingsværk mod Møllergade (1756) med grundmuret tilbygning mod Fruestræde. Fredet 1973.*;Møllergade 35 A, Svendborg, Danmark;55,0608900;10,6101180
Svendborg;Møllergade 43;Møllergade 43;1974;1790;Classicism;Forhuset (1790). Fredet 1974.*;Møllergade 43, Svendborg, Danmark;55,0614990;10,6100090
Svendborg;Møllergade 86;Feldberederiet (tidl.);1919;1761;Classicism;Forhus (før 1761) og baghus (beg. af 1800-tallet). Fredet 1919.*;Møllergade 86, Svendborg, Danmark;55,0633160;10,6128300
Svendborg;Møllevej 21;Hesselager Møllegård;1985;beg. af 1800-tallet;Classicism;Hovedbygningen (beg. af 1800-tallet) med trapper og stensætninger. Fredet 1985.*;Møllevej 21, Svendborg, Danmark;55,0765770;10,4231560
Svendborg;Nielstrupvej 25;Nielstrup;1945;1820;Classicism;Hovedbygningen (1820). Fredet 1945.;Nielstrupvej 25, Svendborg, Danmark;55,0779660;10,5227430
Svendborg;Skattergade 10;Skattergade 10;1945;1761;Classicism;Forhus med sidehus (før 1761, ombygget ca. 1780 og senere). Fredet 1945.;Skattergade 10, Svendborg, Danmark;55,0575990;10,6103900
Svendborg;Skattergade 8;Skattergade 8;1945;1847;Classicism;Forhuset (1847). Fredet 1945.*;Skattergade 8, Svendborg, Danmark;55,0576570;10,6102860
Svendborg;Skovballevej 21;Enkesædet;1990;1825;Classicism;Det nifags stuehus (1825), udhuset i tre fag (1825), den gamle staldbygning (1843, udvidet 1922), den nye staldbygning (ca. 1920) samt den brolagte gårdsplads. Fredet 1990.;Skovballevej 21, Svendborg, Danmark;54,9987890;10,5986880
Svendborg;Skårup Kirkebakke 4;Skårup Seminarium;1945;1836;Classicism;Den trelængede hovedbygning (1836). Fredet 1945.*;Skårup Kirkebakke 4, Svendborg, Danmark;55,0930830;10,6881960
Svendborg;Skårupørevej 30;Brillegården;1990;1801;Classicism;Det sammenbyggede firelængede anlæg (1801 - udflytningsåret), det fritliggende udhus kovehuset samt den brolagte gårdsplads. Fredet 1990.*;Skårupørevej 30, Svendborg, Danmark;55,0765930;10,7001730
Svendborg;Sophie Frederikkevej 1;Sophie Frederikke Skolen;1979;1835;Classicism;Skolebygningen (1835) med tilbygning (1950'erne). Fredet 1979.*;Sophie Frederikkevej 1, Svendborg, Danmark;;
Svendborg;Strandgade 1;Troense gamle Skole;1918;1790;Classicism;Forhus mod Strandgade (1790), selvstændigt sidehus mod Grønnegade (1800-tallet) og baghus (slutn. af 1700-tallet). Fredet 1918.*;Strandgade 1, Svendborg, Danmark;55,0332610;10,6462130
Svendborg;Strandgade 19;Strandgade 19;1945;1800;Classicism;Forhus med karnap mod vejen (før 1750) og sidehus (1800-tallet). Fredet 1945.;Strandgade 19, Svendborg, Danmark;55,0340160;10,6437500
Svendborg;Strandgade 43;Strandgade 43;1945;1800;Classicism;Forhus (ca. 1780-90 og senere), sidehus ved vejen (ca. 1780) og udhus (1800-tallet). Fredet 1945*.;Strandgade 43, Svendborg, Danmark;55,0353460;10,6405920
Svendborg;Strandgade 53;Strandgade 53;1945;1770;Classicism;Forhuset (ca. 1770 og senere). Fredet 1945.;Strandgade 53, Svendborg, Danmark;55,0356680;10,6391270
Svendborg;Svendborgvej 104 B;Stensero;1964;1811;Classicism;Stuehus (1811) og de dermed sammenbyggede huse i vest (1813) og øst (1819). Fredet 1964.*;Svendborgvej 104 B, Svendborg, Danmark;55,0716650;10,5211104
Svendborg;Troense Strandvej 2;Troense Strandvej 2;1945;1820;Classicism;Forhus med sidehus (ca. 1820-40, sidehuset ombygget 1949). Fredet 1945.*;Troense Strandvej 2, Svendborg, Danmark;55,0333540;10,6467620
Svendborg;Troense Strandvej 42;Troense Strandvej 42;1984;1806;Classicism;Forhuset (ca. 1800-10) samt den på ejendommen beliggende del af et baghus (1806), hvoraf en mindre del er beliggende på naboejendommen mnr. 9a. Fredet 1984. Udvidet 1992.;Troense Strandvej 42, Svendborg, Danmark;55,0334790;10,6531490
Svendborg;Troense Strandvej 44;Troense Strandvej 44;1945;1806;Classicism;Forhuset (ca. 1800-10) samt den på ejendommen beliggende del af et baghus (1806), hvoraf størstedelen er beliggende på naboejendommen mnr. 9e. Fredet 1945.*;Troense Strandvej 44, Svendborg, Danmark;55,0334350;10,6533740
Svendborg;Vejstrup Vandmølle 1;Vejstrup Vandmølle;1959;1838;Classicism;Vandmøllen (1838) med to vandhjul og alt nagelfast mølleinventar samt markstensbelægningen foran vandmøllen. Dertil kommer stemmeværk med stigbord, malekarm, slisker, møllesø med stensætninger, vejdæmning med stensætninger, malerende med stensætninger og det videre forløb i bagløbet til sammenløb med friløbet, friløbet fra møllesøen til sammenløbet med bagløbet vest for landevejen. Fredet 1959. Udvidet 2011.;Vejstrup Vandmølle 1, Svendborg, Danmark;55,1019170;10,7055970
Svendborg;Vejstrupgårds Allé 1;Vejstrupgård;1918;1754;Classicism;Hovedbygning (1754). Fredet 1918.;Vejstrupgårds Allé 1, Svendborg, Danmark;55,1031420;10,7060510
Svendborg;Vestergade 2 A-D og Gerritsgade 56;Baagøes Gaard;1945;1839;Classicism;Hjørnehuset (1839) (Vestergade 2A), forhuset med mur (Vestergade 2D), sidehuset, mellembygningen og pakhuset (Vestergade 2C) samt forhuset (1853) og sidehuset (Gerritsgade 56). Fredet 1945. Udvidet 1988.*;Vestergade 2 A-D og Gerritsgade 56, Svendborg, Danmark;;
Svendborg;Dronningholmsvej 72;Dronningholmsvej 72;1991;1850;Historicism;Det tolvfags toetages pakhusbygning i bindingsværk med mansard (ca. 1850). Fredet 1991.;Dronningholmsvej 72, Svendborg, Danmark;55,0650780;10,6132650
Svendborg;Grubbemøllevej 13;Viebæltegård;1981;1872;Historicism;Den tidl. arbejdsanstaltss samlede bygningsanlæg (1872 af Jens Eckersberg) med haveanlægget. Fredet 1981.*;Grubbemøllevej 13, Svendborg, Danmark;55,0623320;10,6037200
Svendborg;Grønnegade 20;Grønnegade 20;1945;1900;Historicism;Forhus (ca. 1780-1800) med sidehus (1900-tallet). Fredet 1945.*;Grønnegade 20, Svendborg, Danmark;55,0312600;10,6453660
Svendborg;Havnevej 3;Lundeborg Pakhus;1964;1863;Historicism;Pakhuset (1863) med den sammenbyggede halvtagsbygning mod syd. Fredet 1964.*;Havnevej 3, Svendborg, Danmark;55,1396770;10,7852160
Svendborg;Højensvej 199;Den tidl;1999;1908;Historicism;Egense Skole. Den tidl. skolebygning og det med denne sammenbyggede udhus (begge 1908). Fredet 1999.*;Højensvej 199, Svendborg, Danmark;55,0557140;10,5250270
Svendborg;Møllevænget 11 (tidl;Porthusvej 5 A);1959;1859;Historicism;Christiansmøllen. Vindmøllen (1859). Fredet 1959.;Møllevænget 11 (tidl, Svendborg, Danmark;;
Svendborg;Rødkildevej 15;Rødkilde;1959;1854;Historicism;Vandmøllen og det dermed sammenbyggede kornmagasin samt stemmeværket, stensætningerne og den stensatte vandrende, hovedbygningen (1854) og magasinbygningen (ca. 1700) samt mejeribygningen (1759). Fredet 1959. Udvidet 1989 og 2005. *;Rødkildevej 15, Svendborg, Danmark;55,0718480;10,3950830
Svendborg;Skerningegårdsvej 12;Skerningegård;2001;1916;Historicism;Bondegården bestående af stuehuset (1916), en vinkelformet staldbygning i bindingsværk med tilbygning i vestgavlen (omkring 1800), en vinkelformet ladebygning i bindingsværk med tilbygning i vestgavlen (omkring 1800) og den pigstensbelagte gårdsplads. Fredet 2001.*;Skerningegårdsvej 12, Svendborg, Danmark;55,0710990;10,4472500
Svendborg;Skårup Kirkebakke 3;Rødegaard;1993;midten af 1800-tallet;Historicism;Det grundmurede stuehus, den mod vest liggende avlsbygning i bindingsværk og den hermed sammenbyggede svinestald i grundmur, de mod syd og øst sammenbyggede avlsbygninger i bindingsværk, udløberfløjen i bindingsværk mod øst på østlængen (midten af 1800-tallet og ca. 1920) samt den brolagte gårdsplads. Fredet 1993.*;Skårup Kirkebakke 3, Svendborg, Danmark;55,0943440;10,6876890
Svendborg;Strandgade 49;Strandgade 49;1945;1860;Historicism;Forhuset (ca. 1860). Fredet 1945.;Strandgade 49, Svendborg, Danmark;55,0355440;10,6396960
Svendborg;Strædet 8;Christoffer Mortensens Gård;1995;midten af 1800-tallet;Historicism;Den trelængede bondegård (midten af 1800-tallet) samt gårdspladsens med den mønsterlagte brostensbelægning. Fredet 1995.*;Strædet 8, Svendborg, Danmark;55,1215180;10,7240910
Svendborg;Vestergade 45;Vestergade 45;1988;1860;Historicism;Forhuset (1860 af Jens Eckersberg). Fredet 1988.;Vestergade 45, Svendborg, Danmark;55,0602390;10,6015650
Svendborg;Vornæsvej 39;Den tidl;1999;1863;Historicism;Vornæs Skole. Den tidl. Vornæs Skole bestående af skolebygning/lærerbolig, tidl. vognport og tidl. stald (1863) samt fire løvtræer mod vejen. Fredet 1999.*;Vornæsvej 39, Svendborg, Danmark;55,0083330;10,5626500
Svendborg;Bagergade 5 C og 5D;Bagergade 5;1919;1742;Baroque and rococo;Forhuset (1742 og ca. 1800, stærkt fornyet 1928). Fredet 1919.*;Bagergade 5 C og 5D, Svendborg, Danmark;;
Svendborg;Brydegårdsvej 15 A-D;Sankt Jørgens Hospital;1964;1738;Baroque and rococo;De to hospitalsbygninger (1738). Fredet 1964.*;Brydegårdsvej 15 A-D, Svendborg, Danmark;55,0510073;10,5953657
Svendborg;Fåborgvej 20;Vester Skærninge Præstegård;1944;1700;Baroque and rococo;Hovedbygningen (ca. 1700 og 1793) og sidebygning (sidste halvdel af 1800-tallet). Fredet 1944.*;Fåborgvej 20, Svendborg, Danmark;55,0746720;10,4582990
Svendborg;Kyseborgstræde 2;Kyseborgstræde 2;1977;1700;Baroque and rococo;Forhuset (1700-tallet). Fredet 1977.;Kyseborgstræde 2, Svendborg, Danmark;55,0583550;10,6093730
Svendborg;Kyseborgstræde 4;Kyseborgstræde 4;1977;1700;Baroque and rococo;Forhuset (1700-tallet). Fredet 1977.;Kyseborgstræde 4, Svendborg, Danmark;55,0582920;10,6092710
Svendborg;Kyseborgstræde 6;Kyseborgstræde 6;1977;1700;Baroque and rococo;Forhuset (1700-tallet). Fredet 1977.*;Kyseborgstræde 6, Svendborg, Danmark;55,0582360;10,6091490
Svendborg;Rødmevej 45;Skjoldemose;1918;1662;Baroque and rococo;Hovedbygningen (1662) med herregårdssmedien (ca. 1800). Fredet 1918.;Rødmevej 45, Svendborg, Danmark;55,1028580;10,4759840
Svendborg;Tved Kirkevej 1 A;Tved Præstegård;1945;1700;Baroque and rococo;Bindingsværkslænger mod vejen og i kirkegårdsgærdet, resterne af en tredje længe (1700-tallet) samt to grundmurede længer (ca. 1900). Fredet 1945.;Tved Kirkevej 1 A, Svendborg, Danmark;55,0873060;10,6220470
Svendborg;Pilekrogen 26;Ventepose Vandmølle;1959;;;Stuehuset og møllebygningen. Fredet 1959.*;Pilekrogen 26, Svendborg, Danmark;55,0440510;10,6424830
Syddjurs;Rosenholmvej 119-123;Rosenholm;1918;1559;Renaissance;"Den firefløjede hovedbygning (1559-67 muligvis af Peter de Dunker eller Frederik Klingebeck; hegnsmure i øst og west ombygget til længer ca. 1600) med Holger Rosenkrantz's pavillon ""Pirkentavl"" (1500-tallet).* Endvidere broen over voldgraven, herskabsstalden (1896), baronessens bolig (1600-tallet) og gartnerboligen (ca. 1900) samt alle betydende elementer i omgivelserne inden for det på kortbilag med brudt streglinie angivne arealer: slotsholm, grave, sø, dæmning, alléen, brolagte arealer og grusgange, klippede hække og lysthuse samt løver og obelisker udført i sten samt alle betydende træer. Fredet 1918. Udvidet 1991.";Rosenholmvej 119-123, Syddjurs, Danmark;56,3193004;10,3230503
Syddjurs;Rugårdsvej 14;Rugård;1918;1590;Renaissance;Den tofløjede hovedbygning med tårne (ca. 1590-1600). Fredet 1918.;Rugårdsvej 14, Syddjurs, Danmark;56,2847560;10,8060540
Syddjurs;Sandmarkvej 30 og 30 A-B;Skaføgård;1918;1580;Renaissance;"Den trefløjede hovedbygning (1580) med portbygning (ca. 1600) og den nord for hovedfløjen liggende længe samt den trefløjede grundmurede ladegård (laden: 1579, 1760; sydlængen: 1579, 1761; nordlængen: 1579, 1856); endvidere gravene om såvel borggård som ladegård. Fredet 1918. Udvidet 1952.";Sandmarkvej 30 og 30 A-B, Syddjurs, Danmark;;
Syddjurs;Svenstrupvej 4;Nimtofte Præstegård;1954;1599;Renaissance;Bindingsværksladen med årstallet 1599 på dørhammeren, staldbygningen (beg. 1800-tallet) og den brolagte del af gårdspladsen. Fredet 1954. Udvidet 1993.;Svenstrupvej 4, Syddjurs, Danmark;56,4079850;10,5616420
Syddjurs;Thorsagervej 3 A-B og 5;Gammel Ryomgård;1918;1643;Renaissance;Den trefløjede hovedbygning (1643, ombygget 1768-70) og bomhuset, stalden (1635) og agerumslade (1637). Fredet 1918.*;Thorsagervej 3 A-B og 5, Syddjurs, Danmark;;
Syddjurs;Egedalsvej 5;Den tidligere entreprenørskole;2025;1967;Modernism;Det firlængede anlæg (1967-68) med tilbygning (1986) af arkitekterne Friis & Moltke samt gårdsplads og omgivende landskab af landskabsarkitekt Sven Hansen. Fredet 2025.*;Egedalsvej 5, Syddjurs, Danmark;56,1917200;10,6909530
Syddjurs;Adelgade 13-15;Farvergården, Ebeltoft;1919;1817;Classicism;"De to forhuse (nr. 13: mellem 1817 og 1827; nr. 15: 1780'erne), de to nordlige sidehuse, det sydlige sidehus (farveriet), tværbygningen og pumpehuset. Fredet 1919.*";Adelgade 13-15, Syddjurs, Danmark;56,2001033;10,6796652
Syddjurs;Adelgade 25-29;Adelgade 25-29, Ebeltoft;1984;1761;Classicism;"Bygningerne omkring gårdspladsens fire sider (forhuset nr. 25-27: 1761, forsiden grundmuret 1857, sidehuset 1761, baghuset 1855; forhuset nr. 29: 1847, pakhuset 1851). Fredet 1984. *";Adelgade 25-29, Syddjurs, Danmark;56,2001033;10,6796652
Syddjurs;Bygaden 23;Hannesminde;1971;1830;Classicism;Stuehus (1830), stald (1857), lade (1857) samt de to bindingsværksbygninger nordvest og sydvest for stuehuset. Fredet 1971. *;Bygaden 23, Syddjurs, Danmark;56,3097470;10,4390500
Syddjurs;Byleddet 2;Byleddet 2;1994;1800;Classicism;Den firelængede bindingsværksgård (midten af 1800-tallet) og staldbygningen (ca. 1950) samt den brostensbelagte gårdsplads omgivet af de fire bindingsværkslænger. Fredet 1994.*;Byleddet 2, Syddjurs, Danmark;56,2404600;10,6167550
Syddjurs;Lyngsbækgårdvej 8;Lyngsbækgård;1918;1784;Classicism;Den trefløjede hovedbygning og den trelængede avlsgård omkring den store gård (1784 af Anders Kruuse).Fredet 1918. Udvidet 1952.*;Lyngsbækgårdvej 8, Syddjurs, Danmark;56,2411790;10,6094400
Syddjurs;Nygade 3 (Drejergyde);Nygade 3, Ebeltoft;1984;1811;Classicism;Forhuset (1811). Fredet 1984.;Nygade 3 (Drejergyde), Syddjurs, Danmark;;
Syddjurs;Nørrebakke 9;Nørrebakke 9, Ebeltoft;1944;1841;Classicism;Forhuset (1841, omsat i grundmur 1851). Fredet 1944.;Nørrebakke 9, Syddjurs, Danmark;56,2010800;10,6804370
Syddjurs;Stubbevej 2 C (tidl;2 A);1990;1833;Classicism;Ørnbjerg Mølle. Møllebygningen med tilhørende mølleværk med vandhjul og stemmeværk (1833). Fredet 1990.;Stubbevej 2 C (tidl, Syddjurs, Danmark;;
Syddjurs;Torvet 2 A;Ebeltoft gamle Rådhus, nu museum;1918;1789;Classicism;Rådhusbygningen (1789). Fredet 1918.;Torvet 2 A, Syddjurs, Danmark;56,1978170;10,6767780
Syddjurs;Torvet 9-11, hj;af Adelgade;1932;1779;Classicism;Torvet 9-11, Ebeltoft. Det vinkelbyggede forhus (1779). Fredet 1932.*;Torvet 9-11, hj, Syddjurs, Danmark;;
Syddjurs;Tved Kirkebakke 11-14;Tved Præstegård;1986;1800;Classicism;Den trefløjede præstegård (ca. 1800). Fredet 1986.;Tved Kirkebakke 11-14, Syddjurs, Danmark;56,1968801;10,4358982
Syddjurs;Adelgade 39-41;Adelgade 39-41, Ebeltoft;1984;1854;Historicism;Forhuset (1854). Fredet. 1984.;Adelgade 39-41, Syddjurs, Danmark;56,2001033;10,6796652
Syddjurs;Grenåvej 14;Kalø Hovedgård;1997;1898;Historicism;Karlsladen (ca. 1700), Jagthuset (1898) og Thyra-hytten (1899, de to sidstnævnte af Hack Kampmann). Fredet 1997.;Grenåvej 14, Syddjurs, Danmark;56,2988460;10,4988820
Syddjurs;Overgade 5;Overgade 5, Ebeltoft;1919;1850;Historicism;Forhuset (ca. 1850). Fredet 1919.;Overgade 5, Syddjurs, Danmark;56,1976860;10,6770740
Syddjurs;Rugårdsvej 15 og Birksigvej (på marken);Kalkovne på Rugårdsvej;1997;1920;Historicism;Kalkværket bestående af tre periodiske ovne (1920-30'rne) samt halvtagsbygningen. Fredet 1997.;Rugårdsvej 15 og Birksigvej (på marken), Syddjurs, Danmark;;
Syddjurs;Strandkærvej 4;Lille Strandkær;2025;1927;Historicism;Sommerhuset (1927 af Egil Fischer). Fredet 2025.;Strandkærvej 4, Syddjurs, Danmark;56,2252790;10,5825060
Syddjurs;Sønder Molsvej 37;Vistoft Mølle;1954;1857;Historicism;Vindmøllen og den foranliggende, dermed sammenbyggede bygning (ca. 1857). Fredet 1954.;Sønder Molsvej 37, Syddjurs, Danmark;;
Syddjurs;Tingvej 33-35;Hornslet Ting- og Arresthus;1986;1910;Historicism;De to hovedfløje langs Tingvej med forbindende mur og udløberfløj mod syd samt de to murede udhuse (1910 af Hack Kampmann og Valdemar Schmidt). Fredet 1986.;Tingvej 33-35, Syddjurs, Danmark;56,3189638;10,3153173
Syddjurs;Adelgade 24;Adelgade 24, Ebeltoft;1919;1720;Baroque and rococo;Forhuset (før 1720). Fredet 1919.;Adelgade 24, Syddjurs, Danmark;56,1991030;10,6787440
Syddjurs;Adelgade 28-32;Sigvard Rasmussens Gård, Ebeltoft;1919;1723;Baroque and rococo;Forhuset (de 10 nordligste fag før 1723, de fire sydligste 1766), det ndr. sidehus (før 1723) og det sdr. sidehus (beg. af 1600-tallet, forlænget i 1800-tallet). Fredet 1919. Udvidet 1959.*;Adelgade 28-32, Syddjurs, Danmark;56,2001033;10,6796652
Syddjurs;Juulsbakke 1, tidl;Overgade 2;1919;1700;Baroque and rococo;Den gamle Postlade, Ebeltoft. Forhuset (ca. 1700). Fredet 1919.;Juulsbakke 1, tidl, Syddjurs, Danmark;;
Syddjurs;Juulsbakke 3;Uranienborg, Ebeltoft;1919;1650;Baroque and rococo;Den vinkelformede hovedbygning (ca. 1650, gadegavl later). Fredet 1919.;Juulsbakke 3, Syddjurs, Danmark;56,1975850;10,6763880
Syddjurs;Juulsbakke 6-6 A;Juulsbakke 6-6 A, Ebeltoft;1979;1700;Baroque and rococo;Det firelængede bygningsanlæg (beg. af 1700-tallet, ombygget 1847) samt gårdspladsens brolægning. Fredet 1979.*;Juulsbakke 6-6 A, Syddjurs, Danmark;56,1975195;10,6761621
Syddjurs;Kirkevej 30 B;Mørke Præstegård;1977;1705;Baroque and rococo;Det trelængede bindingsværksanlæg (1705 og senere, laden nedtaget og genopført længere mod syd 1889). Fredet 1977.*;Kirkevej 30 B, Syddjurs, Danmark;56,3315050;10,3761710
Syddjurs;Lufthavnsvej 10;Feldballe Præstegård;1918;1688;Baroque and rococo;Hovedbygningen med tilbygning i syd (1688, 1760 og senere), barfredsladen (ca. 1500-1550) og de to sammenbyggede længer i nord og vest (ca. 1900). Fredet 1918.;Lufthavnsvej 10, Syddjurs, Danmark;56,2866550;10,5872720
Syddjurs;Løgtenvej 1;Hornslet Hospital;1987;1672;Baroque and rococo;Hospitalsbygningen (1672). Fredet 1987.;Løgtenvej 1, Syddjurs, Danmark;56,3139140;10,3206990
Syddjurs;Møllerupvej 24;Møllerup;1918;1681;Baroque and rococo;"Den trefløjede hovedbygning (hovedfløjen 1681, skalmuret 1751; østfløjen 1743; vestfløjen 1722, helt ombygget 1868 og 1918-22). Fredet 1918.";Møllerupvej 24, Syddjurs, Danmark;56,2842730;10,5548220
Syddjurs;Nørrebakke 10;Nørrebakke 10;1944;1700;Baroque and rococo;Forhuset (ca. 1700, gennemgribende ombygget 1872) og baghuset. Fredet 1944.;Nørrebakke 10, Syddjurs, Danmark;56,2013230;10,6807300
Syddjurs;Overgade 23;Den gamle Toldbod, Ebeltoft;1944;slutn. af 1600-tallet;Baroque and rococo;Forhus med sidehus (slutn. af 1600-tallet). Fredet 1944.;Overgade 23, Syddjurs, Danmark;56,1966580;10,6778280
Syddjurs;Overgade 29;Salen, Ebeltoft;1919;1700;Baroque and rococo;Salen. Forhuset (ca. 1700). Fredet 1919.;Overgade 29, Syddjurs, Danmark;56,1964500;10,6778140
Syddjurs;Overgade 7-9;Overgade 7-9, Ebeltoft;1918;1700;Baroque and rococo;Forhusene (ca. 1700). Fredet 1918.*;Overgade 7-9, Syddjurs, Danmark;56,1955959;10,6775355
Syddjurs;Villadsgyde 7, hj;af Nedergade;1919;formentlig 1600-tallet;Baroque and rococo;Villadsgyde 7, Ebeltoft. Forhuset (formentlig 1600-tallet). Fredet 1919.*;Villadsgyde 7, hj, Syddjurs, Danmark;;
Syddjurs;Skovgårde Bygade 2 A;Skovgårde Bysmedie;1964;;;Smedien. Fredet 1964.;Skovgårde Bygade 2 A, Syddjurs, Danmark;56,2515940;10,7985720
Tårnby;Alléen 2-26;Kastrup Værk, Bryggergården;1971;2002;Modernism;De på ejendommen beliggende to rækker af sammenhængende huse, de tre portbygninger der forbinder disse, de forbindende mure, haven, de to brolagte gårdspladser med de tilstødende portrum samt brolægningen syd for anlægget. Fredet 1971. Udvidet 2002.*;Alléen 2-26, Tårnby, Danmark;55,6355443;12,6395852
Tårnby;Amager Landevej 76 og Østerlarsvej 6;Tårnby Rådhus;1994;1957;Modernism;De tre forbundne bygningsafsnit (1957, 1974 og 1983 af Halldor Gunløgsson og Jørn Nielsen) og de nære omgivelser (1957 af C.Th. Sørensen og Ole Nørgård, 1974 af Morten Klint og Knud Lund Sørensen). Fredet 1994.;Amager Landevej 76 og Østerlarsvej 6, Tårnby, Danmark;;
Tårnby;Vestre Bygade 9;Hallings Gård;1988;1788;Classicism;Forhus og baghus samt muren ud mod Vestre Bygade (1788). Fredet 1988.*;Vestre Bygade 9, Tårnby, Danmark;55,6290390;12,6020550
Tårnby;Teknikergården, Lufthavnen 1;Terminalbygningen;2000;1939;Historicism;Terminalbygningen (1939 af Vilhelm Lauritzen, istandsat og flyttet til nuværende placering 2000). Fredet 2000.;Teknikergården, Lufthavnen 1, Tårnby, Danmark;;
Tårnby;Kastrupvej 399;Kastrupgård;1924;1749;Baroque and rococo;Hovedbygningen og portfløjen (1749-54 af Jacob Fortling). Fredet 1924.;Kastrupvej 399, Tårnby, Danmark;55,6346270;12,6383060
Thisted;Nørhågårdsvej 1;Nørhågård;1945;1807;Classicism;Stuehuset (1807). Fredet 1945.;Nørhågårdsvej 1, Thisted, Danmark;56,8982670;8,4355430
Thisted;Toftevej 9;Agger;1964;slutn. 1700-tallet;Classicism;Længehuset (slutn. 1700-tallet). Fredet 1964.;Toftevej 9, Thisted, Danmark;56,7822490;8,2371120
Thisted;Tårnvej 7-23;Hanstholm Fyretablissement;1979;1842;Classicism;Fyrtårnet og fyrmesterbolig, to udhuse, beboelseshus i nord og maskinbygning (1842-43 af Jørgen Hansen Koch, tårnet af Jens Paul Jacobsen). Fredet 1979.;Tårnvej 7-23, Thisted, Danmark;56,8484917;8,4956958
Thisted;Klostermøllevej 77;Vestervig Klostermølle;1964;1860;Historicism;Vindmøllen (1860). Fredet 1964.*;Klostermøllevej 77, Thisted, Danmark;56,7744650;8,3148980
Thisted;Krægpøtvej;Vigsø Båke;1998;1885;Historicism;Sømærket (1885). Fredet 1998.;Krægpøtvej, Thisted, Danmark;57,0926150;8,7361403
Thisted;Lodbjergvej 33;Lodbjerg Fyr;2002;1883;Historicism;Lodbjerg Fyr bestående af to boligfløje sammenbygget med den buede korridorbygning og fyrtårnet, gårdrummet herimellem samt oliehuset vest for tårnet (1883). Fredet 2002.;Lodbjergvej 33, Thisted, Danmark;56,8234170;8,2630270
Thisted;Skjærbakken 45;Skjærbakken 45;1996;1891;Historicism;Længehuset (1891). Fredet 1996.*;Skjærbakken 45, Thisted, Danmark;57,0124910;8,4516660
Thisted;Skovgade 20;Skovgade 20;1985;1854;Historicism;Forhuset (1854) og vaskehuset. Fredet 1985.*;Skovgade 20, Thisted, Danmark;56,9552990;8,6897330
Thisted;Stenbjerg Landingsplads 3;Stenbjerg Redningsstation;1995;1931;Historicism;Redningsstationen (1931). Fredet 1995.;Stenbjerg Landingsplads 3, Thisted, Danmark;56,9271160;8,3551570
Thisted;Store Torv 4;Thisted Rådhus;1978;1853;Historicism;Rådhusbygningen uden tilbygninger (1853 af Gottlieb Bindesbøll). Fredet 1978.*;Store Torv 4, Thisted, Danmark;56,9547820;8,6902830
Thisted;Sømærkevej;Stensbjerg Båke;1997;1884;Historicism;Sømærket (1884). Fredet 1997.;Sømærkevej, Thisted, Danmark;56,9202535;8,3531247
Thisted;Tvorup By;Tvorup Båke;1997;1885;Historicism;Sømærket (1885). Fredet 1997.;Tvorup By, Thisted, Danmark;;
Tønder;Gråbrødrevej 2;Amtsskriver Jürgensens Hus;1994;1649;Renaissance;Det grundmurede toetages hus bestående af to vinkelret sammenbyggede fløje (1649, opr. opført i en etage over hvælvet kælder, udbygget i 1867-1870 med en etage). Fredet 1994.*;Gråbrødrevej 2, Tønder, Danmark;54,9340100;8,8688220
Tønder;Kirkepladsen 7;Kirkepladsen 7;1950;1646;Renaissance;Forhusene (1646, ombygget ca. 1750). Fredet 1950.;Kirkepladsen 7, Tønder, Danmark;54,9368340;8,8707640
Tønder;Kirkepladsen 9 (tidl;Kirkepladsen 11);1921;1612;Renaissance;Den gamle Latinskole. Forhuset (1612). Fredet 1921.;Kirkepladsen 9 (tidl, Tønder, Danmark;;
Tønder;Kongevej 51, tidl;Kongevej 55;1921;1575;Renaissance;Porthuset, Tønder Museum. Porthuset to det gamle slot med senere udvidelser (ca. 1575, 1740 og 1923 af Lauritz Thaysen). Fredet 1921.;Kongevej 51, tidl, Tønder, Danmark;;
Tønder;Kongevej 59;Tønder Slotsvandmølle;1921;1598;Renaissance;Vandmøllebygningen (1598). Fredet 1921.;Kongevej 59, Tønder, Danmark;54,9325460;8,8699820
Tønder;Slotsgade 11-13;Slottet;1921;1614;Renaissance;Det vinkelbyggede anlæg (1614) og den dermed sammenbyggede mur. Fredet 1921.;Slotsgade 11-13, Tønder, Danmark;55,0579086;8,9488594
Tønder;Spikergade 10;Spikergade 10;1950;1600;Renaissance;Forhuset (lejevåning opført i 1600-tallet, senere forhøjet og ombygget, karnap og gadedør 1. halvdel af 1800-tallet). Fredet 1950.;Spikergade 10, Tønder, Danmark;54,9348200;8,8704740
Tønder;Spikergade 12;Spikergade 12;1950;1600;Renaissance;Forhuset (lejevåning opført i 1600-tallet, senere forhøjet og ombygget, karnap og gadedør 1. halvdel af 1800-tallet). Fredet 1950.;Spikergade 12, Tønder, Danmark;54,9348020;8,8704120
Tønder;Spikergade 8;Spikergade 8;1950;1600;Renaissance;Forhuset (lejevåning opført i 1600-tallet, later forhøjet og ombygget, karnap og gadedør 1. halvdel af 1800-tallet). Fredet 1950.;Spikergade 8, Tønder, Danmark;54,9348380;8,8705210
Tønder;Torvet 1;Tønder Gamle Rådhus;1921;1643;Renaissance;Rådhusbygningen med sidefløj mod Smedegade (1643 og 1867, sidefløj 1773). Fredet 1921.;Torvet 1, Tønder, Danmark;54,9361590;8,8702360
Tønder;Torvet 11;Torvet 11;1921;1550;Renaissance;Gavlhuset (ca. 1550-60). F. 1921.*;Torvet 11, Tønder, Danmark;54,9360690;8,8705170
Tønder;Ved Åen 17;Nørre Sødam;1950;1600;Renaissance;Den firelængede bondegård (stuehus 1600 og 1700-tallet, laden 1761). Fredet 1950.;Ved Åen 17, Tønder, Danmark;54,9225050;8,7855420
Tønder;Vestergade 6;Vestergade 6;1985;1600;Renaissance;Gavlhuset (1600-tallet, ombygget 1861 og senere). Fredet 1985.*;Vestergade 6, Tønder, Danmark;54,9349890;8,8683670
Tønder;Åbenråvej 28;Solvig;1973;1585;Renaissance;Hovedbygningen (ca. 1750, ombygget 1851) og den grundmurede staldbygning (1585). Fredet 1973. Udvidet 1992.*;Åbenråvej 28, Tønder, Danmark;54,9692180;8,9615000
Tønder;Østergade 8;Østergade 8;1921;1600;Renaissance;Forhuset (slutn. af 1600-tallet, indgangspartiet 1808). Fredet 1921.*;Østergade 8, Tønder, Danmark;54,9363670;8,8712960
Tønder;Brede Bygade 53;Gl;1991;1781;Classicism;Bosholm. Det trelængede gårdanlæg bestående af stuehus (1781), stald- og ladebygninger (1841) samt den brolagte gårdsplads. Fredet 1991.;Brede Bygade 53, Tønder, Danmark;55,0594110;8,8135750
Tønder;Grammarkvej 13;Grammarkvej 13;1992;1760;Classicism;Den syvfags, øst-vest orienterede længe med stråtag (ca. 1760). Fredet 1992.*;Grammarkvej 13, Tønder, Danmark;55,1055570;8,5361930
Tønder;Havnebyvej 196;Havnebyvej 196, Rømø;1992;1783;Classicism;Den tifags beboelseslænge med tofags vinkelbygning mod nord (1783, ombygget ca. 1850). Fredet 1992.;Havnebyvej 196, Tønder, Danmark;55,1018830;8,5415330
Tønder;Hjemstedvej 31;Hjemstedgård;1992;1800;Classicism;Den 27 fags, øst-vest orienterede længe med de to tilbyggede længer på nordsiden og den brolagte gårdsplads (ca. 1800, ombygget ca. 1850) samt de på længens sydside tilføjede to trempelbygninger (beg. af 1900-tallet) og de heri indeholdte bygningsdele af en ældre oprindeligt fritliggende ladebygning. Fredet 1992.;Hjemstedvej 31, Tønder, Danmark;55,1500700;8,7488760
Tønder;Hjemstedvej 61;Markmandshuset, Den Svorne Vej;1964;1814;Classicism;Det grundmurede vogterhus (ca. 1814). Fredet 1964.;Hjemstedvej 61, Tønder, Danmark;55,1412880;8,7039540
Tønder;Hjerpstedvej 22;Hjerpsted gamle Præstegård;1969;1840;Classicism;Stuehus og staldlænge (1840'rne). Fredet 1969.*;Hjerpstedvej 22, Tønder, Danmark;55,0198450;8,6586790
Tønder;Jomfrustien 6;Amtmandsboligen;1921;1767;Classicism;Palæbygningen (1767-68 af Gottfried Rosenberg og Nicolas-Henri Jardin). Fredet 1921.;Jomfrustien 6, Tønder, Danmark;54,9333540;8,8690120
Tønder;Juvrevej 60;Kommandørgården på Rømø;1950;1770;Classicism;Stuehuset og de dermed sammenbyggede to udlænger (stuehus 1770, lade og stald 1744, ladens og staldens vestender nye). Fredet 1950.;Juvrevej 60, Tønder, Danmark;55,1666350;8,5549970
Tønder;Kirkestien 4;Kirkestien 4, Møgeltønder;1921;1750;Classicism;Stuehuset (ca. 1750). Fredet 1921.*;Kirkestien 4, Tønder, Danmark;54,9408440;8,8051440
Tønder;Kongevej 53 (tidl;Nyholmvej 1);1978;1804;Classicism;Nyholm. Hovedbygningen (1804). Fredet 1978.*;Kongevej 53 (tidl, Tønder, Danmark;;
Tønder;Melbyvej 19;Melby Kro;1954;1800;Classicism;Den T-formede krobygning (ca. 1800 og senere). Fredet 1954.;Melbyvej 19, Tønder, Danmark;55,1553290;8,7637990
Tønder;Nylandsvej 2;Sejerslevgaard;1991;1797;Classicism;Stuehuset med tilbygget korshus, stald- og ladebygning (1797, stuehuset om-bygget ca. 1875), stakladen (1950), den brolagte gårdsplads, kampestens-sætningen ud til vejen mod syd samt pigstensbelægningen foran stald og stuehus mod syd. Fredet 1991.* Udvidet 2019.;Nylandsvej 2, Tønder, Danmark;54,9966360;8,6974070
Tønder;Nørrevej 1;Købmandsgården;1950;1760;Classicism;Gavlhuset og den hermed sammenbyggede hestestald- og ladelænge langs vejen samt den mod syd gående tværlænge indeholdende kostald (1760). Fredet 1950. *;Nørrevej 1, Tønder, Danmark;54,9641830;8,6961830
Tønder;Richtsensgade 35 (Nørre Allé);Liebestempel;1950;1800;Classicism;Pavillonbygningen (ca. 1800). Fredet 1950.*;Richtsensgade 35 (Nørre Allé), Tønder, Danmark;;
Tønder;Skibbroen 7;Skibbroen 7;1985;1829;Classicism;Forhuset (1829). Fredet 1985.*;Skibbroen 7, Tønder, Danmark;54,9337840;8,8675120
Tønder;Skibbrogade 6 A - 6 D;Skibbrogade 6;1964;1825;Classicism;Den østlige del af pakhuset mod Skibbrogade (1825 og 1828). Fredet 1964.*;Skibbrogade 6 A - 6 D, Tønder, Danmark;54,9342900;8,8679557
Tønder;Skibbrogade 8;Skibbrogade 8;1964;1828;Classicism;Den vestlige del af pakhuset mod Skibbrogade (1828). Fredet 1964;Skibbrogade 8, Tønder, Danmark;54,9343500;8,8679160
Tønder;Slotsgaden 10;Slotsgaden 10, Møgeltønder;1950;1765;Classicism;Stuehuset (ca. 1765). Fredet 1950.;Slotsgaden 10, Tønder, Danmark;54,9411480;8,8040810
Tønder;Slotsgaden 14;Posselts Gård, Møgeltønder;1921;1785;Classicism;Stuehuset (1785) og den hermed sammenbyggede, trelængede avlsgård med udbygning og den fritliggende avlsbygning i nord. Fredet 1921.*;Slotsgaden 14, Tønder, Danmark;54,9412650;8,8045950
Tønder;Slotsgaden 16;Madam Weiles Hus, Møgeltønder;1921;1789;Classicism;Beboelseshuset (1789). Fredet 1921.;Slotsgaden 16, Tønder, Danmark;54,9413470;8,8049850
Tønder;Slotsgaden 19;Slotsgaden 19, Møgeltønder;1950;1765;Classicism;Stuehuset (1765, senere ombygget). Fredet 1950.*;Slotsgaden 19, Tønder, Danmark;54,9413750;8,8059680
Tønder;Slotsgaden 21;Lücks Gård, Møgeltønder;1921;1766;Classicism;Stuehuset med udbygning, påbygget lysthus og den trelængede avlsgård (1766, avlsbygningerne 1838). Fredet 1921.;Slotsgaden 21, Tønder, Danmark;54,9414840;8,8064210
Tønder;Slotsgaden 23;Slotsgaden 23, Møgeltønder;1921;1761;Classicism;Stuehuset (1761). Fredet 1921.*;Slotsgaden 23, Tønder, Danmark;54,9416200;8,8069970
Tønder;Slotsgaden 25;Slotsgaden 25, Møgeltønder;1921;1760;Classicism;Stuehuset (ca. 1760). Fredet 1921.;Slotsgaden 25, Tønder, Danmark;54,9416920;8,8073560
Tønder;Slotsgaden 27;Slotsgaden 27, Møgeltønder;1950;1758;Classicism;Stuehuset (ca. 1758). Fredet 1950.;Slotsgaden 27, Tønder, Danmark;54,9417560;8,8076210
Tønder;Slotsgaden 4;Slotsgaden 4, Møgeltønder;1950;1750;Classicism;Stuehuset (ca. 1750). Fredet 1950.*;Slotsgaden 4, Tønder, Danmark;54,9409940;8,8033320
Tønder;Slotsgaden 7;Slotsgaden 7, Møgeltønder;1950;1750;Classicism;Stuehuset med udbygning (ca. 1750). Fredet 1950.*;Slotsgaden 7, Tønder, Danmark;54,9409590;8,8041440
Tønder;Smedegade 16 A;Smedegade 16 A;1964;1798;Classicism;Gavlhuset (beg. af 1700-tallet, gavlene grundmuret i 1880'erne) med to sidehuse (1798). Fredet 1964.;Smedegade 16 A, Tønder, Danmark;54,9368690;8,8702330
Tønder;Smedegade 4;Smedegade 4;1964;1775;Classicism;Gavlhuset (1775). Fredet 1964.;Smedegade 4, Tønder, Danmark;54,9364200;8,8702970
Tønder;Spikergade 21;Spikergade 21;1979;1807;Classicism;Forhuset (1807). Fredet 1979.;Spikergade 21, Tønder, Danmark;54,9346390;8,8693350
Tønder;Spikergade 9;Spikergade 9;1964;1770;Classicism;Forhuset (ca. 1770). Fredet 1964.*;Spikergade 9, Tønder, Danmark;54,9348920;8,8702400
Tønder;Storegade 7;Løgumkloster Præstegård;1921;1804;Classicism;Beboelseshuset på 13 fag (ca. 1804). Fredet 1921.;Storegade 7, Tønder, Danmark;55,0585860;8,9502620
Tønder;Strandvej 2;Strandvej 2 (tidl;1991;1757;Classicism;Strandvejen 2). Den grundmurede vinkelbygning (1757) bestående af en ellevefags beboelseslænge, en sidebygning mod vest samt den brolagte gårdsplads. Fredet 1991.;Strandvej 2, Tønder, Danmark;54,9635150;8,6914710
Tønder;Sønderbyvej 32;Peter Poulsens Gård, Møgeltønder;1921;1775;Classicism;Stuehuset og den hermed sammenbyggede trelængede avlsgård (ca. 1775). Fredet 1921.;Sønderbyvej 32, Tønder, Danmark;54,9389190;8,8037790
Tønder;Søndergade 12;Kiersgård;1975;1759;Classicism;Den firelængede marskgård og det tilhørende udhus sydvest for gården (1759). Fredet 1975.*;Søndergade 12, Tønder, Danmark;54,9351620;8,8711290
Tønder;Torvet 6;Torvet 6;1985;1822;Classicism;Gavlhuset (1822). Fredet 1985.*;Torvet 6, Tønder, Danmark;54,9361400;8,8695180
Tønder;Ubjergvej 19;Bjerremark;1950;1842;Classicism;De fire længer omkring gårdspladsen (stuehus 1842, avlsbygninger 1872). Fredet 1950.*;Ubjergvej 19, Tønder, Danmark;54,9108610;8,8467330
Tønder;Uldgade 13;Uldgade 13;1979;1827;Classicism;Forhuset (1827). Fredet 1979.*;Uldgade 13, Tønder, Danmark;54,9344780;8,8701790
Tønder;Vesterende 28;Ballum tidl;1979;1788;Classicism;Missionshus. Missionshuset (1788, tidl. tinghus for Ballum birk). Fredet 1979.;Vesterende 28, Tønder, Danmark;55,0899840;8,6588810
Tønder;Vestergade 11;Vestergade 11;1939;1800;Classicism;Gavlhuset (ca. 1800, forhøjet 1858 og 1866). Fredet 1939.*;Vestergade 11, Tønder, Danmark;54,9350870;8,8680390
Tønder;Vestergade 12;Vestergade 12;1985;1842;Classicism;Det andet sidehus (tidl. tobaksfabrik) (1842). Fredet 1985.*;Vestergade 12, Tønder, Danmark;54,9348890;8,8678360
Tønder;Vestergade 14;Vestergade 14;1921;1794;Classicism;Forhuset (1794). Fredet 1921. *;Vestergade 14, Tønder, Danmark;54,9348350;8,8676650
Tønder;Vestergade 4;Vestergade 4;1939;1834;Classicism;Forhuset (1834), sidebygning med stukloft (1681) og vognstalden mod Skibbrogade (1700-tallet). Fredet 1939. Udvidet 1964 og 1985.*;Vestergade 4, Tønder, Danmark;54,9350160;8,8685850
Tønder;Vestergade 9 og Allégade 15;Richtsens Hus, Digegrevens Hus;1921;1777;Classicism;Mnr. 520: gavlhuset (1777).* Mnr. 3095: staldbygningen (1779). Fredet 1921.*;Vestergade 9 og Allégade 15, Tønder, Danmark;;
Tønder;Østergade 14;Østergade 14;1992;1827;Classicism;Det femfags forhus mod Østergade og det 10-fags sidehus mod Kirkepladsen (1827, ombygget 1855 og forhuset yderligere i 1924). Fredet 1992.;Østergade 14, Tønder, Danmark;55,1921500;9,0657220
Tønder;Østergade 15;Østergade 15;1921;1784;Classicism;Forhuset (1784, ombygget 1826). Fredet 1921.*;Østergade 15, Tønder, Danmark;54,9364030;8,8717490
Tønder;Østergade 18;Østergade 18;1964;1781;Classicism;Gavlhuset (1781, grundmuret 1806, gavlen slutn. af 1800-tallet). Fredet 1964.*;Østergade 18, Tønder, Danmark;54,9366370;8,8718570
Tønder;Østergade 19;Østergade 19;1921;1784;Classicism;Forhuset (1784). Fredet 1921.*;Østergade 19, Tønder, Danmark;54,9365200;8,8720610
Tønder;Østergade 2;Østergade 2;1921;1833;Classicism;Forhuset (1833). Fredet 1921.*;Østergade 2, Tønder, Danmark;54,9361600;8,8708440
Tønder;Østergade 43;Østergade 43;1983;1844;Classicism;Gavlhuset (1844). Fredet 1983.*;Østergade 43, Tønder, Danmark;54,9371240;8,8731050
Tønder;Østerhedevej 5;Østerhedevej 5;1992;1750;Classicism;Den øst-vest orienterede, stråtækte længe med vinkelbygning på nordsiden (ca. 1750, ombygget 1839 og 1857). Fredet 1992.;Østerhedevej 5, Tønder, Danmark;55,1057180;8,5431190
Tønder;Allégade 24;Allégade 24;2010;1910;Historicism;Villaen (1910 af Anton Huber) med stensætningen mod gaden, stensætningen langs Skt. Laurenti Strømmen og den stensatte bro over strømmen. Fredet 2010.;Allégade 24, Tønder, Danmark;54,9355890;8,8662890
Tønder;Emmerlevvej 20;Emmerlev gamle Skole;1991;1857;Historicism;Beboelseshuset (1857, opr. skole). Fredet1991.;Emmerlevvej 20, Tønder, Danmark;54,9828060;8,6774200
Tønder;Gammel Skolevej 6;Kongsmark gamle Skole;1979;1871;Historicism;Skolebygningen (1871). Fredet 1979.*;Gammel Skolevej 6, Tønder, Danmark;55,1320110;8,5477910
Tønder;Grøngårdvej 34;Grøngård;1992;1850;Historicism;Stuehuset (ca. 1850) og lade (ca. 1750). Fredet 1992.*;Grøngårdvej 34, Tønder, Danmark;54,9152440;8,9909210
Tønder;Hattesvej 22;Hattesvej 22;1992;1852;Historicism;Beboelseslænge (1852) med den nyere vinkelbygning mod nordwest. Fredet 1992.*;Hattesvej 22, Tønder, Danmark;55,1431600;8,5445430
Tønder;Havnebyvej 156;Den gamle Redningsstation, Rømø;1992;1887;Historicism;Redningsstationsbygningen (1887). Fredet 1992.;Havnebyvej 156, Tønder, Danmark;55,1112400;8,5420530
Tønder;Møllegade 13;Højer Mølle;1991;1857;Historicism;Vindmøllen (1857, restaureret 1875-77) samt de to magasinbygninger (søndre magasinbygning 1889 og nordre magasinbygning 1904). Fredet 1991.;Møllegade 13, Tønder, Danmark;55,1190460;8,8063940
Tønder;Ribe Landevej 30;Den tidl;2002;1913;Historicism;landbrugsskole. Den tidl. landbrugsskole (1913 af Lauritz Thaysen). Fredet 2002. *;Ribe Landevej 30, Tønder, Danmark;54,9422280;8,8728860
Tønder;Skast 90;Åsgård;1991;1854;Historicism;Det 13 fag lange stuehus (1854) samt de to oprindelige marksten med lågen øst for indkørslen. Fredet 1991.;Skast 90, Tønder, Danmark;55,0499980;8,6939220
Tønder;Slotsgaden 15;Slotsgaden 15, Møgeltønder;1950;1850;Historicism;Stuehuset (ca. 1850). Fredet 1950.*;Slotsgaden 15, Tønder, Danmark;54,9412760;8,8055320
Tønder;Slotsgaden 24;Slotsgaden 24, Møgeltønder;1950;1861;Historicism;Stuehuset (efter 1861). Fredet 1950.*;Slotsgaden 24, Tønder, Danmark;54,9416090;8,8061390
Tønder;Slotsgaden 28;Slotsgaden 28, Møgeltønder;1950;1861;Historicism;Stuehuset (efter 1861). Fredet 1950.;Slotsgaden 28, Tønder, Danmark;54,9417090;8,8065440
Tønder;Slotsgaden 40;Slotsgaden 40, Møgeltønder;1950;1861;Historicism;Stuehuset (efter 1861). Fredet 1950.;Slotsgaden 40, Tønder, Danmark;54,9418720;8,8072300
Tønder;Stagebjergvej 30;Stagebjergvej 30;1989;1871;Historicism;Det nifags house (før 1871, restaureret 1968). Fredet 1989.;Stagebjergvej 30, Tønder, Danmark;55,1007510;8,5319540
Tønder;Vinkelvej 18;Vinkelvej 18;1992;1850;Historicism;Den firelængede, sammenbyggede gård (ca. 1850, stuehus ombygget 1912 og stald og lade ombygget ca. 1930). Fredet 1992.;Vinkelvej 18, Tønder, Danmark;54,9319180;8,9241070
Tønder;Vråbyvej 24;Vråbyvej 24;1983;1857;Historicism;Beboelseshuset på fem fag (1857). Fredet 1983.*;Vråbyvej 24, Tønder, Danmark;55,0982330;8,5363090
Tønder;Bornholmervej 12;Bornholmervej 12, Rømø;1982;1737;Baroque and rococo;Længehuset i ni fag (1737). Fredet 1982.*;Bornholmervej 12, Tønder, Danmark;55,1095630;8,5381530
Tønder;Frigrunden 2 (tidl;Slotsgade 1);1921;1700;Baroque and rococo;Frigrunden 2. Forhuset (1700-tallets slutning, ombygget 1828). Fredet 1921.*;Frigrunden 2 (tidl, Tønder, Danmark;;
Tønder;Frigrunden 7 (tidl;Slotsgade 4);1954;1742;Baroque and rococo;Frigrunden 7. Forhuset (1742, de to nordligste fag tilføjet ca. 1900). Fredet 1954.*;Frigrunden 7 (tidl, Tønder, Danmark;;
Tønder;Harknagvej 23;Harknagvej 23;1991;1700;Baroque and rococo;Det otte fag lange hus i røde sten og med stråtag (med væsentlige bygningsdele fra 1700-tallet). Fredet 1991. *;Harknagvej 23, Tønder, Danmark;55,0779630;8,6797210
Tønder;Højervej 3;Højkro;1950;1700;Baroque and rococo;Hovedbygningen (1700-tallet) med rejsestald. Fredet 1950.;Højervej 3, Tønder, Danmark;54,9893620;8,6954460
Tønder;Juvrevej 56;Toftum gamle Skole;1950;1700;Baroque and rococo;Den grundmurede, stråtækte skolebygning (1700-tallet). Fredet 1950.;Juvrevej 56, Tønder, Danmark;55,1653070;8,5555770
Tønder;Kirkepladsen 3;Kirkepladsen 3;1950;1700;Baroque and rococo;Forhuset (beg. af 1700-tallet). Fredet 1950.;Kirkepladsen 3, Tønder, Danmark;54,9368880;8,8712640
Tønder;Kirkestien 6;Kirkestien 6, Møgeltønder;1950;1744;Baroque and rococo;Stuehuset og den hermed sammenbyggede længe (ca. 1744). Fredet 1950.*;Kirkestien 6, Tønder, Danmark;54,9406640;8,8049880
Tønder;Kogsvej 73;Kogsvej 73;1994;1700;Baroque and rococo;Den sekstenfags stuehuslænge inkl. tidl. stald (beg. 1700-tallet, grundmuret ca. 1800) og den ottefags tilbygning inkl. tidl. vognport m.v. (ca. 1800) samt den brolagte gårdsplads. Fredet 1994.*;Kogsvej 73, Tønder, Danmark;55,2296790;8,7723050
Tønder;Møllegade 4 (tidl;Storegade 40);1950;1700;Baroque and rococo;Møllegade 4. Forhuset (ca. 1700, senere ombygget). Fredet 1950. *;Møllegade 4 (tidl, Tønder, Danmark;;
Tønder;Præstegårdsvej 20;Agerskov Præstegård;1992;1700;Baroque and rococo;Den trelængede præstegård (midten af 1700-tallet og væsentlig ombygget i 1800-tallet). Fredet 1992.;Præstegårdsvej 20, Tønder, Danmark;55,1168380;8,7560870
Tønder;Schackenborg 1, 2 og 4;Schackenborg;1921;1664;Baroque and rococo;"Den trefløjede hovedbygning (1664-67, 1755 ff.; i søndre fløj rester af middelalderlig bygning), portbygningen (middelalder, ombygget og forlænget 1664) og den gamle stald (1785). Fredet 1921.*";Schackenborg 1, 2 og 4, Tønder, Danmark;;
Tønder;Skolegade 3;Lises Hus;1950;1708;Baroque and rococo;Gavlhuset (1708). Fredet 1950.;Skolegade 3, Tønder, Danmark;54,9998020;9,0373620
Tønder;Slotsgaden 12;Slotsgaden 12, Møgeltønder;1921;1734;Baroque and rococo;Stuehuset med udbygning (1734 og senere). Fredet 1921.;Slotsgaden 12, Tønder, Danmark;54,9411840;8,8042210
Tønder;Slotsgaden 13;Slotsgaden 13, Møgeltønder;1950;1739;Baroque and rococo;Stuehuset (1739). Fredet 1950.*;Slotsgaden 13, Tønder, Danmark;54,9412220;8,8052980
Tønder;Slotsgaden 18;Slotsgaden 18, Møgeltønder;1921;1731;Baroque and rococo;Stuehuset (1731). Fredet 1921.*;Slotsgaden 18, Tønder, Danmark;54,9413920;8,8052190
Tønder;Slotsgaden 22;Slotsgaden 22, Møgeltønder;1950;1710;Baroque and rococo;Stuehuset (vestre del ca. 1710, østre del efter 1861). Fredet 1950.*;Slotsgaden 22, Tønder, Danmark;54,9415370;8,8058270
Tønder;Slotsgaden 6 A;Slotsgaden 6 A, Møgeltønder;1950;1700;Baroque and rococo;Stuehuset (slutningen af 1700-tallet). Fredet 1950.;Slotsgaden 6 A, Tønder, Danmark;54,9410300;8,8035040
Tønder;Slotsgaden 8;Slotsgaden 8, Møgeltønder;1950;1737;Baroque and rococo;Stuehuset med udbygning (1737). Fredet 1950.*;Slotsgaden 8, Tønder, Danmark;54,9411210;8,8039250
Tønder;Slotsgaden 9;Slotsgaden 9, Møgeltønder;1959;1735;Baroque and rococo;Stuehuset (formentlig før 1735). Fredet 1959.*;Slotsgaden 9, Tønder, Danmark;54,9410320;8,8045500
Tønder;Smedegade 14;Smedegade 14;1964;1700;Baroque and rococo;Gavlhuset (beg. af 1700-tallet, gavlen grundmuret ca. 1810). Fredet 1964.;Smedegade 14, Tønder, Danmark;54,9367970;8,8702340
Tønder;Smedegade 2;Smedegade 2;1964;1700;Baroque and rococo;Gavlhuset (beg. af 1700-tallet). Fredet 1964.;Smedegade 2, Tønder, Danmark;54,9363570;8,8703130
Tønder;Smedegade 6;Smedegade 6;1964;1700;Baroque and rococo;Gavlhuset (beg. af 1700-tallet, gavlen grundmuret ca. 1810). Fredet 1964.;Smedegade 6, Tønder, Danmark;55,1900120;8,7315040
Tønder;Spikergade 24;Spikergade 24;1971;1700;Baroque and rococo;Forhuset (1700-tallet). Fredet 1971.;Spikergade 24, Tønder, Danmark;54,9346310;8,8698510
Tønder;Storegade 14;Drøhses Hus;1921;1672;Baroque and rococo;Gavlhuset og det hermed sammenbyggede smallere sidehus mod gården (1672). Fredet 1921.*;Storegade 14, Tønder, Danmark;54,9355030;8,8699100
Tønder;Storegade 32;Storegade 32;1950;1700;Baroque and rococo;Forhuset (ca. 1700, senere ombygget). Fredet 1950. *;Storegade 32, Tønder, Danmark;55,1583410;8,7643620
Tønder;Strædet 5;Gården, Møgeltønder;1950;1700;Baroque and rococo;Stuehus med stald (1700-tallet). Fredet 1950.*;Strædet 5, Tønder, Danmark;54,9390610;8,8027020
Tønder;Sønderbyvej 5;Maler Gregersens Hus, Møgeltønder;1921;1700;Baroque and rococo;Stuehus (1700-tallet). Fredet 1921.;Sønderbyvej 5, Tønder, Danmark;54,9665600;8,7366980
Tønder;Søndergade 11 (tidl;11-13);1950;1700;Baroque and rococo;Søndergade 11 (tidl. 11-13). Forhusene (1700-tallet). Fredet 1950.*;Søndergade 11 (tidl, Tønder, Danmark;;
Tønder;Toghale 13;Toghale 13;1992;1700;Baroque and rococo;Østvest beliggende længe indeholdende stuehus, udhus og stald (ca. 1700, ombygget 1938). Fredet 1992.;Toghale 13, Tønder, Danmark;54,9448750;8,8027200
Tønder;Torvet 1;Højergaard;1950;1700;Baroque and rococo;Det grundmurede, stråtækte beboelseshus (1700-tallet). Fredet 1950.*;Torvet 1, Tønder, Danmark;54,9361590;8,8702360
Tønder;Torvet 2A;Humlekærren;1939;1700;Baroque and rococo;Mnr. 3433: forhuset (1700-tallet). F. 1939. Mnr. 559: bislagstenene (1527). Fredet 1950.;Torvet 2A, Tønder, Danmark;54,9362200;8,8698600
Tønder;Ubjergvej 22;Ubjerg Præstegård;1945;1675;Baroque and rococo;Stuehus og hermed sammenbyggede udlænger (1675). Fredet 1945.;Ubjergvej 22, Tønder, Danmark;54,9123170;8,8539180
Tønder;Uldgade 4;Uldgade 4;1973;1740;Baroque and rococo;Gavlhus med sidehus (ca. 1740). Fredet 1973.*;Uldgade 4, Tønder, Danmark;54,9345160;8,8712710
Tønder;Ved Åen 13;Kærgårdshof;1950;1700;Baroque and rococo;De fire længer omkring gårdspladsen (formentlig slutn. af 1700-tallet). Fredet 1950.*;Ved Åen 13, Tønder, Danmark;54,9230400;8,7880510
Tønder;Vestergade 7;Vestergade 7;1921;1700;Baroque and rococo;Forhuset og den hermed sammenbyggede aftrappede sidebygning mod gården (beg. af 1700-tallet, ombygget ca. 1760). Fredet 1921.*;Vestergade 7, Tønder, Danmark;54,9351500;8,8683510
Tønder;Åbenråvej 14;Emmerske Bedehus;1985;1730;Baroque and rococo;Den attenfags hovedlænge indeholdende kirkesal og den seksfags sidelænge (før 1730, ombygget 1835). Fredet 1985.;Åbenråvej 14, Tønder, Danmark;54,9555470;8,9151150
Tønder;Æ Stoksti 1;Hostrup Præstegård;1959;1734;Baroque and rococo;Stuehus og udhus (1734). Fredet 1959.;Æ Stoksti 1, Tønder, Danmark;54,9449940;8,9639530
Tønder;Østergade 1;Store Apotek;1921;1670;Baroque and rococo;De to sammenbyggede gavlhuse mod Østergade (ca. 1670 og senere) og det med disse sammenbyggede gavlhus mod syd (ca. 1680 og senere) samt hegnsmuren mod Søndergade og haverummet med rækken af lindetræer langs hegnsmuren. Fredet 1921.*;Østergade 1, Tønder, Danmark;54,9359350;8,8706890
Tønder;Østergade 13;Østergade 13;1939;1668;Baroque and rococo;Gavlhuset med sidehus (1668). Fredet 1939.;Østergade 13, Tønder, Danmark;54,9363310;8,8715930
Tønder;Østergade 25;Østergade 25;1921;1700;Baroque and rococo;Gavlhus (begyndelsen af 1700-tallet, facaden ombygget ca. 1800) med sidehus (ca. 1760). Fredet 1921.*;Østergade 25, Tønder, Danmark;54,9366370;8,8722940
Tønder;Østergade 27;Østergade 27;1921;1700;Baroque and rococo;Gavlhus med sidehus (beg. af 1700-tallet, forhøjet og gavlen grundmuret ca. 1780). Fredet 1921.*;Østergade 27, Tønder, Danmark;54,9366820;8,8723880
Tønder;Østergade 3;Østergade 3;1950;1650;Baroque and rococo;Forhuset (vestre del ca. 1650, østre del ca. 1770). Fredet 1950.*;Østergade 3, Tønder, Danmark;54,9360160;8,8708610
Tønder;Østergade 36;Østergade 36;1985;1744;Baroque and rococo;Forhus med sidehus (før 1744, forhøjet ca. 1764). Fredet 1985.;Østergade 36, Tønder, Danmark;54,9371050;8,8727300
Tønder;Østergade 47;Østergade 47;1972;1700;Baroque and rococo;Gavlhuset (beg. af 1700-tallet, restaureret ca. 1970). Fredet 1972.*;Østergade 47, Tønder, Danmark;54,9372500;8,8733380
Tønder;Østergade 56;Østergade 56;1921;1729;Baroque and rococo;Gavlhuset (1729, ombygget 1767, restaureret ca. 1970). Fredet 1921.*;Østergade 56, Tønder, Danmark;54,9380680;8,8739910
Tønder;Østergade 58;Østergade 58;1950;1740;Baroque and rococo;Forhuset (ca. 1740, restaureret i 1960'erne). Fredet 1950.*;Østergade 58, Tønder, Danmark;54,9381850;8,8740380
Tønder;Østergade 60;Østergade 60;1950;1725;Baroque and rococo;Forhuset (1725, grundmuret 1837 og 1844, forhøjet 1863 og 1909). Fredet 1950.*;Østergade 60, Tønder, Danmark;54,9382570;8,8740220
Tønder;Østergade 62;Østergade 62;1950;1725;Baroque and rococo;Forhuset (1725, senere delvis grundmuret, restaureret ca. 1970). Fredet 1950.;Østergade 62, Tønder, Danmark;54,9383290;8,8740060
Tønder;Østergade 66;Østergade 66;1950;1700;Baroque and rococo;Gavlhuset (beg. af 1700-tallet, grundmuret ca. 1870). Fredet 1950.;Østergade 66, Tønder, Danmark;54,9384630;8,8739900
Tønder;Østergade 67;Det tidl;1921;1730;Baroque and rococo;Hospital. Forbygningen (1730-33) med sidehus (1877). Fredet 1921.*;Østergade 67, Tønder, Danmark;54,9381400;8,8742720
Tønder;Østerhedevej 8;Østerhedevej 8;1992;1720;Baroque and rococo;Beboelseslænge (1720) med tilhørende vinkelbygning (1762). Fredet 1992.*;Østerhedevej 8, Tønder, Danmark;55,1044160;8,5458140
Tønder;Guldhornsvej 10;Gallehus;1964;;;Stuehuset. Fredet 1964.*;Guldhornsvej 10, Tønder, Danmark;54,9588370;8,8119280
Tønder;Høybergvej 12;Høybergvej 12;1973;;;Forhuset. Fredet 1973.*;Høybergvej 12, Tønder, Danmark;55,0108640;8,7824120
Tønder;Høybergvej 14;Høybergvej 14;1973;;;Forhuset. Fredet 1973.*;Høybergvej 14, Tønder, Danmark;55,0108820;8,7826940
Tønder;Høybergvej 16;Høybergvej 16;1973;;;Forhuset. Fredet 1973.;Høybergvej 16, Tønder, Danmark;55,0109190;8,7829440
Tønder;Møllevej 55;Lindskov Mølle, ved Gallehus;1954;;;Det sammenbyggede anlæg bestående af stuehus, vandmølle, avlsbygning og lade. Fredet 1954.*;Møllevej 55, Tønder, Danmark;54,9616270;8,8036690
Tønder;Postgade 8;Postgade 8;1950;;;Forhuset. Fredet 1950.*;Postgade 8, Tønder, Danmark;54,9635690;8,6951410
Tønder;Trøjborgvej 1;Visby Præstegård;1954;;;Det vinkelformede anlæg. Fredet 1954.;Trøjborgvej 1, Tønder, Danmark;55,0101930;8,7788190
Varde;Gellerupvej 61;Gellerupholm;1939;1820;Classicism;Hovedbygningen (antagelig 1820). Fredet 1939.;Gellerupvej 61, Varde, Danmark;55,6204250;8,4959390
Varde;Hovej 21;Hovej 21;1992;1800;Classicism;Den trelængede gård, bestående af stuehus, stald og lade og den med stuehuset sammenbyggede aftægtsbolig (ca. 1800, aftægtsboligen 1870). Fredet 1992.;Hovej 21, Varde, Danmark;55,5534730;8,2292420
Varde;Letbækvej 15;Hodde tidl;1954;1831;Classicism;Skole. Det gamle skolehus (1831). Fredet 1954.*;Letbækvej 15, Varde, Danmark;55,6984360;8,6460080
Varde;Lundvej 176;Lunderup;1939;1790;Classicism;Hovedbygningen (ca. 1790). Fredet 1939.;Lundvej 176, Varde, Danmark;55,6398590;8,5270600
Varde;Per Knoldsvej 58;Per Knoldsvej 58;1991;1800;Classicism;Beboelseshuset (slutningen af 1800-tallet). Fredet 1991.;Per Knoldsvej 58, Varde, Danmark;55,5586410;8,1106100
Varde;Stokkebrovej 1 og 7;Nørholm;1918;1780;Classicism;"Hovedbygningen (1780) med lavere sidebygninger, mure og portpiller (1776 og 1779) og den hermed sammenbyggede længe mod øst samt tilbageværende mure af avlsgårdens lade (1762), søndre og nordre længe (1759 og 1766); lysthuset i parken; endvidere granitpillerne på gårdspladsen (1764) samt vandmøllen (1792, muligvis 1752) med sammenbygget stuehus, to vandhjul, nagelfast mølleinventar, bro, stigbord og malekarm.Fredet 1918. Udvidet 1964 og 2014.*";Stokkebrovej 1 og 7, Varde, Danmark;;
Varde;Store Hebovej 17;Store Hebo;1993;1798;Classicism;Stuehuset (1798). Fredet 1993.;Store Hebovej 17, Varde, Danmark;55,6311610;8,3890080
Varde;Storegade 33;Den Kampmannske Gård;1918;1781;Classicism;Den Kampmannske Gård, forhuset mod Storegade, det søndre sidehus sammenbygget med forhuset og den dermed sammenbyggede tværlænge (1781), den fritstående mur med de to portpiller og port mod Storegade ved forhusets sydvendte gavl samt de to afgrænsede brolagte gårdspladser.Fredet 1918. Udvidet 2003.;Storegade 33, Varde, Danmark;55,6207280;8,4828980
Varde;Strandvejen 260;Hennegård;1950;1831;Classicism;Hovedbygning med foranliggende to længer (1831). Fredet 1950.;Strandvejen 260, Varde, Danmark;55,7280590;8,2301660
Varde;Torvet 5;Silasens Hus;1919;1800;Classicism;Forhuset (ca. 1800). Fredet 1919.;Torvet 5, Varde, Danmark;55,6198470;8,4800120
Varde;Frisvadvej 44;Villa Krogen;2002;1899;Historicism;Villaen med sidehus (1899 af Martin Nyrop). Fredet 2002.*;Frisvadvej 44, Varde, Danmark;55,6266250;8,4867530
Varde;Fyrvej 106;Blåvandshuk Fyr;2002;1899;Historicism;Fyrtårnet (1899-1900) ved Blåvandshuk Fyr. Fredet 2002.;Fyrvej 106, Varde, Danmark;55,5574570;8,0835080
Varde;Johnsgårdvej 13;Gjødsvang, Peder Holden Hansens eget hus;1978;1875;Historicism;Stuehuset (ca. 1875). Fredet 1978.*;Johnsgårdvej 13, Varde, Danmark;55,7605260;8,6085240
Varde;Karlsgårde Søvej 64;Karlsgårde Vandkraftværk;2001;1919;Historicism;Karlsgårde Kraftværk og den hesteskoformede dæmning, som opstemmer Karlsgårde Sø (1919-21 af ingeniørerne Ulrik Pedersen og F.H. Krebs for SAEF - Sydvestjysk Andels Elektricitets Forsyning, udvidet 1942-43). Fredet 2001.;Karlsgårde Søvej 64, Varde, Danmark;55,6462494;8,5797922
Varde;Kærgård, Ål;Kærgård Båke;1997;1885;Historicism;Sømærket Kærgård Båke (1885). Fredet 1997.;Kærgård, Ål, Varde, Danmark;55,6827881;8,1855386
Varde;Lundvej 39;Lundvej 39;1995;1887;Historicism;Det i en vinkel byggede forhus bestående af en længe langs Lundvej og en med denne sammenbygget længe beliggende vinkelret på Lundvej (opført 1887, ombygget i jugendstil og nyindrettet 1901 af C.H. Clausen). Fredet 1995. *;Lundvej 39, Varde, Danmark;55,6246550;8,4887390
Varde;Redningsvejen 71;Nymindegab Redningsstation;1995;1892;Historicism;Redningsstationen (1892). Fredet 1995.;Redningsvejen 71, Varde, Danmark;55,8108970;8,1899470
Varde;Reginevej 1;Reginevej 1;1989;1881;Historicism;Det vinkelformede bygningsanlæg bestående af stuehus og staldlænge (1881). Fredet 1989.*;Reginevej 1, Varde, Danmark;55,5527500;8,1117110
Varde;Skippervej 1 A, tidl;Stærsvej 16;1983;1850;Historicism;Strandgården. Den trelængede gård (ca. 1850). Fredet 1983.*;Skippervej 1 A, tidl, Varde, Danmark;;
Varde;Stationspladsen 3;Varde Station;1992;1874;Historicism;Varde Station, hovedbygningen (1874 af N.P. Holsøe). Fredet 1992.*;Stationspladsen 3, Varde, Danmark;55,6160970;8,4842670
Varde;Tane Hedevej 7;Tane Hedevej 7;1992;1869;Historicism;Bygningsanlæg (ca. midten af 1800-tallet) og den tilbyggede aftægtsbolig (1869). Fredet 1992.*;Tane Hedevej 7, Varde, Danmark;55,5536960;8,1433780
Varde;Vejers Strand;Ringebjerge Båke;1997;1884;Historicism;Sømærket Ringebjerge Båke (1884, istandsat 1899). Fredet 1997.;Vejers Strand, Varde, Danmark;55,6262677;8,1235257
Varde;Hesselmedvej 8;Hesselmed;1945;1745;Baroque and rococo;Hovedbygningen (1745) samt de omgivende jordvolde og grave.Fredet 1945. (Fredningen af vestlængen ophævet 2011).;Hesselmedvej 8, Varde, Danmark;55,6165120;8,2904990
Varde;Hovej 32;Ho Præstegård;1992;1700;Baroque and rococo;Hovedlængen (beg. 1800-tallet) og sidelængen (1700-tallet). Fredet 1992.;Hovej 32, Varde, Danmark;55,5514620;8,2300700
Varde;Storegade 1;Den tidl. toldkammerbygning. ;1945;;;Den tidl. toldkammerbygning. Fredet 1945.*;Storegade 1, Varde, Danmark;55,6185230;8,4837440
Vejen;Sønderskovgårdvej 2;Sønderskov;1918;1620;Renaissance;Hovedbygningen (1620) med to sidefløje (restaureret 1986-92). Fredet 1918.*;Sønderskovgårdvej 2, Vejen, Danmark;55,4517830;9,0377240
Vejen;Knagmøllevej 8;Knag Mølle;1959;1780;Classicism;Vandmøllen med vandhjul og det dermed sammenbyggede stuehus (ca. 1780) samt Knagmøllebro med de to til- og fraløbshuller til henholdsvis engvandingskanal og møllehjul, de røde rækværker samt brolægningen og granitstelerne ved bygningen. Fredet 1959. Udvidet 2012.;Knagmøllevej 8, Vejen, Danmark;55,4473880;9,1638360
Vejen;Skolegade 12;Aftægtshus til Gården;1950;1844;Classicism;Stuehuset (1844). Fredet 1950.;Skolegade 12, Vejen, Danmark;55,4847570;9,1410880
Vejen;Østergade 14;Holsted Tidl;1977;1845;Classicism;Tinghus. Tinghuset (1845 af N.S. Nebelong). Fredet 1977. *;Østergade 14, Vejen, Danmark;55,4842430;9,0207330
Vejen;Banegårdspladsen 1;Vejen Station;1992;1917;Historicism;Hovedbygningen med perrontage, pakhus- og toiletbygning, muren og træportene mellem disse (1917 af Heinrich Wenck) og kommandoposten ca. 300 m. vest for hovedbygningen (1919 af Heinrich Wenck). Fredet 1992.;Banegårdspladsen 1, Vejen, Danmark;55,4759420;9,1362990
Vejen;Borgergade 10;Borgergade 10;1950;1863;Historicism;Stuehuset (1863 af Peder Holden Hansen). Fredet 1950.*;Borgergade 10, Vejen, Danmark;55,4844580;9,1429610
Vejen;Jels Møllegade 5;Jels Mølle;1959;1859;Historicism;Vindmøllen (1859). Fredet 1959.*;Jels Møllegade 5, Vejen, Danmark;55,3575590;9,1985650
Vejen;Koldingvej 33;Petersborggård;1978;1852;Historicism;Hovedbygningen med to sammenhængende korte sidebygninger (1852 af Peder Holden Hansen). Fredet 1978.;Koldingvej 33, Vejen, Danmark;55,3973610;9,2374700
Vejen;Koldingvej 52;Det Gule Hus;1979;1858;Historicism;Stuehuset (1858 af Peder Holden Hansen). Fredet 1979.*;Koldingvej 52, Vejen, Danmark;55,4781670;9,2329020
Vejen;Maltvej 94;Malt gamle Præstegård;1990;1869;Historicism;Stuehuset og den skråtliggende østre avlslænge (1869-70 af Peder Holden Hansen) samt kastanie- og lindealleen, der fører to gårdspladsern. Fredet 1990.*;Maltvej 94, Vejen, Danmark;55,4719440;9,0731640
Vejen;Møgelmosevej 3;Møgelmosevej 3;2016;1912;Historicism;Villaen med sidefløj, forbindelsesmur og udhus (1912 af L.P. Aakjær). Fredet 2016;Møgelmosevej 3, Vejen, Danmark;55,3701850;9,0584190
Vejen;Ollingvej 1, Sdr;Hygum;2006;1880;Historicism;Hygum Hjemstavnsgård. Den firelængede gård fra midten af 1880'erne med have (ca. 1900) og pikstensbelagt gårdsplads. Fredet 2006. *;Ollingvej 1, Sdr, Vejen, Danmark;55,3536280;8,9760240
Vejen;Surhavevej 24;Toftager;1979;1860;Historicism;Hovedbygningen (ca. 1860) og den trelængede avlsgård (af Peder Holden Hansen) samt den brolagte gårdsplads. Fredet 1979.*;Surhavevej 24, Vejen, Danmark;55,5176680;9,0127440
Vejen;Vejlevej 1;Stenbrogård;1978;1868;Historicism;Hovedbygningen (1868), den trelængede avlsgård samt gårdspladsens brolægning (af Peder Holden Hansen). Fredet 1978.*;Vejlevej 1, Vejen, Danmark;55,5008690;9,0200380
Vejen;Esbjergvej 40 og 51;Estrup;1918;1721;Baroque and rococo;Den trelængede hovedbygning (1721), avlsbygningerne (sydlængen 1721, de øvrige 1909) og skovfogedhuset (nr. 40) (beg. af 1800-tallet). Fredet 1918. Udvidet 1984 og 1985.*;Esbjergvej 40 og 51, Vejen, Danmark;55,4918190;9,0894700
Vejle;Engelsholmvej 6;Engelsholm;1918;1592;Renaissance;Hovedbygningen (1592-93 muligvis af Hans (I) van Steenwinckel eller Hercules von Oberberg, ombygget ca. 1740). Fredet 1918.*;Engelsholmvej 6, Vejle, Danmark;55,7152220;9,3192210
Vejle;Tirsbækvej 135;Tirsbæk Gods;1918;1550;Renaissance;Den trefløjede hovedbygning (nord- og østfløj ca. 1550 af Villestrupmesteren, tårnet og vestfløj 1577). Fredet 1918.*;Tirsbækvej 135, Vejle, Danmark;55,7133100;9,6374230
Vejle;Grejs Bakke 13;Grejs Dampmølle;1988;1847;Classicism;Den røde fabriksbygning med tilbygning samt kedelhus og den store skorsten (1847). Fredet 1988.;Grejs Bakke 13, Vejle, Danmark;55,7550930;9,5320150
Vejle;Håstrupgårdsvej 11;Håstrupgård;1986;1832;Classicism;Stuehuset (1832), østlængen (1700-tallet, ombygget), vestlængen (1906), vinkelbygningen mellem stuehuset og vestlængen (ca. 1850) samt gårdspladsens brolægning. Fredet 1986.*;Håstrupgårdsvej 11, Vejle, Danmark;55,5911630;9,5437640
Vejle;Jellingvej 341;Lerbæk;1985;1793;Classicism;Den trefløjede hovedbygning (1793 med dele fra 1500-tallet, ombygget i 1890'erne). Fredet 1985.;Jellingvej 341, Vejle, Danmark;55,7446000;9,4917750
Vejle;Pedersholms Allé 42 A-B;Pedersholm;1939;1775;Classicism;Hovedbygningen med vinkelbyggede sidefløje (antagelig 1775). Fredet 1939.*;Pedersholms Allé 42 A-B, Vejle, Danmark;55,6957030;9,5082231
Vejle;Store Grundet Allé 71 A-E;Store Grundet;1945;1840;Classicism;Hovedbygningen med vinkelbyggede sidefløje (1840-47). Fredet 1945.*;Store Grundet Allé 71 A-E, Vejle, Danmark;55,7341807;9,5563405
Vejle;Tørskindvej 95;Klingebækgård;2008;1827;Classicism;Det fritliggende stuehus (ca. 1860), de tre sammenbyggede avlslænger (1827 og 1894), det på staldens østside tilbyggede roehus, motorhuset ved ladens sydside samt den brolagte gårdsplads. Fredet 2008.;Tørskindvej 95, Vejle, Danmark;55,6527080;9,3056600
Vejle;Vandmøllevej 4 A;Børkop Vandmølle;1960;1830;Classicism;Stuehus med den i vinkel sammenbyggede vandmølle mod west samt den fritliggende tidl. staldlænge mod øst (ca. 1830). Fredet 1960.;Vandmøllevej 4 A, Vejle, Danmark;55,6379510;9,6622630
Vejle;Bøgvadvej 41 og 43;Nybjerg Mølle;1959;1850;Historicism;Vandmøllen (1850) og det dermed sammenbyggede stuehus (1838). Fredet 1959.*;Bøgvadvej 41 og 43, Vejle, Danmark;55,6302020;9,2590200
Vejle;Havnepladsen 2;Toldkammerbygningen;1991;1906;Historicism;Den tofløjede bygning i to etager (1906-07 efter tegninger af Vilhelm Petersen). Fredet 1991.*;Havnepladsen 2, Vejle, Danmark;55,7068670;9,5415470
Vejle;Nederbyvej 18;Skærup Skole;1999;1913;Historicism;Den tidl. Skærup Skole (1913) samt kastanietræet på gårdspladsen. Fredet 1999.;Nederbyvej 18, Vejle, Danmark;55,6408600;9,6085560
Vejle;Nebbegårdsvej 115;Nebbegård;1960;1660;Baroque and rococo;Hovedbygningen (ca. 1660, helt ombygget ca. 1770). Fredet 1960.*;Nebbegårdsvej 115, Vejle, Danmark;55,6194460;9,7155130
Vejle;Refstrupvej 18;Store Refstrup;1939;1741;Baroque and rococo;Stuehuset (1741). Fredet 1939.*;Refstrupvej 18, Vejle, Danmark;55,7815260;9,3153030
Vesthimmerlands;Hesselvej 40;Hessel;1990;beg. af 1600-tallet;Renaissance;Den firelængede gård (beg. af 1600-tallet), den brolagte gårdsplads med vandingsdam og fire lindetræer samt de to haveanlæg med stendiger vest og syd for gården. Fredet 1990.;Hesselvej 40, Vesthimmerlands, Danmark;56,6881690;9,1927890
Vesthimmerlands;Svingelbjergvej 106;Lerkenfeld;1918;1555;Renaissance;Den trefløjede hovedbygning (sydfløj med trappetårn og udbygninger samt vestfløj ca. 1555, østfløj ca. 1600) tillige med de omgivende grave. Fredet 1918.*;Svingelbjergvej 106, Vesthimmerlands, Danmark;56,7349550;9,3823740
Vesthimmerlands;Viborgvej 475;Vitskøl Kloster, Bjørnsholm;1918;middelalder;Medieval;Den trefløjede hovedbygning (middelalder, vestfløjen ombygget 1643-46, østfløjen ombygget bl.a. 1769). Fredet 1918.*;Viborgvej 475, Vesthimmerlands, Danmark;56,8688270;9,2127580
Vesthimmerlands;Aggersborgvej 170 A;Aggersborggård;1939;1758;Classicism;Hovedbygningens tre længer (1758). Fredet 1939.;Aggersborgvej 170 A, Vesthimmerlands, Danmark;56,9938060;9,2550830
Vesthimmerlands;Halkærvej 103;Koppesmølle Andelsmejeri (tidl.);1997;1932;Historicism;Mejeribygningen, skorstenen og garagen (1932 af E.V. Lind). Fredet 1997.*;Halkærvej 103, Vesthimmerlands, Danmark;56,9192620;9,5141610
Vesthimmerlands;Kanalvejen 40, Frederik VII's kanal;Kanalfogedboligen og Gitterdragerdrejebroen;1964;1863;Historicism;Beboelseshuset, baghuset og den forbindende mur med udhuset (1863), samt gitterdragerdrejebroen (1861 af havneingeniør C.J.H. Reimers og De Smithske Jernstøberier) med de murede og granitbeklædte fundamenter. Fredet 1964. Udvidet 1997.*;Kanalvejen 40, Frederik VII's kanal, Vesthimmerlands, Danmark;;
Vesthimmerlands;Klostervej 4;Kanalbetjenthusene ved Lendrup;1978;1863;Historicism;De to kanalbetjentboliger med tilhørende udhuse (1863). Fredet 1978.*;Klostervej 4, Vesthimmerlands, Danmark;56,9391810;9,2105960
Viborg;Virksundvej 70;Tårupgård;1918;1580;Renaissance;Den vinkelformede hovedbygning (ca. 1580, stærkt ombygget ca. 1747-50 formentlig af Nicolaus Hinrich Rieman) og de to bindingsværkssidelænger (ca. 1550) med omgivende voldgrave. Fredet 1918.*;Virksundvej 70, Viborg, Danmark;56,5642397;9,2498983
Viborg;Østervej 1-3;Lynderupgård;1918;1556;Renaissance;Den trelængede hovedbygning (1556) med omgivende grave samt den gamle springbrønd i gården. Fredet 1918.*;Østervej 1-3, Viborg, Danmark;56,5674064;9,3237349
Viborg;Domkirkestræde 1 og 1 A;Bispegården;1919;middelalder;Medieval;Det trefløjede anlæg (middelalder, genopført efter brand 1728-30 af Claus Stallknecht, østfløjen og en del af nordfløjen ca. 1900) samt hegnsmur mod Domkirkestræde. Fredet 1919.;Domkirkestræde 1 og 1 A, Viborg, Danmark;;
Viborg;Hobro Landevej 90;Tjele;1918;ca. 1500;Medieval;Det søndre house (ca. 1500), østfløjens lave del (ca. 1500, senere delvis ombygget i grundmur) samt østfløjens høje hus med tårnet mod øst (ca. 1580) og den hermed sammenbyggede portfløj (1585), alle beliggende omkring borggården, samt bindingsværkshestestalden (ca. 1600) og den hermed sammenbyggede længe mod vest tillige med portpiller og mure ved begge indkørsler. Fredet 1918. Udvidet 1964.;Hobro Landevej 90, Viborg, Danmark;56,5120280;9,6106530
Viborg;Sankt Leonis Stræde 1;Stiftsprovstegården;1918;ca. 1500;Medieval;Hovedbygning i syd (ca. 1500) med sidebygning i øst (1856) samt bygningerne mod Leonisstræde. Fredet 1918.;Sankt Leonis Stræde 1, Viborg, Danmark;;
Viborg;Sankt Mogensgade 16;Gråbrødre Kloster, Hospitalet;1918;ca. 1500;Medieval;Klosteranlæggets nord- og østfløj (ca. 1500 og senere) med udløberfløj (ca. 1500, forlænget og forhøjet ca. 1530, tårnet ca. 1850) samt hegnsmure i syd (1500-tallet) og vest samt porten. Fredet 1918.*;Sankt Mogensgade 16, Viborg, Danmark;;
Viborg;Sankt Mogensgade 31 A-C;Karnapgården;1918;ca. 1530;Medieval;Gavlhuset med portfløj* (ca. 1530, udvidet og ombygget 1643 og 1649) samt gavlhusets forlængelse mod vest og sidehus mod øst.Fredet 1918.;Sankt Mogensgade 31 A-C, Viborg, Danmark;;
Viborg;Sankt Mogensgade 38;Sankt Mogensgade 38;1982;ca. 1500;Medieval;Gavlhuset og den dermed sammenbyggede forbygning (ca. 1500) samt sidehuset af bindingsværk. Fredet 1982.*;Sankt Mogensgade 38, Viborg, Danmark;;
Viborg;Sankt Mogensgade 7;Sankt Mogensgade 7;1919;middelalder;Medieval;Forhuset (middelalder og senere).Fredet 1919.*;Sankt Mogensgade 7, Viborg, Danmark;;
Viborg;Sankt Mogensgade 9 A;Sankt Mogensgade 9 A;1918;1520;Medieval;Forhuset (ca. 1520, ombygget 1643). Fredet 1918.*;Sankt Mogensgade 9 A, Viborg, Danmark;;
Viborg;Skolestræde 2;Skolestræde 2;1945;middelalder;Medieval;Det middelalderlige murværk med tilhørende fundamenter i forhusets nordgavl og østmur. Fredet 1945. Ændret 2019;Skolestræde 2, Viborg, Danmark;56,4498650;9,4132630
Viborg;Herredsvejen 56;Holmgård;1988;1750;Classicism;Hovedbygningen (ca. 1750, ombygget 1840 og 1970) samt brolægningen og to lindetræer på østsiden af bygningen.Fredet 1988.;Herredsvejen 56, Viborg, Danmark;56,5856240;9,4612270
Viborg;Karmark Møllevej 2;Karmark Mølle;1959;1809;Classicism;Karmark Mølle. Vandmøllen (1809), laden (1863), stuehuset (ca. 1650 med senere tilbygning), svinehuset, frisluse med dæmning, malekarm, fraløbsrende, vandhjul og mølledam. Fredet 1959.* Udvidet 2011.;Karmark Møllevej 2, Viborg, Danmark;56,4403400;9,7548690
Viborg;Lille Sankt Hansgade 20;Den gamle Hovedvagt;1919;1805;Classicism;Hovedvagtsbygningen (1805 af Willads Stilling). Fredet 1919.*;Lille Sankt Hansgade 20, Viborg, Danmark;;
Viborg;Nytorv 3;Svaneapoteket;1919;1846;Classicism;Forhuset (1846, kælderen fra 1500-tallet) og de to dermed sammenhængende sidehuse med halvtagsudbygning på den sydlige og enetages tilbygning i forlængelse af det nordlige sidehus samt gårdspladsens brolægning. Fredet 1919.*;Nytorv 3, Viborg, Danmark;56,4510240;9,4091310
Viborg;Ravnsbjergvej 76;Hald;1918;1789;Classicism;Hovedbygningen (1789) med 2 pavilloner i parken. Fredet 1918.*;Ravnsbjergvej 76, Viborg, Danmark;56,3928860;9,3439530
Viborg;Sankt Mogensgade 1;Den gamle Latinskole;1919;1780;Classicism;Forhuset (ca. 1740-50 af Johann Gottfried Hödrich, ombygget 1769-72 og 1842) og lysthus (1780). Fredet 1919. *;Sankt Mogensgade 1, Viborg, Danmark;;
Viborg;Sankt Mogensgade 28-30;Sankt Mogensgade 28-30;1978;1781;Classicism;Hjørnebygningen nr. 28 (før 1781, ombygget mellem 1827 og 1835) med sidehus mod Rosenstræde samt forhuset nr. 30 (før 1781) med side- og baghus. Fredet 1978.*;Sankt Mogensgade 28-30, Viborg, Danmark;;
Viborg;Sankt Mogensgade 32 A-B;Ursins Gård;1919;1801;Classicism;Forhuset (ca. 1825 af Willads Stilling) og det hermed sammenbyggede sidehus (1801, forlænget 1811-18 og forhøjet 1847-57). Fredet 1919.*;Sankt Mogensgade 32 A-B, Viborg, Danmark;;
Viborg;Sankt Mogensgade 8;Morvilles Gård;1919;1798;Classicism;Forhus med sidefløj (1798 af Willads Stilling). Fredet 1919.*;Sankt Mogensgade 8, Viborg, Danmark;;
Viborg;Sct;Mogens Gade 26;1945;1790;Classicism;Det Zahrtmannske Hus. Forhuset mod Sct. Mogens Gade (ca. 1790) med sidehus mod Rosenstræde og baghus samt hegnsmur og port mod Sct. Mogens Gade. Fredet 1945.*;Sct, Viborg, Danmark;56,4483953;9,4103627
Viborg;Store Sankt Hans Gade 2;Friedenreichs Gård, Stiftamtsgården;1918;1757;Classicism;Forhuset mod Nytorv (1757 muligvis af Nicolaus Hinrich Rieman) samt havehus med tilhørende mur (ca. 1800, ombygget ca. 1850).Fredet 1918. Udvidet 1973.;Store Sankt Hans Gade 2, Viborg, Danmark;;
Viborg;Østervangsvej 28;Viskum;1918;1780;Classicism;Den trelængede hovedbygning samt tværlængen på nordre sidelænge (ca. 1780, nordfløjen 1860). Fredet 1918.;Østervangsvej 28, Viborg, Danmark;56,4504170;9,5865630
Viborg;Banegårdspladsen 2;Viborg Stations remise;1992;1889;Historicism;Remisen og den hermed sammenbyggede opholdsbygning samt drejeskiven, remisespor og nære omgivelser (1889 af N.P. Holsøe). Fredet 1992. Udvidet 2011.;Banegårdspladsen 2, Viborg, Danmark;56,4474550;9,3984090
Viborg;Gammel Skivevej 2;Viborg Katedralskole;1987;1920;Historicism;De fire fløje med to udløberfløje i syd og to i nord (1920-26 af Hack Kampmann) samt de umiddelbare omgivelser afgrænset på ydersiden af de omgivende lindealléer, herunder skolegården imellem de tre fløje og kolonnaden, gårdene mellem udløberfløjene mod nord og syd, stisystemet i alléerne, trapper, den høje støttemur med aksialt trappeanlæg, nicher og murdetaljer, de to boldbaner mod nord og syd samt stensætninger og volde (1926 af G. N. Brandt). Fredet 1987. Udvidet 2020.;Gammel Skivevej 2, Viborg, Danmark;56,4573360;9,4121180
Viborg;Gravene 23 A;Viborg Teater;1986;1909;Historicism;Teaterkomplekset (1909-1910 af Søren Vig-Nielsen). Fredet 1986.*;Gravene 23 A, Viborg, Danmark;56,4509840;9,4063200
Viborg;Hjultorvet 9-11;Stiftsmuseet, Hedeselskabet (tidl.);1986;1868;Historicism;Det trefløjede anlæg (1868 af Jul. Trolle, sidefløjene forhøjet 1923) og gavlhuset øst herfor (1876). Fredet 1986.;Hjultorvet 9-11, Viborg, Danmark;56,4498928;9,4085343
Viborg;Kalkværksvej 8;Mønsted Kalkværk;1998;1934;Historicism;Kalkværksbygningen med tre kontinuerte skaktovne (1934). Fredet 1998.;Kalkværksvej 8, Viborg, Danmark;56,4567260;9,1661910
Viborg;Rødevej 4;Exercerhuset;1971;1871;Historicism;Exercerbygningen (1871 af Johannes Trolle). Fredet 1971.;Rødevej 4, Viborg, Danmark;56,4538570;9,4070670
Viborg;Sct;Mathias Gade 96 B;2006;1913;Historicism;2. Generalkommando. 2. Generalkommando (1913 af Søren Vig Nielsen) bestående af hovedbygning med tilføjet tårn, sidebygning, den svungne mur med flagstang mod Sct. Mathiasgade, de mindre bygninger, der afgrænser gården mod øst, og den brolagte gårdsplads. Fredet 2006;Sct, Viborg, Danmark;56,4483953;9,4103627
Viborg;Vinkelvej 93 B;Bruunshaab gamle Papfabrik;1999;1909;Historicism;Papfabrikken bestående af produktionsbygningen (1909 af Søren Vig-Nielsen) med kollergangshus (1946), maskinhus med turbinerum (1909), dampmaskinerum (1943) og kedelrum (1943), værksted (1952), skorsten, kulgård (1943), lager- og kontorbygning (1946) samt det fritliggende udhus (1943). Fredet 1999.*;Vinkelvej 93 B, Viborg, Danmark;56,4226630;9,4454510
Viborg;Domkirkestræde 2;Viborg gamle Rådhus;1919;1728;Baroque and rococo;Rådshusbygningen (1728 af Claus Stallknecht) og muren med port mod Sankt Mogensgade. Fredet 1919.*;Domkirkestræde 2, Viborg, Danmark;56,4503890;9,4117580
Viborg;Palstrupvej 25;Palstrup;1918;1722;Baroque and rococo;Hovedbygningen (1722-40, ombygget 1919 af Hack Kampmann) med to sidefløje og to forbindelsesbygninger (1919 af Hack Kampmann), avlsgårdens stråtækte lade (1784) og stenbroen over den indre voldgrav (1656). Fredet 1918. Udvidet 1989.*;Palstrupvej 25, Viborg, Danmark;56,3215720;9,5171260
Viborg;Riddergade 8;Brænderigården, Sindsygehospital;1950;1700;Baroque and rococo;Det firefløjede anlæg (1700-tallet og senere). Fredet 1950.;Riddergade 8, Viborg, Danmark;56,4499550;9,4154860
Viborg;Sankt Mogensgade 11;Sankt Mogensgade 11;1919;1730;Baroque and rococo;Forhuset (ca. 1730). Fredet 1919.*;Sankt Mogensgade 11, Viborg, Danmark;;
Viborg;Sankt Mogensgade 29;Sankt Mogensgade 29;1919;1700;Baroque and rococo;Forhuset (1700-tallet). Fredet 1919.;Sankt Mogensgade 29, Viborg, Danmark;;
Viborg;Sankt Mogensgade 3;Sankt Mogensgade 3;1932;;Baroque and rococo;Forhuset (barok). Fredet 1932.;Sankt Mogensgade 3, Viborg, Danmark;;
Viborg;Bjerringbrovej 54;Tangeværket;2006;;;Kraftværket med stigbord, hoveddæmningen med frisluse, de to sekundære dæmninger og indløbskanalen mellem Tange Sø og kraftværket. Fredet 2006;Bjerringbrovej 54, Viborg, Danmark;56,3542930;9,6022810
Viborg;Grønhøj Skivevej 26 (tidl;Skivevej 26);1954;;;Grønhøj Kro. Krohus og rejsestald. Fredet 1954.;Grønhøj Skivevej 26 (tidl, Viborg, Danmark;;
Viborg;Vrouevej 5;Vroue Præstegård;1964;;;Stuehuset. Fredet 1964.*;Vrouevej 5, Viborg, Danmark;56,4415690;9,0302680
Vordingborg;Hastrupvej 1;Beldringe;1918;1561;Renaissance;Hovedbygningen (1561) samt bindingsværksladen (ca. 1715-16). Fredet 1918. Udvidet 1990.*;Hastrupvej 1, Vordingborg, Danmark;55,1060490;11,9920850
Vordingborg;Kragevigvej 17;Skovly;1989;1600;Renaissance;Den firelængede stråtækte bindingsværksgård (slutn. af 1600-tallet-beg. af 1700-tallet). Fredet 1989.;Kragevigvej 17, Vordingborg, Danmark;55,0724760;12,1052160
Vordingborg;Byvolden, mellem Stege Bugt og Stege Nor;Stege gamle Byvold;1918;ca. 1430;Medieval;Byvolden med grav (ca. 1430). Fredet 1918.;Byvolden, mellem Stege Bugt og Stege Nor, Vordingborg, Danmark;;
Vordingborg;Provstestræde 2;Latinskolen (tidl.), Stege;1924;senmiddelalder;Medieval;Det vinkelbyggede house (senmiddelalder) samt det fritliggende udhus (ca. 1830) med hegnsmure. Fredet 1924.;Provstestræde 2, Vordingborg, Danmark;54,9838400;12,2836240
Vordingborg;Slotstorvet 9;Gåsetårnet;1950;ca. 1370;Medieval;Fæstningstårnet (ca. 1370). Fredet 1950.;Slotstorvet 9, Vordingborg, Danmark;55,0071960;11,9124770
Vordingborg;Storegade 75 A;Mølleporten, Stege;1918;1480;Medieval;Porttårnet (ca. 1480-1500). Fredet 1918.;Storegade 75 A, Vordingborg, Danmark;54,9872080;12,2892900
Vordingborg;Ørslevvej 134;Ørslev Kirkelade;1950;middelalder;Medieval;Kirkeladen (middelalder og senere). Fredet 1950.;Ørslevvej 134, Vordingborg, Danmark;55,0436440;11,9725800
Vordingborg;Øster Egesborgvej 6;Øster Egesborg Kirkelade;1964;middelalder;Medieval;Kirkeladen (middelalder og senere). Fredet 1964.*;Øster Egesborgvej 6, Vordingborg, Danmark;55,0409340;12,0192900
Vordingborg;Algade 97;Vordingborg Rådhus;1977;1843;Classicism;Den tidl. rådhusbygning med sidebygninger mod gaden (1843 af Peter Kornerup). Fredet 1977. *;Algade 97, Vordingborg, Danmark;55,0082970;11,9106410
Vordingborg;Bogø Hovedgade 40;Bogø Møllegård;1964;1790;Classicism;Stuehuset (ca. 1790). Fredet 1964.*;Bogø Hovedgade 40, Vordingborg, Danmark;54,9199800;12,0490640
Vordingborg;Bygaden 16;Hospitalet, Køng;1945;1793;Classicism;Den grundmurede hospitalsbygning (1793). Fredet 1945.*;Bygaden 16, Vordingborg, Danmark;54,9983310;12,1374740
Vordingborg;Bygaden 22;Gamle Skole, Spindeskolen i Køng;1945;1780;Classicism;Skolebygningen (1780). Fredet 1945.;Bygaden 22, Vordingborg, Danmark;54,9989610;12,1379080
Vordingborg;Bygaden 27;Gammel Øbjerggård;1945;1780;Classicism;Hovedbygningen (ca. 1780). Fredet 1945.*;Bygaden 27, Vordingborg, Danmark;55,1097620;11,8256720
Vordingborg;Grønnegade 1;Den gamle Borgmestergård, Præstø;1982;1823;Classicism;Forhus (1823, senere grundmuret), sidehus og baghus (1826). Fredet 1982.;Grønnegade 1, Vordingborg, Danmark;55,1231430;12,0418560
Vordingborg;Havnepladsen 12;Havnepladsen 12, Præstø;1979;1842;Classicism;Pakhuset (1842). Fredet 1979.*;Havnepladsen 12, Vordingborg, Danmark;55,1244750;12,0429090
Vordingborg;Klintevej 502;Magleby Præstegård;1953;1849;Classicism;Stuehuset og de dermed forbundne to længer (1849). Fredet 1953.;Klintevej 502, Vordingborg, Danmark;54,9839610;12,4848810
Vordingborg;Klintholm Allé 1 M;Klintholm;1964;1837;Classicism;Gamle hovedbygning (1837 af G.F. Hetsch). Fredet 1964.;Klintholm Allé 1 M, Vordingborg, Danmark;54,9781780;12,5035500
Vordingborg;Langebjergvej 4, 6 og 8;Liselund;1918;1790;Classicism;Det Gamle Slot, Schweitzerhytten med udhus, ishuset, Det Kinesiske Lysthus, Det Norske Hus, to som brændestakke camouflerede retirader, Bondegården (1790-92 af Andreas Kirkerup), Liselund Ny Slot (1886-87 af Philip Smidth) og det oprindelige have- og parkanlæg herunder de på vedlagte kortbilag viste søer, øer, dæmninger og stensætninger, jorder og volde, indmålte træer og beplantninger samt følgende mindesmærker: grotten syd for Skriversøen, Monumentet for Harmonien på Pyramideøen, Skrivermonumentet nordøst for Skriverøen, soluret syd for Gl. Slot, de to monumenter på Haveøen, Gratiemonumentet og den brudte søjle ved Djævlekløften. Fredet 1918. Udvidet 1960. Udvidet 2003.;Langebjergvej 4, 6 og 8, Vordingborg, Danmark;;
Vordingborg;Lundbygårdsvej 100;Lundbygård;1918;1806;Classicism;Den trefløjede hovedbygning (1806). Fredet 1918.;Lundbygårdsvej 100, Vordingborg, Danmark;55,1259670;11,8960510
Vordingborg;Nordgade 9;Nordgade 9, Nyord;1971;1800;Classicism;Bindingsværkshuset (1800-tallet). Fredet 1971.*;Nordgade 9, Vordingborg, Danmark;55,0416600;12,1959730
Vordingborg;Petersgaards Allé 3;Petersgård;1918;1776;Classicism;Den tofløjede hovedbygning med forbindelsesbygningen mellem fløjene (1776-80). Fredet 1918.;Petersgaards Allé 3, Vordingborg, Danmark;;
Vordingborg;Petersværft 3;Skovridergården, Petersværft 3;1994;1800;Classicism;Enetages grundmuret, teglhængt beboelseslænge med kort sidefløj samt vinkelformet stråtækt ladebygning i bindingsværk (ca. 1800, beboelseslænge ombygget 1928). Fredet 1994.;Petersværft 3, Vordingborg, Danmark;54,9709400;12,0760080
Vordingborg;Petersværft 4;Officershuset, Petersværft 4;1994;1807;Classicism;Grundmuret enetages vinkelbygning med høj kælder og halvvalmet, rødt tegltag (1807, udvidet 1885 og 1903). Fredet 1994.;Petersværft 4, Vordingborg, Danmark;54,9720320;12,0782960
Vordingborg;Rosenfeldt 1;Rosenfeldt;1932;1776;Classicism;De seks bygninger omkring den ottekantede gård (1776-77 af Christian Joseph Zuber), hovedbygningen (1868-70 af H.S. Sibbern), bøgehække og de omkransende lindealléer i haven sydøst for avlsgården samt jerngitret der lukker gårdanlægget mod sydvest. Fredet 1932. Udvidet 1990.*;Rosenfeldt 1, Vordingborg, Danmark;55,0168300;11,8762220
Vordingborg;Skullebjergvej 15;Museumsgården ved Keldbylille;2001;1800;Classicism;Den firelængede stråtækte bindingsværksgård (1800) bestående af stuehus, lade, kvægstald og hestestald, den pigstensbelagte gårdsplads, møddingsplads samt det fritliggende brændehus, vognskur og haven med stier, dam og stenhøj. Fredet 2001.;Skullebjergvej 15, Vordingborg, Danmark;54,9695660;12,3509540
Vordingborg;Storegade 35 A;Kammerrådgården, Stege;1924;1770;Classicism;Forhuslængen mod Storegade (ca. 1770, facaden ombygget ca. 1800), det dermed sammenbyggede sidehus, det i forlængelse heraf opførte pakhus, baghuset samt det fritliggende grundmurede hus på gårdspladsen. Fredet 1924.*;Storegade 35 A, Vordingborg, Danmark;54,9848860;12,2849530
Vordingborg;Storegade 4;Hages Gaard;1924;1816;Classicism;Hjørnebebyggelsen med facade til Storegade og sidehus langs Billedhuggerstræde (1816, de fire østligste fag 1845). Fredet 1924.;Storegade 4, Vordingborg, Danmark;54,9827900;12,2837060
Vordingborg;Storegade 48;Apoteket, Stege;1924;1799;Classicism;Forhuset (1799), sidehuset (1889) samt den brolagte gårdsplads. Fredet 1924. Udvidet 1992.*;Storegade 48, Vordingborg, Danmark;54,9847520;12,2861780
Vordingborg;Storegade 73-75;Møns Museum;1918;1813;Classicism;Det firefløjede anlæg, samt de to bindingsværkshuse og muren med port mod Storegade (forhuset nr. 15 fra 1813). Fredet 1918.*;Storegade 73-75, Vordingborg, Danmark;54,9874491;12,2904438
Vordingborg;Storegade 88, hj;af Lohmannsvej;1982;1832;Classicism;Storegade 88, Stege. Pakhuset (1832). Fredet 1982.*;Storegade 88, hj, Vordingborg, Danmark;;
Vordingborg;Torvestræde 7;Grundtvigs Hus, Præstø;1982;1820;Classicism;Forhus og baghus (1820-21) samt sidehus (1862). Fredet 1982.*;Torvestræde 7, Vordingborg, Danmark;55,0091810;11,9067480
Vordingborg;Torvet 10;Præstø Rådhus og arrestbygning;1977;1823;Classicism;Rådhuset (1823 efter tegning ca. 1803 af Willads Stilling og C.F. Hansen, udvidet og ombygget 1868) og arrestbygningen (1850). Fredet 1977. Udvidet 1982.*;Torvet 10, Vordingborg, Danmark;55,1235060;12,0439770
Vordingborg;Torvet 11;Torvet 11, Præstø;1982;1845;Classicism;Forhuset (1845). Fredet 1982.*;Torvet 11, Vordingborg, Danmark;55,1237790;12,0439970
Vordingborg;Torvet 7;Torvet 7, Præstø;1982;1819;Classicism;Forhuset (1819, facaden og den ene gavl grundmuret 1846). Fredet 1982.*;Torvet 7, Vordingborg, Danmark;55,1236600;12,0435360
Vordingborg;Østergade 7 og Nordgade 11;Østergade 7 og Nordgade 11, Nyord;1971;1800;Classicism;Bindingsværkshuset (1800-tallet). Fredet 1971.;Østergade 7 og Nordgade 11, Vordingborg, Danmark;;
Vordingborg;Bogø Hovedgade 36;Bogø Mølle;1964;1852;Historicism;Vindmøllen (1852). Fredet 1964.*;Bogø Hovedgade 36, Vordingborg, Danmark;54,9189620;12,0500410
Vordingborg;Christinelundsvej 36 og 38;Christinelund;1978;1859;Historicism;Hovedbygningen med tilbygget enetages længe (1859-60 af Ferdinand Meldahl). Fredet 1978.;Christinelundsvej 36 og 38, Vordingborg, Danmark;55,1192080;12,0748820
Vordingborg;Fæbyvej 121;Snertinge;1978;1857;Historicism;Hovedbygningen og avlsgården (1857 af Ferdinand Meldahl). Fredet 1978.;Fæbyvej 121, Vordingborg, Danmark;55,0639860;11,9193990
Vordingborg;Færgegaardsvej 15;Oringe, Vordingborg Sindssygehospital;1945;1854;Historicism;Bindesbølls anlæg (1854-57 af Gottlieb Bindesbøll). Fredet 1945.;Færgegaardsvej 15, Vordingborg, Danmark;55,0007250;11,9087900
Vordingborg;Grønnegade 11;Grønnegade 11, Præstø;1982;1855;Historicism;Forhuset (1855) og de to sidehuse (det østlige 1855, det vestlige 1871). Fredet 1982.*;Grønnegade 11, Vordingborg, Danmark;55,1233840;12,0427160
Vordingborg;Grønnegade 12;Grønnegade 12, Præstø;1982;1855;Historicism;Forhuset (1855, opr. snedkerværksted, 1874 ombygget til beboelse). Fredet 1982.*;Grønnegade 12, Vordingborg, Danmark;55,1232170;12,0427080
Vordingborg;Grønnegade 9;Grønnegade 9, Præstø;1982;1859;Historicism;Forhuset (1859). Fredet 1982.*;Grønnegade 9, Vordingborg, Danmark;55,1233420;12,0425460
Vordingborg;Grønsundvej 50;Nybøllegård;1972;1856;Historicism;Hovedbygningen (1856 af Gottlieb Bindesbøll). Fredet 1972.*;Grønsundvej 50, Vordingborg, Danmark;54,9716180;12,2574290
Vordingborg;Havnepladsen 8;H.C;1982;1898;Historicism;Olsens Pakhus. Pakhuset (1898). Fredet 1982.;Havnepladsen 8, Vordingborg, Danmark;55,1241310;12,0420530
Vordingborg;Havnestræde 2, A, B, E;Havnestræde 2, A, B, E (tidl;1982;1856;Historicism;2, 4 B-C, Præstø). Sidehuset langs Havnestræde (1856). Fredet 1982.*;Havnestræde 2, A, B, E, Vordingborg, Danmark;;
Vordingborg;Havnevej 15;Sølyst, Præstø;1982;1858;Historicism;Forhuset (1858). Fredet 1982.;Havnevej 15, Vordingborg, Danmark;55,1233860;12,0405740
Vordingborg;Jomfrustræde 4;Den tidl;1982;1891;Historicism;Tekniske Skole, Præstø. Skolebygningen (1891 af Frederik Wilsbech). Fredet 1982.*;Jomfrustræde 4, Vordingborg, Danmark;55,1233750;12,0462680
Vordingborg;Jomfrustræde 8;Den Borgerlige Velgørenheds Stiftelse, Præstø;1982;1869;Historicism;Forhuset (1869), sidehuset (1870) og muren langs Klosternakken. Fredet 1982.;Jomfrustræde 8, Vordingborg, Danmark;55,1238810;12,0460120
Vordingborg;Klosternakken 1;Klosternakken 1, Præstø;1982;1857;Historicism;Forhus og sidehus (1857). Fredet 1982.*;Klosternakken 1, Vordingborg, Danmark;55,1241340;12,0457550
Vordingborg;Klosternakken 3;Klosternakken 3, Præstø;1982;1857;Historicism;Forhuset (1857 af M.S. Miede). Fredet 1982.;Klosternakken 3, Vordingborg, Danmark;55,1241810;12,0459720
Vordingborg;Klosternakken 5;Klosternakken 5, Præstø;1982;1857;Historicism;Forhuset (1857 af M.S. Miede). Fredet 1982.*;Klosternakken 5, Vordingborg, Danmark;55,1242110;12,0461350
Vordingborg;Kragevigvej 13;Oremandsgårds Husflidsskole;1979;1872;Historicism;Skolebygningen (1872). Fredet 1979.;Kragevigvej 13, Vordingborg, Danmark;55,0728170;12,0976690
Vordingborg;Nordfeldvej 48-56;Nordfeld;1987;1874;Historicism;Hovedbygningen, forvalterboligen med herskabsstald og udhus, gartnerboligen med udhus samt avlsgårdens fire længer (hovedbygningen 1874 af Frederik Wilsbech, avlsgården 1886 af Philip Smidth). Fredet 1987.;Nordfeldvej 48-56, Vordingborg, Danmark;55,0114258;12,3892063
Vordingborg;Petersværft 2;Skovfogedstedet, Petersværft 2;1994;1905;Historicism;Enetages grundmuret beboelseslænge med stråtag samt det grundmurede stråtækte udhus (1905, bolig udvidet 1916, formentlig af Viggo Dahl). Fredet 1994.;Petersværft 2, Vordingborg, Danmark;54,9706210;12,0746100
Vordingborg;Rødeledvej 1;Pottemageriet Rødeled;2002;1897;Historicism;Længen med beboelse og værksted (1897), udhuset (1897), lysthuset (1936), lergraven af beton og brolægningen i gården. Fredet 2002.*;Rødeledvej 1, Vordingborg, Danmark;55,1196600;12,0256910
Vordingborg;Rødkildevej 42 A, D og E;Rødkilde Højskole;1982;1866;Historicism;Hovedbygningen og elevbygningen (1866 af Ludvig Fenger), muren mellem disse samt det ottekantede forsamlingshus (1878 af Povlsen Nørbjerg). Fredet 1982. Udvidet 1986.;Rødkildevej 42 A, D og E, Vordingborg, Danmark;;
Vordingborg;Slotstorvet 5;Det gamle Sprøjtehus;1970;1854;Historicism;Den som sprøjtehus og vagtstue opførte bygning (1854). Fredet 1970.;Slotstorvet 5, Vordingborg, Danmark;55,0076850;11,9102330
Vordingborg;Storegade 39;Stege gamle Rådhus;1971;1853;Historicism;Forhuset (1853-54 af Gottlieb Bindesbøll). Fredet 1971. *;Storegade 39, Vordingborg, Danmark;54,9851170;12,2861220
Vordingborg;Søvej 19;Ore Fyr;2002;1895;Historicism;Fyrtårnet ved Ore Fyr (1895 af Theodor Wedén). Fredet 2002.;Søvej 19, Vordingborg, Danmark;55,0068600;11,8698070
Vordingborg;Torvet 12;Torvet 12, Præstø;1982;1854;Historicism;Forhus (1854) og sidehus (1856, forhøjet 1867). Fredet 1982.*;Torvet 12, Vordingborg, Danmark;55,1235270;12,0444330
Vordingborg;Torvet 23;Torvet 23, Præstø;1982;1853;Historicism;Forhuset (1853 af M.S. Miede) og sidehuset (ca. 1900). Fredet 1982.*;Torvet 23, Vordingborg, Danmark;55,1240870;12,0455280
Vordingborg;Torvet 24;Torvet 24, Præstø;1982;1913;Historicism;Forhuset (1913). Fredet 1982.*;Torvet 24, Vordingborg, Danmark;55,1237630;12,0454830
Vordingborg;Torvet 5;Torvet 5, Præstø;1982;1854;Historicism;Forhuset (1854). Fredet 1982.*;Torvet 5, Vordingborg, Danmark;55,1236140;12,0433610
Vordingborg;Vintersbølle Strand 7;Overlægeboligen ved Vintersbølle Sanatorium;2010;1938;Historicism;Villaen med tilhørende garage og havemur (1938 af arkitekterne Kay Fisker og C.F. Møller). Fredet 2010.*;Vintersbølle Strand 7, Vordingborg, Danmark;54,9998140;11,9532010
Vordingborg;Adelgade 77;Adelgade 77, Præstø;1982;1700;Baroque and rococo;Forhuset (midten af 1700-tallet, forlænget med seks fag ca. 1800, forhøjet 1842, grundmuret i beg. af 1900-tallet). Fredet 1982.*;Adelgade 77, Vordingborg, Danmark;55,1224660;12,0433090
Vordingborg;Kirkepladsen 1 og Dybsbrostræde 1, tidl;Langgade 1;1971;1697;Baroque and rococo;Stege gamle Præstegård. Vest-, syd- og østlængen samt muren mod Dybsbrostræde (1697 og senere). Fredet 1971.*;Kirkepladsen 1 og Dybsbrostræde 1, tidl, Vordingborg, Danmark;;
Vordingborg;Nordgade 7;Nordgade 7, Nyord;1972;1700;Baroque and rococo;Den trelængede gård (1700-tallet). Fredet 1972.*;Nordgade 7, Vordingborg, Danmark;55,0418550;12,1958950
Vordingborg;Nysøvej 1-3;Nysø;1918;1671;Baroque and rococo;Hovedbygningen (1671-73), portalen (1763-85), den gamle lade med hovedindkørslen, de med laden forbundne staldbygninger (ca. 1800), Thorvaldsens værksted i haven (1839 og senere) samt voldgravene. Fredet 1918. Udvidet 1964.*;Nysøvej 1-3, Vordingborg, Danmark;55,1319356;12,0249092
Vordingborg;Petersværft 5 A og 5 B;Skovkuskeboligen og Den gl;1994;1700;Baroque and rococo;Forpagterbolig, Petersværft. Enetages, stråtækt beboelseslænge med grundmurede langsider og bindingsværksgavle (slutningen af 1700-tallet). Fredet 1994.;Petersværft 5 A og 5 B, Vordingborg, Danmark;;
Vordingborg;Spangsvej 174;Udby Præstegård;1944;1700;Baroque and rococo;Det firelængede anlæg (1700-tallet, ca. 1840). Fredet 1944.;Spangsvej 174, Vordingborg, Danmark;55,0759570;11,9481860
Vordingborg;Torvet 20;Torvet 20, Præstø;1982;1744;Baroque and rococo;Forhuset (1744, ombygget 1832). Fredet 1982.*;Torvet 20, Vordingborg, Danmark;55,1237060;12,0452610
Vordingborg;Østergade 9;Østergade 9, Nyord;1972;1700;Baroque and rococo;Den firelængede gård (sydlængen fra 1700-tallet, de øvrige bygninger fra 1800-tallet). Fredet 1972.;Østergade 9, Vordingborg, Danmark;55,0418650;12,1966290
Vordingborg;Billedhuggerstræde 2 (tidl;Ved Stranden 2);1924;;;Hages Gaard (del af). Den vinkelformede bebyggelse, beliggende ud mod Billedhuggerstræde. Fredet 1924.;Billedhuggerstræde 2 (tidl, Vordingborg, Danmark;;